,realtime_start,date,value
0,2000-08-01 00:00:00,1959-01-01 00:00:00,21.47
1,2003-12-23 00:00:00,1959-01-01 00:00:00,
2,2004-01-05 00:00:00,1959-01-01 00:00:00,20.32
3,2004-02-02 00:00:00,1959-01-01 00:00:00,20.315
4,2009-08-04 00:00:00,1959-01-01 00:00:00,
5,2009-08-05 00:00:00,1959-01-01 00:00:00,18.157
6,2011-08-02 00:00:00,1959-01-01 00:00:00,18.166
7,2013-08-02 00:00:00,1959-01-01 00:00:00,17.123
8,2014-08-01 00:00:00,1959-01-01 00:00:00,17.124
9,2018-07-31 00:00:00,1959-01-01 00:00:00,16.074
10,2021-07-30 00:00:00,1959-01-01 00:00:00,16.042
11,2023-09-29 00:00:00,1959-01-01 00:00:00,15.164
12,2000-08-01 00:00:00,1959-02-01 00:00:00,21.48
13,2003-12-23 00:00:00,1959-02-01 00:00:00,
14,2004-01-05 00:00:00,1959-02-01 00:00:00,20.32
15,2004-02-02 00:00:00,1959-02-01 00:00:00,20.315
16,2009-08-04 00:00:00,1959-02-01 00:00:00,
17,2009-08-05 00:00:00,1959-02-01 00:00:00,18.173
18,2011-08-02 00:00:00,1959-02-01 00:00:00,18.181
19,2013-08-02 00:00:00,1959-02-01 00:00:00,17.138
20,2018-07-31 00:00:00,1959-02-01 00:00:00,16.089
21,2021-07-30 00:00:00,1959-02-01 00:00:00,16.057
22,2023-09-29 00:00:00,1959-02-01 00:00:00,15.179
23,2000-08-01 00:00:00,1959-03-01 00:00:00,21.49
24,2003-12-23 00:00:00,1959-03-01 00:00:00,
25,2004-01-05 00:00:00,1959-03-01 00:00:00,20.32
26,2004-02-02 00:00:00,1959-03-01 00:00:00,20.316
27,2009-08-04 00:00:00,1959-03-01 00:00:00,
28,2009-08-05 00:00:00,1959-03-01 00:00:00,18.185
29,2011-08-02 00:00:00,1959-03-01 00:00:00,18.193
30,2013-08-02 00:00:00,1959-03-01 00:00:00,17.149
31,2018-07-31 00:00:00,1959-03-01 00:00:00,16.1
32,2021-07-30 00:00:00,1959-03-01 00:00:00,16.068
33,2023-09-29 00:00:00,1959-03-01 00:00:00,15.189
34,2000-08-01 00:00:00,1959-04-01 00:00:00,21.53
35,2003-12-23 00:00:00,1959-04-01 00:00:00,
36,2004-01-05 00:00:00,1959-04-01 00:00:00,20.35
37,2004-02-02 00:00:00,1959-04-01 00:00:00,20.346
38,2009-08-04 00:00:00,1959-04-01 00:00:00,
39,2009-08-05 00:00:00,1959-04-01 00:00:00,18.221
40,2011-08-02 00:00:00,1959-04-01 00:00:00,18.229
41,2013-08-02 00:00:00,1959-04-01 00:00:00,17.182
42,2014-08-01 00:00:00,1959-04-01 00:00:00,17.183
43,2018-07-31 00:00:00,1959-04-01 00:00:00,16.132
44,2021-07-30 00:00:00,1959-04-01 00:00:00,16.1
45,2023-09-29 00:00:00,1959-04-01 00:00:00,15.219
46,2000-08-01 00:00:00,1959-05-01 00:00:00,21.54
47,2003-12-23 00:00:00,1959-05-01 00:00:00,
48,2004-01-05 00:00:00,1959-05-01 00:00:00,20.35
49,2009-08-04 00:00:00,1959-05-01 00:00:00,
50,2009-08-05 00:00:00,1959-05-01 00:00:00,18.23
51,2011-08-02 00:00:00,1959-05-01 00:00:00,18.238
52,2013-08-02 00:00:00,1959-05-01 00:00:00,17.191
53,2018-07-31 00:00:00,1959-05-01 00:00:00,16.14
54,2021-07-30 00:00:00,1959-05-01 00:00:00,16.109
55,2023-09-29 00:00:00,1959-05-01 00:00:00,15.227
56,2000-08-01 00:00:00,1959-06-01 00:00:00,21.6
57,2003-12-23 00:00:00,1959-06-01 00:00:00,
58,2004-01-05 00:00:00,1959-06-01 00:00:00,20.4
59,2004-02-02 00:00:00,1959-06-01 00:00:00,20.399
60,2009-08-04 00:00:00,1959-06-01 00:00:00,
61,2009-08-05 00:00:00,1959-06-01 00:00:00,18.281
62,2011-08-02 00:00:00,1959-06-01 00:00:00,18.29
63,2013-08-02 00:00:00,1959-06-01 00:00:00,17.239
64,2014-08-01 00:00:00,1959-06-01 00:00:00,17.24
65,2018-07-31 00:00:00,1959-06-01 00:00:00,16.186
66,2021-07-30 00:00:00,1959-06-01 00:00:00,16.155
67,2023-09-29 00:00:00,1959-06-01 00:00:00,15.271
68,2000-08-01 00:00:00,1959-07-01 00:00:00,21.65
69,2003-12-23 00:00:00,1959-07-01 00:00:00,
70,2004-01-05 00:00:00,1959-07-01 00:00:00,20.44
71,2004-02-02 00:00:00,1959-07-01 00:00:00,20.437
72,2009-08-04 00:00:00,1959-07-01 00:00:00,
73,2009-08-05 00:00:00,1959-07-01 00:00:00,18.319
74,2011-08-02 00:00:00,1959-07-01 00:00:00,18.328
75,2013-08-02 00:00:00,1959-07-01 00:00:00,17.275
76,2018-07-31 00:00:00,1959-07-01 00:00:00,16.22
77,2021-07-30 00:00:00,1959-07-01 00:00:00,16.189
78,2023-09-29 00:00:00,1959-07-01 00:00:00,15.303
79,2000-08-01 00:00:00,1959-08-01 00:00:00,21.67
80,2003-12-23 00:00:00,1959-08-01 00:00:00,
81,2004-01-05 00:00:00,1959-08-01 00:00:00,20.46
82,2004-02-02 00:00:00,1959-08-01 00:00:00,20.462
83,2009-08-04 00:00:00,1959-08-01 00:00:00,
84,2009-08-05 00:00:00,1959-08-01 00:00:00,18.346
85,2011-08-02 00:00:00,1959-08-01 00:00:00,18.354
86,2013-08-02 00:00:00,1959-08-01 00:00:00,17.3
87,2018-07-31 00:00:00,1959-08-01 00:00:00,16.244
88,2021-07-30 00:00:00,1959-08-01 00:00:00,16.212
89,2023-09-29 00:00:00,1959-08-01 00:00:00,15.325
90,2000-08-01 00:00:00,1959-09-01 00:00:00,21.73
91,2003-12-23 00:00:00,1959-09-01 00:00:00,
92,2004-01-05 00:00:00,1959-09-01 00:00:00,20.51
93,2004-02-02 00:00:00,1959-09-01 00:00:00,20.512
94,2009-08-04 00:00:00,1959-09-01 00:00:00,
95,2009-08-05 00:00:00,1959-09-01 00:00:00,18.394
96,2011-08-02 00:00:00,1959-09-01 00:00:00,18.402
97,2013-08-02 00:00:00,1959-09-01 00:00:00,17.345
98,2018-07-31 00:00:00,1959-09-01 00:00:00,16.286
99,2021-07-30 00:00:00,1959-09-01 00:00:00,16.255
100,2023-09-29 00:00:00,1959-09-01 00:00:00,15.365
101,2000-08-01 00:00:00,1959-10-01 00:00:00,21.78
102,2003-12-23 00:00:00,1959-10-01 00:00:00,
103,2004-01-05 00:00:00,1959-10-01 00:00:00,20.56
104,2004-02-02 00:00:00,1959-10-01 00:00:00,20.559
105,2009-08-04 00:00:00,1959-10-01 00:00:00,
106,2009-08-05 00:00:00,1959-10-01 00:00:00,18.438
107,2011-08-02 00:00:00,1959-10-01 00:00:00,18.447
108,2013-08-02 00:00:00,1959-10-01 00:00:00,17.387
109,2018-07-31 00:00:00,1959-10-01 00:00:00,16.326
110,2021-07-30 00:00:00,1959-10-01 00:00:00,16.294
111,2023-09-29 00:00:00,1959-10-01 00:00:00,15.402
112,2000-08-01 00:00:00,1959-11-01 00:00:00,21.8
113,2003-12-23 00:00:00,1959-11-01 00:00:00,
114,2004-01-05 00:00:00,1959-11-01 00:00:00,20.57
115,2004-02-02 00:00:00,1959-11-01 00:00:00,20.572
116,2009-08-04 00:00:00,1959-11-01 00:00:00,
117,2009-08-05 00:00:00,1959-11-01 00:00:00,18.45
118,2011-08-02 00:00:00,1959-11-01 00:00:00,18.458
119,2013-08-02 00:00:00,1959-11-01 00:00:00,17.398
120,2018-07-31 00:00:00,1959-11-01 00:00:00,16.336
121,2021-07-30 00:00:00,1959-11-01 00:00:00,16.304
122,2023-09-29 00:00:00,1959-11-01 00:00:00,15.412
123,2000-08-01 00:00:00,1959-12-01 00:00:00,21.83
124,2003-12-23 00:00:00,1959-12-01 00:00:00,
125,2004-01-05 00:00:00,1959-12-01 00:00:00,20.6
126,2004-02-02 00:00:00,1959-12-01 00:00:00,20.598
127,2009-08-04 00:00:00,1959-12-01 00:00:00,
128,2009-08-05 00:00:00,1959-12-01 00:00:00,18.471
129,2011-08-02 00:00:00,1959-12-01 00:00:00,18.479
130,2013-08-02 00:00:00,1959-12-01 00:00:00,17.418
131,2018-07-31 00:00:00,1959-12-01 00:00:00,16.355
132,2021-07-30 00:00:00,1959-12-01 00:00:00,16.323
133,2023-09-29 00:00:00,1959-12-01 00:00:00,15.43
134,2000-08-01 00:00:00,1960-01-01 00:00:00,21.82
135,2003-12-23 00:00:00,1960-01-01 00:00:00,
136,2004-01-05 00:00:00,1960-01-01 00:00:00,20.59
137,2004-02-02 00:00:00,1960-01-01 00:00:00,20.594
138,2009-08-04 00:00:00,1960-01-01 00:00:00,
139,2009-08-05 00:00:00,1960-01-01 00:00:00,18.462
140,2011-08-02 00:00:00,1960-01-01 00:00:00,18.47
141,2013-08-02 00:00:00,1960-01-01 00:00:00,17.409
142,2014-08-01 00:00:00,1960-01-01 00:00:00,17.41
143,2018-07-31 00:00:00,1960-01-01 00:00:00,16.346
144,2021-07-30 00:00:00,1960-01-01 00:00:00,16.314
145,2023-09-29 00:00:00,1960-01-01 00:00:00,15.421
146,2000-08-01 00:00:00,1960-02-01 00:00:00,21.84
147,2003-12-23 00:00:00,1960-02-01 00:00:00,
148,2004-01-05 00:00:00,1960-02-01 00:00:00,20.62
149,2004-02-02 00:00:00,1960-02-01 00:00:00,20.618
150,2009-08-04 00:00:00,1960-02-01 00:00:00,
151,2009-08-05 00:00:00,1960-02-01 00:00:00,18.48
152,2011-08-02 00:00:00,1960-02-01 00:00:00,18.488
153,2013-08-02 00:00:00,1960-02-01 00:00:00,17.427
154,2018-07-31 00:00:00,1960-02-01 00:00:00,16.363
155,2021-07-30 00:00:00,1960-02-01 00:00:00,16.331
156,2023-09-29 00:00:00,1960-02-01 00:00:00,15.437
157,2000-08-01 00:00:00,1960-03-01 00:00:00,21.86
158,2003-12-23 00:00:00,1960-03-01 00:00:00,
159,2004-01-05 00:00:00,1960-03-01 00:00:00,20.64
160,2004-02-02 00:00:00,1960-03-01 00:00:00,20.636
161,2009-08-04 00:00:00,1960-03-01 00:00:00,
162,2009-08-05 00:00:00,1960-03-01 00:00:00,18.491
163,2011-08-02 00:00:00,1960-03-01 00:00:00,18.499
164,2013-08-02 00:00:00,1960-03-01 00:00:00,17.437
165,2018-07-31 00:00:00,1960-03-01 00:00:00,16.372
166,2021-07-30 00:00:00,1960-03-01 00:00:00,16.34
167,2023-09-29 00:00:00,1960-03-01 00:00:00,15.446
168,2000-08-01 00:00:00,1960-04-01 00:00:00,21.94
169,2003-12-23 00:00:00,1960-04-01 00:00:00,
170,2004-01-05 00:00:00,1960-04-01 00:00:00,20.71
171,2004-02-02 00:00:00,1960-04-01 00:00:00,20.711
172,2009-08-04 00:00:00,1960-04-01 00:00:00,
173,2009-08-05 00:00:00,1960-04-01 00:00:00,18.558
174,2011-08-02 00:00:00,1960-04-01 00:00:00,18.566
175,2013-08-02 00:00:00,1960-04-01 00:00:00,17.5
176,2014-08-01 00:00:00,1960-04-01 00:00:00,17.501
177,2018-07-31 00:00:00,1960-04-01 00:00:00,16.432
178,2021-07-30 00:00:00,1960-04-01 00:00:00,16.4
179,2023-09-29 00:00:00,1960-04-01 00:00:00,15.502
180,2000-08-01 00:00:00,1960-05-01 00:00:00,21.96
181,2003-12-23 00:00:00,1960-05-01 00:00:00,
182,2004-01-05 00:00:00,1960-05-01 00:00:00,20.73
183,2004-02-02 00:00:00,1960-05-01 00:00:00,20.734
184,2009-08-04 00:00:00,1960-05-01 00:00:00,
185,2009-08-05 00:00:00,1960-05-01 00:00:00,18.578
186,2011-08-02 00:00:00,1960-05-01 00:00:00,18.586
187,2013-08-02 00:00:00,1960-05-01 00:00:00,17.519
188,2018-07-31 00:00:00,1960-05-01 00:00:00,16.449
189,2021-07-30 00:00:00,1960-05-01 00:00:00,16.417
190,2023-09-29 00:00:00,1960-05-01 00:00:00,15.518
191,2000-08-01 00:00:00,1960-06-01 00:00:00,21.97
192,2003-12-23 00:00:00,1960-06-01 00:00:00,
193,2004-01-05 00:00:00,1960-06-01 00:00:00,20.75
194,2004-02-02 00:00:00,1960-06-01 00:00:00,20.745
195,2009-08-04 00:00:00,1960-06-01 00:00:00,
196,2009-08-05 00:00:00,1960-06-01 00:00:00,18.586
197,2011-08-02 00:00:00,1960-06-01 00:00:00,18.594
198,2013-08-02 00:00:00,1960-06-01 00:00:00,17.527
199,2018-07-31 00:00:00,1960-06-01 00:00:00,16.456
200,2021-07-30 00:00:00,1960-06-01 00:00:00,16.424
201,2023-09-29 00:00:00,1960-06-01 00:00:00,15.525
202,2000-08-01 00:00:00,1960-07-01 00:00:00,22.01
203,2003-12-23 00:00:00,1960-07-01 00:00:00,
204,2004-01-05 00:00:00,1960-07-01 00:00:00,20.78
205,2004-02-02 00:00:00,1960-07-01 00:00:00,20.783
206,2009-08-04 00:00:00,1960-07-01 00:00:00,
207,2009-08-05 00:00:00,1960-07-01 00:00:00,18.62
208,2011-08-02 00:00:00,1960-07-01 00:00:00,18.629
209,2013-08-02 00:00:00,1960-07-01 00:00:00,17.559
210,2018-07-31 00:00:00,1960-07-01 00:00:00,16.485
211,2021-07-30 00:00:00,1960-07-01 00:00:00,16.453
212,2023-09-29 00:00:00,1960-07-01 00:00:00,15.553
213,2000-08-01 00:00:00,1960-08-01 00:00:00,22.05
214,2003-12-23 00:00:00,1960-08-01 00:00:00,
215,2004-01-05 00:00:00,1960-08-01 00:00:00,20.82
216,2009-08-04 00:00:00,1960-08-01 00:00:00,
217,2009-08-05 00:00:00,1960-08-01 00:00:00,18.652
218,2011-08-02 00:00:00,1960-08-01 00:00:00,18.66
219,2013-08-02 00:00:00,1960-08-01 00:00:00,17.589
220,2018-07-31 00:00:00,1960-08-01 00:00:00,16.513
221,2021-07-30 00:00:00,1960-08-01 00:00:00,16.481
222,2023-09-29 00:00:00,1960-08-01 00:00:00,15.579
223,2000-08-01 00:00:00,1960-09-01 00:00:00,22.07
224,2003-12-23 00:00:00,1960-09-01 00:00:00,
225,2004-01-05 00:00:00,1960-09-01 00:00:00,20.83
226,2004-02-02 00:00:00,1960-09-01 00:00:00,20.834
227,2009-08-04 00:00:00,1960-09-01 00:00:00,
228,2009-08-05 00:00:00,1960-09-01 00:00:00,18.663
229,2011-08-02 00:00:00,1960-09-01 00:00:00,18.672
230,2013-08-02 00:00:00,1960-09-01 00:00:00,17.6
231,2018-07-31 00:00:00,1960-09-01 00:00:00,16.523
232,2021-07-30 00:00:00,1960-09-01 00:00:00,16.491
233,2023-09-29 00:00:00,1960-09-01 00:00:00,15.588
234,2000-08-01 00:00:00,1960-10-01 00:00:00,22.09
235,2003-12-23 00:00:00,1960-10-01 00:00:00,
236,2004-01-05 00:00:00,1960-10-01 00:00:00,20.86
237,2009-08-04 00:00:00,1960-10-01 00:00:00,
238,2009-08-05 00:00:00,1960-10-01 00:00:00,18.685
239,2011-08-02 00:00:00,1960-10-01 00:00:00,18.693
240,2013-08-02 00:00:00,1960-10-01 00:00:00,17.62
241,2018-07-31 00:00:00,1960-10-01 00:00:00,16.542
242,2021-07-30 00:00:00,1960-10-01 00:00:00,16.51
243,2023-09-29 00:00:00,1960-10-01 00:00:00,15.606
244,2000-08-01 00:00:00,1960-11-01 00:00:00,22.17
245,2003-12-23 00:00:00,1960-11-01 00:00:00,
246,2004-01-05 00:00:00,1960-11-01 00:00:00,20.93
247,2004-02-02 00:00:00,1960-11-01 00:00:00,20.932
248,2009-08-04 00:00:00,1960-11-01 00:00:00,
249,2009-08-05 00:00:00,1960-11-01 00:00:00,18.748
250,2011-08-02 00:00:00,1960-11-01 00:00:00,18.757
251,2013-08-02 00:00:00,1960-11-01 00:00:00,17.68
252,2018-07-31 00:00:00,1960-11-01 00:00:00,16.598
253,2021-07-30 00:00:00,1960-11-01 00:00:00,16.565
254,2023-09-29 00:00:00,1960-11-01 00:00:00,15.659
255,2000-08-01 00:00:00,1960-12-01 00:00:00,22.18
256,2003-12-23 00:00:00,1960-12-01 00:00:00,
257,2004-01-05 00:00:00,1960-12-01 00:00:00,20.94
258,2004-02-02 00:00:00,1960-12-01 00:00:00,20.936
259,2009-08-04 00:00:00,1960-12-01 00:00:00,
260,2009-08-05 00:00:00,1960-12-01 00:00:00,18.752
261,2011-08-02 00:00:00,1960-12-01 00:00:00,18.76
262,2013-08-02 00:00:00,1960-12-01 00:00:00,17.683
263,2014-08-01 00:00:00,1960-12-01 00:00:00,17.684
264,2018-07-31 00:00:00,1960-12-01 00:00:00,16.601
265,2021-07-30 00:00:00,1960-12-01 00:00:00,16.569
266,2023-09-29 00:00:00,1960-12-01 00:00:00,15.662
267,2000-08-01 00:00:00,1961-01-01 00:00:00,22.18
268,2003-12-23 00:00:00,1961-01-01 00:00:00,
269,2004-01-05 00:00:00,1961-01-01 00:00:00,20.94
270,2004-02-02 00:00:00,1961-01-01 00:00:00,20.937
271,2009-08-04 00:00:00,1961-01-01 00:00:00,
272,2009-08-05 00:00:00,1961-01-01 00:00:00,18.754
273,2011-08-02 00:00:00,1961-01-01 00:00:00,18.763
274,2013-08-02 00:00:00,1961-01-01 00:00:00,17.686
275,2018-07-31 00:00:00,1961-01-01 00:00:00,16.604
276,2021-07-30 00:00:00,1961-01-01 00:00:00,16.571
277,2023-09-29 00:00:00,1961-01-01 00:00:00,15.665
278,2000-08-01 00:00:00,1961-02-01 00:00:00,22.2
279,2003-12-23 00:00:00,1961-02-01 00:00:00,
280,2004-01-05 00:00:00,1961-02-01 00:00:00,20.95
281,2004-02-02 00:00:00,1961-02-01 00:00:00,20.953
282,2009-08-04 00:00:00,1961-02-01 00:00:00,
283,2009-08-05 00:00:00,1961-02-01 00:00:00,18.773
284,2011-08-02 00:00:00,1961-02-01 00:00:00,18.781
285,2013-08-02 00:00:00,1961-02-01 00:00:00,17.703
286,2018-07-31 00:00:00,1961-02-01 00:00:00,16.62
287,2021-07-30 00:00:00,1961-02-01 00:00:00,16.587
288,2023-09-29 00:00:00,1961-02-01 00:00:00,15.679
289,2000-08-01 00:00:00,1961-03-01 00:00:00,22.19
290,2003-12-23 00:00:00,1961-03-01 00:00:00,
291,2004-01-05 00:00:00,1961-03-01 00:00:00,20.94
292,2004-02-02 00:00:00,1961-03-01 00:00:00,20.941
293,2009-08-04 00:00:00,1961-03-01 00:00:00,
294,2009-08-05 00:00:00,1961-03-01 00:00:00,18.762
295,2011-08-02 00:00:00,1961-03-01 00:00:00,18.77
296,2013-08-02 00:00:00,1961-03-01 00:00:00,17.693
297,2018-07-31 00:00:00,1961-03-01 00:00:00,16.61
298,2021-07-30 00:00:00,1961-03-01 00:00:00,16.578
299,2023-09-29 00:00:00,1961-03-01 00:00:00,15.67
300,2000-08-01 00:00:00,1961-04-01 00:00:00,22.17
301,2003-12-23 00:00:00,1961-04-01 00:00:00,
302,2004-01-05 00:00:00,1961-04-01 00:00:00,20.93
303,2004-02-02 00:00:00,1961-04-01 00:00:00,20.928
304,2009-08-04 00:00:00,1961-04-01 00:00:00,
305,2009-08-05 00:00:00,1961-04-01 00:00:00,18.751
306,2011-08-02 00:00:00,1961-04-01 00:00:00,18.76
307,2013-08-02 00:00:00,1961-04-01 00:00:00,17.683
308,2018-07-31 00:00:00,1961-04-01 00:00:00,16.6
309,2021-07-30 00:00:00,1961-04-01 00:00:00,16.568
310,2023-09-29 00:00:00,1961-04-01 00:00:00,15.661
311,2000-08-01 00:00:00,1961-05-01 00:00:00,22.19
312,2003-12-23 00:00:00,1961-05-01 00:00:00,
313,2004-01-05 00:00:00,1961-05-01 00:00:00,20.94
314,2009-08-04 00:00:00,1961-05-01 00:00:00,
315,2009-08-05 00:00:00,1961-05-01 00:00:00,18.762
316,2011-08-02 00:00:00,1961-05-01 00:00:00,18.77
317,2013-08-02 00:00:00,1961-05-01 00:00:00,17.693
318,2018-07-31 00:00:00,1961-05-01 00:00:00,16.609
319,2021-07-30 00:00:00,1961-05-01 00:00:00,16.577
320,2023-09-29 00:00:00,1961-05-01 00:00:00,15.67
321,2000-08-01 00:00:00,1961-06-01 00:00:00,22.2
322,2003-12-23 00:00:00,1961-06-01 00:00:00,
323,2004-01-05 00:00:00,1961-06-01 00:00:00,20.95
324,2004-02-02 00:00:00,1961-06-01 00:00:00,20.951
325,2009-08-04 00:00:00,1961-06-01 00:00:00,
326,2009-08-05 00:00:00,1961-06-01 00:00:00,18.771
327,2011-08-02 00:00:00,1961-06-01 00:00:00,18.78
328,2013-08-02 00:00:00,1961-06-01 00:00:00,17.701
329,2014-08-01 00:00:00,1961-06-01 00:00:00,17.702
330,2018-07-31 00:00:00,1961-06-01 00:00:00,16.617
331,2021-07-30 00:00:00,1961-06-01 00:00:00,16.585
332,2023-09-29 00:00:00,1961-06-01 00:00:00,15.677
333,2000-08-01 00:00:00,1961-07-01 00:00:00,22.24
334,2003-12-23 00:00:00,1961-07-01 00:00:00,
335,2004-01-05 00:00:00,1961-07-01 00:00:00,21.0
336,2004-02-02 00:00:00,1961-07-01 00:00:00,20.996
337,2009-08-04 00:00:00,1961-07-01 00:00:00,
338,2009-08-05 00:00:00,1961-07-01 00:00:00,18.812
339,2011-08-02 00:00:00,1961-07-01 00:00:00,18.82
340,2013-08-02 00:00:00,1961-07-01 00:00:00,17.74
341,2018-07-31 00:00:00,1961-07-01 00:00:00,16.653
342,2021-07-30 00:00:00,1961-07-01 00:00:00,16.621
343,2023-09-29 00:00:00,1961-07-01 00:00:00,15.711
344,2000-08-01 00:00:00,1961-08-01 00:00:00,22.26
345,2003-12-23 00:00:00,1961-08-01 00:00:00,
346,2004-01-05 00:00:00,1961-08-01 00:00:00,21.01
347,2004-02-02 00:00:00,1961-08-01 00:00:00,21.014
348,2009-08-04 00:00:00,1961-08-01 00:00:00,
349,2009-08-05 00:00:00,1961-08-01 00:00:00,18.828
350,2011-08-02 00:00:00,1961-08-01 00:00:00,18.836
351,2013-08-02 00:00:00,1961-08-01 00:00:00,17.755
352,2018-07-31 00:00:00,1961-08-01 00:00:00,16.667
353,2021-07-30 00:00:00,1961-08-01 00:00:00,16.635
354,2023-09-29 00:00:00,1961-08-01 00:00:00,15.724
355,2000-08-01 00:00:00,1961-09-01 00:00:00,22.29
356,2003-12-23 00:00:00,1961-09-01 00:00:00,
357,2004-01-05 00:00:00,1961-09-01 00:00:00,21.04
358,2004-02-02 00:00:00,1961-09-01 00:00:00,21.039
359,2009-08-04 00:00:00,1961-09-01 00:00:00,
360,2009-08-05 00:00:00,1961-09-01 00:00:00,18.85
361,2011-08-02 00:00:00,1961-09-01 00:00:00,18.858
362,2013-08-02 00:00:00,1961-09-01 00:00:00,17.776
363,2018-07-31 00:00:00,1961-09-01 00:00:00,16.686
364,2021-07-30 00:00:00,1961-09-01 00:00:00,16.654
365,2023-09-29 00:00:00,1961-09-01 00:00:00,15.742
366,2000-08-01 00:00:00,1961-10-01 00:00:00,22.28
367,2003-12-23 00:00:00,1961-10-01 00:00:00,
368,2004-01-05 00:00:00,1961-10-01 00:00:00,21.04
369,2004-02-02 00:00:00,1961-10-01 00:00:00,21.035
370,2009-08-04 00:00:00,1961-10-01 00:00:00,
371,2009-08-05 00:00:00,1961-10-01 00:00:00,18.848
372,2011-08-02 00:00:00,1961-10-01 00:00:00,18.857
373,2013-08-02 00:00:00,1961-10-01 00:00:00,17.774
374,2018-07-31 00:00:00,1961-10-01 00:00:00,16.685
375,2021-07-30 00:00:00,1961-10-01 00:00:00,16.652
376,2023-09-29 00:00:00,1961-10-01 00:00:00,15.741
377,2000-08-01 00:00:00,1961-11-01 00:00:00,22.29
378,2003-12-23 00:00:00,1961-11-01 00:00:00,
379,2004-01-05 00:00:00,1961-11-01 00:00:00,21.04
380,2004-02-02 00:00:00,1961-11-01 00:00:00,21.037
381,2009-08-04 00:00:00,1961-11-01 00:00:00,
382,2009-08-05 00:00:00,1961-11-01 00:00:00,18.85
383,2011-08-02 00:00:00,1961-11-01 00:00:00,18.859
384,2013-08-02 00:00:00,1961-11-01 00:00:00,17.776
385,2018-07-31 00:00:00,1961-11-01 00:00:00,16.686
386,2021-07-30 00:00:00,1961-11-01 00:00:00,16.653
387,2023-09-29 00:00:00,1961-11-01 00:00:00,15.742
388,2000-08-01 00:00:00,1961-12-01 00:00:00,22.29
389,2003-12-23 00:00:00,1961-12-01 00:00:00,
390,2004-01-05 00:00:00,1961-12-01 00:00:00,21.04
391,2004-02-02 00:00:00,1961-12-01 00:00:00,21.044
392,2009-08-04 00:00:00,1961-12-01 00:00:00,
393,2009-08-05 00:00:00,1961-12-01 00:00:00,18.856
394,2011-08-02 00:00:00,1961-12-01 00:00:00,18.864
395,2013-08-02 00:00:00,1961-12-01 00:00:00,17.781
396,2018-07-31 00:00:00,1961-12-01 00:00:00,16.69
397,2021-07-30 00:00:00,1961-12-01 00:00:00,16.658
398,2023-09-29 00:00:00,1961-12-01 00:00:00,15.746
399,2000-08-01 00:00:00,1962-01-01 00:00:00,22.33
400,2003-12-23 00:00:00,1962-01-01 00:00:00,
401,2004-01-05 00:00:00,1962-01-01 00:00:00,21.08
402,2004-02-02 00:00:00,1962-01-01 00:00:00,21.083
403,2009-08-04 00:00:00,1962-01-01 00:00:00,
404,2009-08-05 00:00:00,1962-01-01 00:00:00,18.892
405,2011-08-02 00:00:00,1962-01-01 00:00:00,18.901
406,2013-08-02 00:00:00,1962-01-01 00:00:00,17.816
407,2018-07-31 00:00:00,1962-01-01 00:00:00,16.721
408,2021-07-30 00:00:00,1962-01-01 00:00:00,16.689
409,2023-09-29 00:00:00,1962-01-01 00:00:00,15.776
410,2000-08-01 00:00:00,1962-02-01 00:00:00,22.39
411,2003-12-23 00:00:00,1962-02-01 00:00:00,
412,2004-01-05 00:00:00,1962-02-01 00:00:00,21.14
413,2009-08-04 00:00:00,1962-02-01 00:00:00,
414,2009-08-05 00:00:00,1962-02-01 00:00:00,18.943
415,2011-08-02 00:00:00,1962-02-01 00:00:00,18.952
416,2013-08-02 00:00:00,1962-02-01 00:00:00,17.864
417,2018-07-31 00:00:00,1962-02-01 00:00:00,16.767
418,2021-07-30 00:00:00,1962-02-01 00:00:00,16.734
419,2023-09-29 00:00:00,1962-02-01 00:00:00,15.818
420,2000-08-01 00:00:00,1962-03-01 00:00:00,22.42
421,2003-12-23 00:00:00,1962-03-01 00:00:00,
422,2004-01-05 00:00:00,1962-03-01 00:00:00,21.17
423,2004-02-02 00:00:00,1962-03-01 00:00:00,21.169
424,2009-08-04 00:00:00,1962-03-01 00:00:00,
425,2009-08-05 00:00:00,1962-03-01 00:00:00,18.967
426,2011-08-02 00:00:00,1962-03-01 00:00:00,18.976
427,2013-08-02 00:00:00,1962-03-01 00:00:00,17.886
428,2014-08-01 00:00:00,1962-03-01 00:00:00,17.887
429,2018-07-31 00:00:00,1962-03-01 00:00:00,16.789
430,2021-07-30 00:00:00,1962-03-01 00:00:00,16.756
431,2023-09-29 00:00:00,1962-03-01 00:00:00,15.839
432,2000-08-01 00:00:00,1962-04-01 00:00:00,22.45
433,2003-12-23 00:00:00,1962-04-01 00:00:00,
434,2004-01-05 00:00:00,1962-04-01 00:00:00,21.2
435,2004-02-02 00:00:00,1962-04-01 00:00:00,21.197
436,2009-08-04 00:00:00,1962-04-01 00:00:00,
437,2009-08-05 00:00:00,1962-04-01 00:00:00,18.989
438,2011-08-02 00:00:00,1962-04-01 00:00:00,18.998
439,2013-08-02 00:00:00,1962-04-01 00:00:00,17.907
440,2018-07-31 00:00:00,1962-04-01 00:00:00,16.808
441,2021-07-30 00:00:00,1962-04-01 00:00:00,16.775
442,2023-09-29 00:00:00,1962-04-01 00:00:00,15.857
443,2000-08-01 00:00:00,1962-05-01 00:00:00,22.47
444,2003-12-23 00:00:00,1962-05-01 00:00:00,
445,2004-01-05 00:00:00,1962-05-01 00:00:00,21.21
446,2009-08-04 00:00:00,1962-05-01 00:00:00,
447,2009-08-05 00:00:00,1962-05-01 00:00:00,19.001
448,2011-08-02 00:00:00,1962-05-01 00:00:00,19.009
449,2013-08-02 00:00:00,1962-05-01 00:00:00,17.918
450,2018-07-31 00:00:00,1962-05-01 00:00:00,16.818
451,2021-07-30 00:00:00,1962-05-01 00:00:00,16.786
452,2023-09-29 00:00:00,1962-05-01 00:00:00,15.867
453,2000-08-01 00:00:00,1962-06-01 00:00:00,22.48
454,2003-12-23 00:00:00,1962-06-01 00:00:00,
455,2004-01-05 00:00:00,1962-06-01 00:00:00,21.22
456,2004-02-02 00:00:00,1962-06-01 00:00:00,21.219
457,2009-08-04 00:00:00,1962-06-01 00:00:00,
458,2009-08-05 00:00:00,1962-06-01 00:00:00,19.013
459,2011-08-02 00:00:00,1962-06-01 00:00:00,19.021
460,2013-08-02 00:00:00,1962-06-01 00:00:00,17.929
461,2018-07-31 00:00:00,1962-06-01 00:00:00,16.829
462,2021-07-30 00:00:00,1962-06-01 00:00:00,16.796
463,2023-09-29 00:00:00,1962-06-01 00:00:00,15.877
464,2000-08-01 00:00:00,1962-07-01 00:00:00,22.46
465,2003-12-23 00:00:00,1962-07-01 00:00:00,
466,2004-01-05 00:00:00,1962-07-01 00:00:00,21.21
467,2004-02-02 00:00:00,1962-07-01 00:00:00,21.207
468,2009-08-04 00:00:00,1962-07-01 00:00:00,
469,2009-08-05 00:00:00,1962-07-01 00:00:00,19.001
470,2011-08-02 00:00:00,1962-07-01 00:00:00,19.01
471,2013-08-02 00:00:00,1962-07-01 00:00:00,17.918
472,2014-08-01 00:00:00,1962-07-01 00:00:00,17.919
473,2018-07-31 00:00:00,1962-07-01 00:00:00,16.819
474,2021-07-30 00:00:00,1962-07-01 00:00:00,16.787
475,2023-09-29 00:00:00,1962-07-01 00:00:00,15.868
476,2000-08-01 00:00:00,1962-08-01 00:00:00,22.5
477,2003-12-23 00:00:00,1962-08-01 00:00:00,
478,2004-01-05 00:00:00,1962-08-01 00:00:00,21.24
479,2004-02-02 00:00:00,1962-08-01 00:00:00,21.238
480,2009-08-04 00:00:00,1962-08-01 00:00:00,
481,2009-08-05 00:00:00,1962-08-01 00:00:00,19.028
482,2011-08-02 00:00:00,1962-08-01 00:00:00,19.037
483,2013-08-02 00:00:00,1962-08-01 00:00:00,17.943
484,2014-08-01 00:00:00,1962-08-01 00:00:00,17.944
485,2018-07-31 00:00:00,1962-08-01 00:00:00,16.844
486,2021-07-30 00:00:00,1962-08-01 00:00:00,16.811
487,2023-09-29 00:00:00,1962-08-01 00:00:00,15.891
488,2000-08-01 00:00:00,1962-09-01 00:00:00,22.61
489,2003-12-23 00:00:00,1962-09-01 00:00:00,
490,2004-01-05 00:00:00,1962-09-01 00:00:00,21.34
491,2004-02-02 00:00:00,1962-09-01 00:00:00,21.343
492,2009-08-04 00:00:00,1962-09-01 00:00:00,
493,2009-08-05 00:00:00,1962-09-01 00:00:00,19.12
494,2011-08-02 00:00:00,1962-09-01 00:00:00,19.129
495,2013-08-02 00:00:00,1962-09-01 00:00:00,18.031
496,2018-07-31 00:00:00,1962-09-01 00:00:00,16.927
497,2021-07-30 00:00:00,1962-09-01 00:00:00,16.894
498,2023-09-29 00:00:00,1962-09-01 00:00:00,15.969
499,2000-08-01 00:00:00,1962-10-01 00:00:00,22.59
500,2003-12-23 00:00:00,1962-10-01 00:00:00,
501,2004-01-05 00:00:00,1962-10-01 00:00:00,21.32
502,2004-02-02 00:00:00,1962-10-01 00:00:00,21.319
503,2009-08-04 00:00:00,1962-10-01 00:00:00,
504,2009-08-05 00:00:00,1962-10-01 00:00:00,19.1
505,2011-08-02 00:00:00,1962-10-01 00:00:00,19.108
506,2013-08-02 00:00:00,1962-10-01 00:00:00,18.011
507,2018-07-31 00:00:00,1962-10-01 00:00:00,16.909
508,2021-07-30 00:00:00,1962-10-01 00:00:00,16.876
509,2023-09-29 00:00:00,1962-10-01 00:00:00,15.953
510,2000-08-01 00:00:00,1962-11-01 00:00:00,22.6
511,2003-12-23 00:00:00,1962-11-01 00:00:00,
512,2004-01-05 00:00:00,1962-11-01 00:00:00,21.33
513,2004-02-02 00:00:00,1962-11-01 00:00:00,21.332
514,2009-08-04 00:00:00,1962-11-01 00:00:00,
515,2009-08-05 00:00:00,1962-11-01 00:00:00,19.114
516,2011-08-02 00:00:00,1962-11-01 00:00:00,19.122
517,2013-08-02 00:00:00,1962-11-01 00:00:00,18.024
518,2014-08-01 00:00:00,1962-11-01 00:00:00,18.025
519,2018-07-31 00:00:00,1962-11-01 00:00:00,16.922
520,2021-07-30 00:00:00,1962-11-01 00:00:00,16.889
521,2023-09-29 00:00:00,1962-11-01 00:00:00,15.964
522,2000-08-01 00:00:00,1962-12-01 00:00:00,22.59
523,2003-12-23 00:00:00,1962-12-01 00:00:00,
524,2004-01-05 00:00:00,1962-12-01 00:00:00,21.32
525,2004-02-02 00:00:00,1962-12-01 00:00:00,21.324
526,2009-08-04 00:00:00,1962-12-01 00:00:00,
527,2009-08-05 00:00:00,1962-12-01 00:00:00,19.106
528,2011-08-02 00:00:00,1962-12-01 00:00:00,19.115
529,2013-08-02 00:00:00,1962-12-01 00:00:00,18.017
530,2014-08-01 00:00:00,1962-12-01 00:00:00,18.018
531,2018-07-31 00:00:00,1962-12-01 00:00:00,16.914
532,2021-07-30 00:00:00,1962-12-01 00:00:00,16.882
533,2023-09-29 00:00:00,1962-12-01 00:00:00,15.958
534,2000-08-01 00:00:00,1963-01-01 00:00:00,22.65
535,2003-12-23 00:00:00,1963-01-01 00:00:00,
536,2004-01-05 00:00:00,1963-01-01 00:00:00,21.38
537,2004-02-02 00:00:00,1963-01-01 00:00:00,21.377
538,2009-08-04 00:00:00,1963-01-01 00:00:00,
539,2009-08-05 00:00:00,1963-01-01 00:00:00,19.154
540,2011-08-02 00:00:00,1963-01-01 00:00:00,19.163
541,2013-08-02 00:00:00,1963-01-01 00:00:00,18.062
542,2014-08-01 00:00:00,1963-01-01 00:00:00,18.063
543,2018-07-31 00:00:00,1963-01-01 00:00:00,16.956
544,2021-07-30 00:00:00,1963-01-01 00:00:00,16.923
545,2023-09-29 00:00:00,1963-01-01 00:00:00,15.997
546,2000-08-01 00:00:00,1963-02-01 00:00:00,22.67
547,2003-12-23 00:00:00,1963-02-01 00:00:00,
548,2004-01-05 00:00:00,1963-02-01 00:00:00,21.4
549,2004-02-02 00:00:00,1963-02-01 00:00:00,21.399
550,2009-08-04 00:00:00,1963-02-01 00:00:00,
551,2009-08-05 00:00:00,1963-02-01 00:00:00,19.172
552,2011-08-02 00:00:00,1963-02-01 00:00:00,19.181
553,2013-08-02 00:00:00,1963-02-01 00:00:00,18.08
554,2018-07-31 00:00:00,1963-02-01 00:00:00,16.974
555,2021-07-30 00:00:00,1963-02-01 00:00:00,16.941
556,2023-09-29 00:00:00,1963-02-01 00:00:00,16.014
557,2000-08-01 00:00:00,1963-03-01 00:00:00,22.65
558,2003-12-23 00:00:00,1963-03-01 00:00:00,
559,2004-01-05 00:00:00,1963-03-01 00:00:00,21.38
560,2004-02-02 00:00:00,1963-03-01 00:00:00,21.381
561,2009-08-04 00:00:00,1963-03-01 00:00:00,
562,2009-08-05 00:00:00,1963-03-01 00:00:00,19.156
563,2011-08-02 00:00:00,1963-03-01 00:00:00,19.165
564,2013-08-02 00:00:00,1963-03-01 00:00:00,18.064
565,2014-08-01 00:00:00,1963-03-01 00:00:00,18.065
566,2018-07-31 00:00:00,1963-03-01 00:00:00,16.961
567,2021-07-30 00:00:00,1963-03-01 00:00:00,16.928
568,2023-09-29 00:00:00,1963-03-01 00:00:00,16.001
569,2000-08-01 00:00:00,1963-04-01 00:00:00,22.65
570,2003-12-23 00:00:00,1963-04-01 00:00:00,
571,2004-01-05 00:00:00,1963-04-01 00:00:00,21.38
572,2004-02-02 00:00:00,1963-04-01 00:00:00,21.379
573,2009-08-04 00:00:00,1963-04-01 00:00:00,
574,2009-08-05 00:00:00,1963-04-01 00:00:00,19.154
575,2011-08-02 00:00:00,1963-04-01 00:00:00,19.163
576,2013-08-02 00:00:00,1963-04-01 00:00:00,18.063
577,2018-07-31 00:00:00,1963-04-01 00:00:00,16.96
578,2021-07-30 00:00:00,1963-04-01 00:00:00,16.927
579,2023-09-29 00:00:00,1963-04-01 00:00:00,16.0
580,2000-08-01 00:00:00,1963-05-01 00:00:00,22.68
581,2003-12-23 00:00:00,1963-05-01 00:00:00,
582,2004-01-05 00:00:00,1963-05-01 00:00:00,21.41
583,2004-02-02 00:00:00,1963-05-01 00:00:00,21.412
584,2009-08-04 00:00:00,1963-05-01 00:00:00,
585,2009-08-05 00:00:00,1963-05-01 00:00:00,19.184
586,2011-08-02 00:00:00,1963-05-01 00:00:00,19.193
587,2013-08-02 00:00:00,1963-05-01 00:00:00,18.091
588,2018-07-31 00:00:00,1963-05-01 00:00:00,16.987
589,2021-07-30 00:00:00,1963-05-01 00:00:00,16.954
590,2023-09-29 00:00:00,1963-05-01 00:00:00,16.026
591,2000-08-01 00:00:00,1963-06-01 00:00:00,22.73
592,2003-12-23 00:00:00,1963-06-01 00:00:00,
593,2004-01-05 00:00:00,1963-06-01 00:00:00,21.46
594,2004-02-02 00:00:00,1963-06-01 00:00:00,21.457
595,2009-08-04 00:00:00,1963-06-01 00:00:00,
596,2009-08-05 00:00:00,1963-06-01 00:00:00,19.226
597,2011-08-02 00:00:00,1963-06-01 00:00:00,19.235
598,2013-08-02 00:00:00,1963-06-01 00:00:00,18.13
599,2014-08-01 00:00:00,1963-06-01 00:00:00,18.131
600,2018-07-31 00:00:00,1963-06-01 00:00:00,17.024
601,2021-07-30 00:00:00,1963-06-01 00:00:00,16.991
602,2023-09-29 00:00:00,1963-06-01 00:00:00,16.061
603,2000-08-01 00:00:00,1963-07-01 00:00:00,22.77
604,2003-12-23 00:00:00,1963-07-01 00:00:00,
605,2004-01-05 00:00:00,1963-07-01 00:00:00,21.5
606,2009-08-04 00:00:00,1963-07-01 00:00:00,
607,2009-08-05 00:00:00,1963-07-01 00:00:00,19.263
608,2011-08-02 00:00:00,1963-07-01 00:00:00,19.272
609,2013-08-02 00:00:00,1963-07-01 00:00:00,18.166
610,2018-07-31 00:00:00,1963-07-01 00:00:00,17.058
611,2021-07-30 00:00:00,1963-07-01 00:00:00,17.025
612,2023-09-29 00:00:00,1963-07-01 00:00:00,16.093
613,2000-08-01 00:00:00,1963-08-01 00:00:00,22.8
614,2003-12-23 00:00:00,1963-08-01 00:00:00,
615,2004-01-05 00:00:00,1963-08-01 00:00:00,21.53
616,2004-02-02 00:00:00,1963-08-01 00:00:00,21.528
617,2009-08-04 00:00:00,1963-08-01 00:00:00,
618,2009-08-05 00:00:00,1963-08-01 00:00:00,19.289
619,2011-08-02 00:00:00,1963-08-01 00:00:00,19.298
620,2013-08-02 00:00:00,1963-08-01 00:00:00,18.19
621,2018-07-31 00:00:00,1963-08-01 00:00:00,17.081
622,2021-07-30 00:00:00,1963-08-01 00:00:00,17.048
623,2023-09-29 00:00:00,1963-08-01 00:00:00,16.115
624,2000-08-01 00:00:00,1963-09-01 00:00:00,22.8
625,2003-12-23 00:00:00,1963-09-01 00:00:00,
626,2004-01-05 00:00:00,1963-09-01 00:00:00,21.53
627,2004-02-02 00:00:00,1963-09-01 00:00:00,21.527
628,2009-08-04 00:00:00,1963-09-01 00:00:00,
629,2009-08-05 00:00:00,1963-09-01 00:00:00,19.285
630,2011-08-02 00:00:00,1963-09-01 00:00:00,19.294
631,2013-08-02 00:00:00,1963-09-01 00:00:00,18.186
632,2014-08-01 00:00:00,1963-09-01 00:00:00,18.187
633,2018-07-31 00:00:00,1963-09-01 00:00:00,17.078
634,2021-07-30 00:00:00,1963-09-01 00:00:00,17.044
635,2023-09-29 00:00:00,1963-09-01 00:00:00,16.112
636,2000-08-01 00:00:00,1963-10-01 00:00:00,22.84
637,2003-12-23 00:00:00,1963-10-01 00:00:00,
638,2004-01-05 00:00:00,1963-10-01 00:00:00,21.57
639,2004-02-02 00:00:00,1963-10-01 00:00:00,21.566
640,2009-08-04 00:00:00,1963-10-01 00:00:00,
641,2009-08-05 00:00:00,1963-10-01 00:00:00,19.323
642,2011-08-02 00:00:00,1963-10-01 00:00:00,19.332
643,2013-08-02 00:00:00,1963-10-01 00:00:00,18.222
644,2018-07-31 00:00:00,1963-10-01 00:00:00,17.111
645,2021-07-30 00:00:00,1963-10-01 00:00:00,17.078
646,2023-09-29 00:00:00,1963-10-01 00:00:00,16.143
647,2000-08-01 00:00:00,1963-11-01 00:00:00,22.88
648,2003-12-23 00:00:00,1963-11-01 00:00:00,
649,2004-01-05 00:00:00,1963-11-01 00:00:00,21.6
650,2004-02-02 00:00:00,1963-11-01 00:00:00,21.599
651,2009-08-04 00:00:00,1963-11-01 00:00:00,
652,2009-08-05 00:00:00,1963-11-01 00:00:00,19.35
653,2011-08-02 00:00:00,1963-11-01 00:00:00,19.359
654,2013-08-02 00:00:00,1963-11-01 00:00:00,18.248
655,2018-07-31 00:00:00,1963-11-01 00:00:00,17.135
656,2021-07-30 00:00:00,1963-11-01 00:00:00,17.102
657,2023-09-29 00:00:00,1963-11-01 00:00:00,16.166
658,2000-08-01 00:00:00,1963-12-01 00:00:00,22.9
659,2003-12-23 00:00:00,1963-12-01 00:00:00,
660,2004-01-05 00:00:00,1963-12-01 00:00:00,21.62
661,2004-02-02 00:00:00,1963-12-01 00:00:00,21.622
662,2009-08-04 00:00:00,1963-12-01 00:00:00,
663,2009-08-05 00:00:00,1963-12-01 00:00:00,19.381
664,2011-08-02 00:00:00,1963-12-01 00:00:00,19.389
665,2013-08-02 00:00:00,1963-12-01 00:00:00,18.276
666,2018-07-31 00:00:00,1963-12-01 00:00:00,17.161
667,2021-07-30 00:00:00,1963-12-01 00:00:00,17.127
668,2023-09-29 00:00:00,1963-12-01 00:00:00,16.19
669,2000-08-01 00:00:00,1964-01-01 00:00:00,22.95
670,2003-12-23 00:00:00,1964-01-01 00:00:00,
671,2004-01-05 00:00:00,1964-01-01 00:00:00,21.67
672,2004-02-02 00:00:00,1964-01-01 00:00:00,21.671
673,2009-08-04 00:00:00,1964-01-01 00:00:00,
674,2009-08-05 00:00:00,1964-01-01 00:00:00,19.421
675,2011-08-02 00:00:00,1964-01-01 00:00:00,19.43
676,2013-08-02 00:00:00,1964-01-01 00:00:00,18.314
677,2018-07-31 00:00:00,1964-01-01 00:00:00,17.197
678,2021-07-30 00:00:00,1964-01-01 00:00:00,17.163
679,2023-09-29 00:00:00,1964-01-01 00:00:00,16.224
680,2000-08-01 00:00:00,1964-02-01 00:00:00,22.98
681,2003-12-23 00:00:00,1964-02-01 00:00:00,
682,2004-01-05 00:00:00,1964-02-01 00:00:00,21.7
683,2004-02-02 00:00:00,1964-02-01 00:00:00,21.702
684,2009-08-04 00:00:00,1964-02-01 00:00:00,
685,2009-08-05 00:00:00,1964-02-01 00:00:00,19.45
686,2011-08-02 00:00:00,1964-02-01 00:00:00,19.459
687,2013-08-02 00:00:00,1964-02-01 00:00:00,18.341
688,2014-08-01 00:00:00,1964-02-01 00:00:00,18.342
689,2018-07-31 00:00:00,1964-02-01 00:00:00,17.221
690,2021-07-30 00:00:00,1964-02-01 00:00:00,17.188
691,2023-09-29 00:00:00,1964-02-01 00:00:00,16.247
692,2000-08-01 00:00:00,1964-03-01 00:00:00,23.0
693,2003-12-23 00:00:00,1964-03-01 00:00:00,
694,2004-01-05 00:00:00,1964-03-01 00:00:00,21.72
695,2004-02-02 00:00:00,1964-03-01 00:00:00,21.718
696,2009-08-04 00:00:00,1964-03-01 00:00:00,
697,2009-08-05 00:00:00,1964-03-01 00:00:00,19.462
698,2011-08-02 00:00:00,1964-03-01 00:00:00,19.471
699,2013-08-02 00:00:00,1964-03-01 00:00:00,18.353
700,2018-07-31 00:00:00,1964-03-01 00:00:00,17.231
701,2021-07-30 00:00:00,1964-03-01 00:00:00,17.198
702,2023-09-29 00:00:00,1964-03-01 00:00:00,16.257
703,2000-08-01 00:00:00,1964-04-01 00:00:00,23.01
704,2003-12-23 00:00:00,1964-04-01 00:00:00,
705,2004-01-05 00:00:00,1964-04-01 00:00:00,21.73
706,2004-02-02 00:00:00,1964-04-01 00:00:00,21.732
707,2009-08-04 00:00:00,1964-04-01 00:00:00,
708,2009-08-05 00:00:00,1964-04-01 00:00:00,19.478
709,2011-08-02 00:00:00,1964-04-01 00:00:00,19.487
710,2013-08-02 00:00:00,1964-04-01 00:00:00,18.368
711,2018-07-31 00:00:00,1964-04-01 00:00:00,17.245
712,2021-07-30 00:00:00,1964-04-01 00:00:00,17.211
713,2023-09-29 00:00:00,1964-04-01 00:00:00,16.269
714,2000-08-01 00:00:00,1964-05-01 00:00:00,23.01
715,2003-12-23 00:00:00,1964-05-01 00:00:00,
716,2004-01-05 00:00:00,1964-05-01 00:00:00,21.74
717,2004-02-02 00:00:00,1964-05-01 00:00:00,21.735
718,2009-08-04 00:00:00,1964-05-01 00:00:00,
719,2009-08-05 00:00:00,1964-05-01 00:00:00,19.48
720,2011-08-02 00:00:00,1964-05-01 00:00:00,19.489
721,2013-08-02 00:00:00,1964-05-01 00:00:00,18.37
722,2018-07-31 00:00:00,1964-05-01 00:00:00,17.246
723,2021-07-30 00:00:00,1964-05-01 00:00:00,17.213
724,2023-09-29 00:00:00,1964-05-01 00:00:00,16.271
725,2000-08-01 00:00:00,1964-06-01 00:00:00,23.04
726,2003-12-23 00:00:00,1964-06-01 00:00:00,
727,2004-01-05 00:00:00,1964-06-01 00:00:00,21.77
728,2004-02-02 00:00:00,1964-06-01 00:00:00,21.766
729,2009-08-04 00:00:00,1964-06-01 00:00:00,
730,2009-08-05 00:00:00,1964-06-01 00:00:00,19.508
731,2011-08-02 00:00:00,1964-06-01 00:00:00,19.517
732,2013-08-02 00:00:00,1964-06-01 00:00:00,18.396
733,2014-08-01 00:00:00,1964-06-01 00:00:00,18.397
734,2018-07-31 00:00:00,1964-06-01 00:00:00,17.271
735,2021-07-30 00:00:00,1964-06-01 00:00:00,17.237
736,2023-09-29 00:00:00,1964-06-01 00:00:00,16.294
737,2000-08-01 00:00:00,1964-07-01 00:00:00,23.07
738,2003-12-23 00:00:00,1964-07-01 00:00:00,
739,2004-01-05 00:00:00,1964-07-01 00:00:00,21.79
740,2004-02-02 00:00:00,1964-07-01 00:00:00,21.792
741,2009-08-04 00:00:00,1964-07-01 00:00:00,
742,2009-08-05 00:00:00,1964-07-01 00:00:00,19.534
743,2011-08-02 00:00:00,1964-07-01 00:00:00,19.543
744,2013-08-02 00:00:00,1964-07-01 00:00:00,18.42
745,2014-08-01 00:00:00,1964-07-01 00:00:00,18.421
746,2018-07-31 00:00:00,1964-07-01 00:00:00,17.293
747,2021-07-30 00:00:00,1964-07-01 00:00:00,17.259
748,2023-09-29 00:00:00,1964-07-01 00:00:00,16.315
749,2000-08-01 00:00:00,1964-08-01 00:00:00,23.09
750,2003-12-23 00:00:00,1964-08-01 00:00:00,
751,2004-01-05 00:00:00,1964-08-01 00:00:00,21.81
752,2009-08-04 00:00:00,1964-08-01 00:00:00,
753,2009-08-05 00:00:00,1964-08-01 00:00:00,19.55
754,2011-08-02 00:00:00,1964-08-01 00:00:00,19.559
755,2013-08-02 00:00:00,1964-08-01 00:00:00,18.436
756,2018-07-31 00:00:00,1964-08-01 00:00:00,17.306
757,2021-07-30 00:00:00,1964-08-01 00:00:00,17.273
758,2023-09-29 00:00:00,1964-08-01 00:00:00,16.327
759,2000-08-01 00:00:00,1964-09-01 00:00:00,23.13
760,2003-12-23 00:00:00,1964-09-01 00:00:00,
761,2004-01-05 00:00:00,1964-09-01 00:00:00,21.84
762,2004-02-02 00:00:00,1964-09-01 00:00:00,21.843
763,2009-08-04 00:00:00,1964-09-01 00:00:00,
764,2009-08-05 00:00:00,1964-09-01 00:00:00,19.58
765,2011-08-02 00:00:00,1964-09-01 00:00:00,19.589
766,2013-08-02 00:00:00,1964-09-01 00:00:00,18.464
767,2018-07-31 00:00:00,1964-09-01 00:00:00,17.333
768,2021-07-30 00:00:00,1964-09-01 00:00:00,17.299
769,2023-09-29 00:00:00,1964-09-01 00:00:00,16.352
770,2000-08-01 00:00:00,1964-10-01 00:00:00,23.14
771,2003-12-23 00:00:00,1964-10-01 00:00:00,
772,2004-01-05 00:00:00,1964-10-01 00:00:00,21.86
773,2004-02-02 00:00:00,1964-10-01 00:00:00,21.859
774,2009-08-04 00:00:00,1964-10-01 00:00:00,
775,2009-08-05 00:00:00,1964-10-01 00:00:00,19.593
776,2011-08-02 00:00:00,1964-10-01 00:00:00,19.602
777,2013-08-02 00:00:00,1964-10-01 00:00:00,18.476
778,2014-08-01 00:00:00,1964-10-01 00:00:00,18.477
779,2018-07-31 00:00:00,1964-10-01 00:00:00,17.343
780,2021-07-30 00:00:00,1964-10-01 00:00:00,17.31
781,2023-09-29 00:00:00,1964-10-01 00:00:00,16.362
782,2000-08-01 00:00:00,1964-11-01 00:00:00,23.18
783,2003-12-23 00:00:00,1964-11-01 00:00:00,
784,2004-01-05 00:00:00,1964-11-01 00:00:00,21.89
785,2004-02-02 00:00:00,1964-11-01 00:00:00,21.888
786,2009-08-04 00:00:00,1964-11-01 00:00:00,
787,2009-08-05 00:00:00,1964-11-01 00:00:00,19.62
788,2011-08-02 00:00:00,1964-11-01 00:00:00,19.629
789,2013-08-02 00:00:00,1964-11-01 00:00:00,18.502
790,2018-07-31 00:00:00,1964-11-01 00:00:00,17.368
791,2021-07-30 00:00:00,1964-11-01 00:00:00,17.334
792,2023-09-29 00:00:00,1964-11-01 00:00:00,16.385
793,2000-08-01 00:00:00,1964-12-01 00:00:00,23.21
794,2003-12-23 00:00:00,1964-12-01 00:00:00,
795,2004-01-05 00:00:00,1964-12-01 00:00:00,21.92
796,2009-08-04 00:00:00,1964-12-01 00:00:00,
797,2009-08-05 00:00:00,1964-12-01 00:00:00,19.649
798,2011-08-02 00:00:00,1964-12-01 00:00:00,19.658
799,2013-08-02 00:00:00,1964-12-01 00:00:00,18.529
800,2018-07-31 00:00:00,1964-12-01 00:00:00,17.393
801,2021-07-30 00:00:00,1964-12-01 00:00:00,17.359
802,2023-09-29 00:00:00,1964-12-01 00:00:00,16.409
803,2000-08-01 00:00:00,1965-01-01 00:00:00,23.24
804,2003-12-23 00:00:00,1965-01-01 00:00:00,
805,2004-01-05 00:00:00,1965-01-01 00:00:00,21.95
806,2004-02-02 00:00:00,1965-01-01 00:00:00,21.946
807,2009-08-04 00:00:00,1965-01-01 00:00:00,
808,2009-08-05 00:00:00,1965-01-01 00:00:00,19.67
809,2011-08-02 00:00:00,1965-01-01 00:00:00,19.679
810,2013-08-02 00:00:00,1965-01-01 00:00:00,18.548
811,2014-08-01 00:00:00,1965-01-01 00:00:00,18.549
812,2018-07-31 00:00:00,1965-01-01 00:00:00,17.412
813,2021-07-30 00:00:00,1965-01-01 00:00:00,17.378
814,2023-09-29 00:00:00,1965-01-01 00:00:00,16.427
815,2000-08-01 00:00:00,1965-02-01 00:00:00,23.25
816,2003-12-23 00:00:00,1965-02-01 00:00:00,
817,2004-01-05 00:00:00,1965-02-01 00:00:00,21.96
818,2004-02-02 00:00:00,1965-02-01 00:00:00,21.956
819,2009-08-04 00:00:00,1965-02-01 00:00:00,
820,2009-08-05 00:00:00,1965-02-01 00:00:00,19.678
821,2011-08-02 00:00:00,1965-02-01 00:00:00,19.687
822,2013-08-02 00:00:00,1965-02-01 00:00:00,18.556
823,2018-07-31 00:00:00,1965-02-01 00:00:00,17.419
824,2021-07-30 00:00:00,1965-02-01 00:00:00,17.385
825,2023-09-29 00:00:00,1965-02-01 00:00:00,16.434
826,2000-08-01 00:00:00,1965-03-01 00:00:00,23.29
827,2003-12-23 00:00:00,1965-03-01 00:00:00,
828,2004-01-05 00:00:00,1965-03-01 00:00:00,21.99
829,2004-02-02 00:00:00,1965-03-01 00:00:00,21.987
830,2009-08-04 00:00:00,1965-03-01 00:00:00,
831,2009-08-05 00:00:00,1965-03-01 00:00:00,19.703
832,2011-08-02 00:00:00,1965-03-01 00:00:00,19.712
833,2013-08-02 00:00:00,1965-03-01 00:00:00,18.58
834,2018-07-31 00:00:00,1965-03-01 00:00:00,17.442
835,2021-07-30 00:00:00,1965-03-01 00:00:00,17.408
836,2023-09-29 00:00:00,1965-03-01 00:00:00,16.455
837,2000-08-01 00:00:00,1965-04-01 00:00:00,23.32
838,2003-12-23 00:00:00,1965-04-01 00:00:00,
839,2004-01-05 00:00:00,1965-04-01 00:00:00,22.02
840,2004-02-02 00:00:00,1965-04-01 00:00:00,22.018
841,2009-08-04 00:00:00,1965-04-01 00:00:00,
842,2009-08-05 00:00:00,1965-04-01 00:00:00,19.734
843,2011-08-02 00:00:00,1965-04-01 00:00:00,19.743
844,2013-08-02 00:00:00,1965-04-01 00:00:00,18.609
845,2018-07-31 00:00:00,1965-04-01 00:00:00,17.469
846,2021-07-30 00:00:00,1965-04-01 00:00:00,17.435
847,2023-09-29 00:00:00,1965-04-01 00:00:00,16.481
848,2000-08-01 00:00:00,1965-05-01 00:00:00,23.37
849,2003-12-23 00:00:00,1965-05-01 00:00:00,
850,2004-01-05 00:00:00,1965-05-01 00:00:00,22.07
851,2004-02-02 00:00:00,1965-05-01 00:00:00,22.068
852,2009-08-04 00:00:00,1965-05-01 00:00:00,
853,2009-08-05 00:00:00,1965-05-01 00:00:00,19.778
854,2011-08-02 00:00:00,1965-05-01 00:00:00,19.787
855,2013-08-02 00:00:00,1965-05-01 00:00:00,18.651
856,2018-07-31 00:00:00,1965-05-01 00:00:00,17.508
857,2021-07-30 00:00:00,1965-05-01 00:00:00,17.474
858,2023-09-29 00:00:00,1965-05-01 00:00:00,16.518
859,2000-08-01 00:00:00,1965-06-01 00:00:00,23.44
860,2003-12-23 00:00:00,1965-06-01 00:00:00,
861,2004-01-05 00:00:00,1965-06-01 00:00:00,22.13
862,2004-02-02 00:00:00,1965-06-01 00:00:00,22.131
863,2009-08-04 00:00:00,1965-06-01 00:00:00,
864,2009-08-05 00:00:00,1965-06-01 00:00:00,19.835
865,2011-08-02 00:00:00,1965-06-01 00:00:00,19.844
866,2013-08-02 00:00:00,1965-06-01 00:00:00,18.705
867,2018-07-31 00:00:00,1965-06-01 00:00:00,17.559
868,2021-07-30 00:00:00,1965-06-01 00:00:00,17.525
869,2023-09-29 00:00:00,1965-06-01 00:00:00,16.566
870,2000-08-01 00:00:00,1965-07-01 00:00:00,23.46
871,2003-12-23 00:00:00,1965-07-01 00:00:00,
872,2004-01-05 00:00:00,1965-07-01 00:00:00,22.15
873,2004-02-02 00:00:00,1965-07-01 00:00:00,22.148
874,2009-08-04 00:00:00,1965-07-01 00:00:00,
875,2009-08-05 00:00:00,1965-07-01 00:00:00,19.85
876,2011-08-02 00:00:00,1965-07-01 00:00:00,19.859
877,2013-08-02 00:00:00,1965-07-01 00:00:00,18.719
878,2018-07-31 00:00:00,1965-07-01 00:00:00,17.572
879,2021-07-30 00:00:00,1965-07-01 00:00:00,17.538
880,2023-09-29 00:00:00,1965-07-01 00:00:00,16.578
881,2000-08-01 00:00:00,1965-08-01 00:00:00,23.47
882,2003-12-23 00:00:00,1965-08-01 00:00:00,
883,2004-01-05 00:00:00,1965-08-01 00:00:00,22.15
884,2004-02-02 00:00:00,1965-08-01 00:00:00,22.154
885,2009-08-04 00:00:00,1965-08-01 00:00:00,
886,2009-08-05 00:00:00,1965-08-01 00:00:00,19.855
887,2011-08-02 00:00:00,1965-08-01 00:00:00,19.864
888,2013-08-02 00:00:00,1965-08-01 00:00:00,18.723
889,2018-07-31 00:00:00,1965-08-01 00:00:00,17.576
890,2021-07-30 00:00:00,1965-08-01 00:00:00,17.542
891,2023-09-29 00:00:00,1965-08-01 00:00:00,16.582
892,2000-08-01 00:00:00,1965-09-01 00:00:00,23.48
893,2003-12-23 00:00:00,1965-09-01 00:00:00,
894,2004-01-05 00:00:00,1965-09-01 00:00:00,22.16
895,2004-02-02 00:00:00,1965-09-01 00:00:00,22.162
896,2009-08-04 00:00:00,1965-09-01 00:00:00,
897,2009-08-05 00:00:00,1965-09-01 00:00:00,19.863
898,2011-08-02 00:00:00,1965-09-01 00:00:00,19.873
899,2013-08-02 00:00:00,1965-09-01 00:00:00,18.731
900,2018-07-31 00:00:00,1965-09-01 00:00:00,17.584
901,2021-07-30 00:00:00,1965-09-01 00:00:00,17.55
902,2023-09-29 00:00:00,1965-09-01 00:00:00,16.59
903,2000-08-01 00:00:00,1965-10-01 00:00:00,23.49
904,2003-12-23 00:00:00,1965-10-01 00:00:00,
905,2004-01-05 00:00:00,1965-10-01 00:00:00,22.17
906,2004-02-02 00:00:00,1965-10-01 00:00:00,22.171
907,2009-08-04 00:00:00,1965-10-01 00:00:00,
908,2009-08-05 00:00:00,1965-10-01 00:00:00,19.87
909,2011-08-02 00:00:00,1965-10-01 00:00:00,19.88
910,2013-08-02 00:00:00,1965-10-01 00:00:00,18.738
911,2018-07-31 00:00:00,1965-10-01 00:00:00,17.59
912,2021-07-30 00:00:00,1965-10-01 00:00:00,17.556
913,2023-09-29 00:00:00,1965-10-01 00:00:00,16.595
914,2000-08-01 00:00:00,1965-11-01 00:00:00,23.53
915,2003-12-23 00:00:00,1965-11-01 00:00:00,
916,2004-01-05 00:00:00,1965-11-01 00:00:00,22.21
917,2004-02-02 00:00:00,1965-11-01 00:00:00,22.207
918,2009-08-04 00:00:00,1965-11-01 00:00:00,
919,2009-08-05 00:00:00,1965-11-01 00:00:00,19.904
920,2011-08-02 00:00:00,1965-11-01 00:00:00,19.913
921,2013-08-02 00:00:00,1965-11-01 00:00:00,18.769
922,2018-07-31 00:00:00,1965-11-01 00:00:00,17.62
923,2021-07-30 00:00:00,1965-11-01 00:00:00,17.585
924,2023-09-29 00:00:00,1965-11-01 00:00:00,16.623
925,2000-08-01 00:00:00,1965-12-01 00:00:00,23.61
926,2003-12-23 00:00:00,1965-12-01 00:00:00,
927,2004-01-05 00:00:00,1965-12-01 00:00:00,22.29
928,2009-08-04 00:00:00,1965-12-01 00:00:00,
929,2009-08-05 00:00:00,1965-12-01 00:00:00,19.976
930,2011-08-02 00:00:00,1965-12-01 00:00:00,19.985
931,2013-08-02 00:00:00,1965-12-01 00:00:00,18.837
932,2014-08-01 00:00:00,1965-12-01 00:00:00,18.838
933,2018-07-31 00:00:00,1965-12-01 00:00:00,17.684
934,2021-07-30 00:00:00,1965-12-01 00:00:00,17.649
935,2023-09-29 00:00:00,1965-12-01 00:00:00,16.683
936,2000-08-01 00:00:00,1966-01-01 00:00:00,23.64
937,2003-12-23 00:00:00,1966-01-01 00:00:00,
938,2004-01-05 00:00:00,1966-01-01 00:00:00,22.32
939,2004-02-02 00:00:00,1966-01-01 00:00:00,22.316
940,2009-08-04 00:00:00,1966-01-01 00:00:00,
941,2009-08-05 00:00:00,1966-01-01 00:00:00,20.0
942,2011-08-02 00:00:00,1966-01-01 00:00:00,20.009
943,2013-08-02 00:00:00,1966-01-01 00:00:00,18.86
944,2018-07-31 00:00:00,1966-01-01 00:00:00,17.704
945,2021-07-30 00:00:00,1966-01-01 00:00:00,17.67
946,2023-09-29 00:00:00,1966-01-01 00:00:00,16.703
947,2000-08-01 00:00:00,1966-02-01 00:00:00,23.74
948,2003-12-23 00:00:00,1966-02-01 00:00:00,
949,2004-01-05 00:00:00,1966-02-01 00:00:00,22.41
950,2004-02-02 00:00:00,1966-02-01 00:00:00,22.409
951,2009-08-04 00:00:00,1966-02-01 00:00:00,
952,2009-08-05 00:00:00,1966-02-01 00:00:00,20.083
953,2011-08-02 00:00:00,1966-02-01 00:00:00,20.092
954,2013-08-02 00:00:00,1966-02-01 00:00:00,18.938
955,2018-07-31 00:00:00,1966-02-01 00:00:00,17.778
956,2021-07-30 00:00:00,1966-02-01 00:00:00,17.743
957,2023-09-29 00:00:00,1966-02-01 00:00:00,16.772
958,2000-08-01 00:00:00,1966-03-01 00:00:00,23.8
959,2003-12-23 00:00:00,1966-03-01 00:00:00,
960,2004-01-05 00:00:00,1966-03-01 00:00:00,22.46
961,2004-02-02 00:00:00,1966-03-01 00:00:00,22.464
962,2009-08-04 00:00:00,1966-03-01 00:00:00,
963,2009-08-05 00:00:00,1966-03-01 00:00:00,20.132
964,2011-08-02 00:00:00,1966-03-01 00:00:00,20.141
965,2013-08-02 00:00:00,1966-03-01 00:00:00,18.984
966,2014-08-01 00:00:00,1966-03-01 00:00:00,18.985
967,2018-07-31 00:00:00,1966-03-01 00:00:00,17.821
968,2021-07-30 00:00:00,1966-03-01 00:00:00,17.786
969,2023-09-29 00:00:00,1966-03-01 00:00:00,16.813
970,2000-08-01 00:00:00,1966-04-01 00:00:00,23.88
971,2003-12-23 00:00:00,1966-04-01 00:00:00,
972,2004-01-05 00:00:00,1966-04-01 00:00:00,22.54
973,2009-08-04 00:00:00,1966-04-01 00:00:00,
974,2009-08-05 00:00:00,1966-04-01 00:00:00,20.203
975,2011-08-02 00:00:00,1966-04-01 00:00:00,20.212
976,2013-08-02 00:00:00,1966-04-01 00:00:00,19.051
977,2018-07-31 00:00:00,1966-04-01 00:00:00,17.883
978,2021-07-30 00:00:00,1966-04-01 00:00:00,17.848
979,2023-09-29 00:00:00,1966-04-01 00:00:00,16.871
980,2000-08-01 00:00:00,1966-05-01 00:00:00,23.91
981,2003-12-23 00:00:00,1966-05-01 00:00:00,
982,2004-01-05 00:00:00,1966-05-01 00:00:00,22.57
983,2004-02-02 00:00:00,1966-05-01 00:00:00,22.567
984,2009-08-04 00:00:00,1966-05-01 00:00:00,
985,2009-08-05 00:00:00,1966-05-01 00:00:00,20.228
986,2011-08-02 00:00:00,1966-05-01 00:00:00,20.237
987,2013-08-02 00:00:00,1966-05-01 00:00:00,19.075
988,2018-07-31 00:00:00,1966-05-01 00:00:00,17.905
989,2021-07-30 00:00:00,1966-05-01 00:00:00,17.87
990,2023-09-29 00:00:00,1966-05-01 00:00:00,16.892
991,2000-08-01 00:00:00,1966-06-01 00:00:00,23.97
992,2003-12-23 00:00:00,1966-06-01 00:00:00,
993,2004-01-05 00:00:00,1966-06-01 00:00:00,22.62
994,2004-02-02 00:00:00,1966-06-01 00:00:00,22.622
995,2009-08-04 00:00:00,1966-06-01 00:00:00,
996,2009-08-05 00:00:00,1966-06-01 00:00:00,20.279
997,2011-08-02 00:00:00,1966-06-01 00:00:00,20.288
998,2013-08-02 00:00:00,1966-06-01 00:00:00,19.122
999,2014-08-01 00:00:00,1966-06-01 00:00:00,19.123
1000,2018-07-31 00:00:00,1966-06-01 00:00:00,17.95
1001,2021-07-30 00:00:00,1966-06-01 00:00:00,17.915
1002,2023-09-29 00:00:00,1966-06-01 00:00:00,16.934
1003,2000-08-01 00:00:00,1966-07-01 00:00:00,24.02
1004,2003-12-23 00:00:00,1966-07-01 00:00:00,
1005,2004-01-05 00:00:00,1966-07-01 00:00:00,22.67
1006,2004-02-02 00:00:00,1966-07-01 00:00:00,22.667
1007,2009-08-04 00:00:00,1966-07-01 00:00:00,
1008,2009-08-05 00:00:00,1966-07-01 00:00:00,20.318
1009,2011-08-02 00:00:00,1966-07-01 00:00:00,20.328
1010,2013-08-02 00:00:00,1966-07-01 00:00:00,19.16
1011,2018-07-31 00:00:00,1966-07-01 00:00:00,17.984
1012,2021-07-30 00:00:00,1966-07-01 00:00:00,17.949
1013,2023-09-29 00:00:00,1966-07-01 00:00:00,16.967
1014,2000-08-01 00:00:00,1966-08-01 00:00:00,24.12
1015,2003-12-23 00:00:00,1966-08-01 00:00:00,
1016,2004-01-05 00:00:00,1966-08-01 00:00:00,22.76
1017,2004-02-02 00:00:00,1966-08-01 00:00:00,22.755
1018,2009-08-04 00:00:00,1966-08-01 00:00:00,
1019,2009-08-05 00:00:00,1966-08-01 00:00:00,20.396
1020,2011-08-02 00:00:00,1966-08-01 00:00:00,20.406
1021,2013-08-02 00:00:00,1966-08-01 00:00:00,19.234
1022,2018-07-31 00:00:00,1966-08-01 00:00:00,18.053
1023,2021-07-30 00:00:00,1966-08-01 00:00:00,18.018
1024,2023-09-29 00:00:00,1966-08-01 00:00:00,17.032
1025,2000-08-01 00:00:00,1966-09-01 00:00:00,24.19
1026,2003-12-23 00:00:00,1966-09-01 00:00:00,
1027,2004-01-05 00:00:00,1966-09-01 00:00:00,22.83
1028,2004-02-02 00:00:00,1966-09-01 00:00:00,22.828
1029,2009-08-04 00:00:00,1966-09-01 00:00:00,
1030,2009-08-05 00:00:00,1966-09-01 00:00:00,20.461
1031,2011-08-02 00:00:00,1966-09-01 00:00:00,20.471
1032,2013-08-02 00:00:00,1966-09-01 00:00:00,19.295
1033,2018-07-31 00:00:00,1966-09-01 00:00:00,18.11
1034,2021-07-30 00:00:00,1966-09-01 00:00:00,18.075
1035,2023-09-29 00:00:00,1966-09-01 00:00:00,17.086
1036,2000-08-01 00:00:00,1966-10-01 00:00:00,24.26
1037,2003-12-23 00:00:00,1966-10-01 00:00:00,
1038,2004-01-05 00:00:00,1966-10-01 00:00:00,22.89
1039,2004-02-02 00:00:00,1966-10-01 00:00:00,22.888
1040,2009-08-04 00:00:00,1966-10-01 00:00:00,
1041,2009-08-05 00:00:00,1966-10-01 00:00:00,20.515
1042,2011-08-02 00:00:00,1966-10-01 00:00:00,20.525
1043,2013-08-02 00:00:00,1966-10-01 00:00:00,19.346
1044,2018-07-31 00:00:00,1966-10-01 00:00:00,18.158
1045,2021-07-30 00:00:00,1966-10-01 00:00:00,18.123
1046,2023-09-29 00:00:00,1966-10-01 00:00:00,17.131
1047,2000-08-01 00:00:00,1966-11-01 00:00:00,24.29
1048,2003-12-23 00:00:00,1966-11-01 00:00:00,
1049,2004-01-05 00:00:00,1966-11-01 00:00:00,22.92
1050,2004-02-02 00:00:00,1966-11-01 00:00:00,22.923
1051,2009-08-04 00:00:00,1966-11-01 00:00:00,
1052,2009-08-05 00:00:00,1966-11-01 00:00:00,20.546
1053,2011-08-02 00:00:00,1966-11-01 00:00:00,20.556
1054,2013-08-02 00:00:00,1966-11-01 00:00:00,19.375
1055,2018-07-31 00:00:00,1966-11-01 00:00:00,18.185
1056,2021-07-30 00:00:00,1966-11-01 00:00:00,18.15
1057,2023-09-29 00:00:00,1966-11-01 00:00:00,17.156
1058,2000-08-01 00:00:00,1966-12-01 00:00:00,24.34
1059,2003-12-23 00:00:00,1966-12-01 00:00:00,
1060,2004-01-05 00:00:00,1966-12-01 00:00:00,22.97
1061,2004-02-02 00:00:00,1966-12-01 00:00:00,22.972
1062,2009-08-04 00:00:00,1966-12-01 00:00:00,
1063,2009-08-05 00:00:00,1966-12-01 00:00:00,20.589
1064,2011-08-02 00:00:00,1966-12-01 00:00:00,20.598
1065,2013-08-02 00:00:00,1966-12-01 00:00:00,19.415
1066,2018-07-31 00:00:00,1966-12-01 00:00:00,18.222
1067,2021-07-30 00:00:00,1966-12-01 00:00:00,18.187
1068,2023-09-29 00:00:00,1966-12-01 00:00:00,17.192
1069,2000-08-01 00:00:00,1967-01-01 00:00:00,24.34
1070,2003-12-23 00:00:00,1967-01-01 00:00:00,
1071,2004-01-05 00:00:00,1967-01-01 00:00:00,22.97
1072,2009-08-04 00:00:00,1967-01-01 00:00:00,
1073,2009-08-05 00:00:00,1967-01-01 00:00:00,20.591
1074,2011-08-02 00:00:00,1967-01-01 00:00:00,20.6
1075,2013-08-02 00:00:00,1967-01-01 00:00:00,19.417
1076,2018-07-31 00:00:00,1967-01-01 00:00:00,18.224
1077,2021-07-30 00:00:00,1967-01-01 00:00:00,18.188
1078,2023-09-29 00:00:00,1967-01-01 00:00:00,17.193
1079,2000-08-01 00:00:00,1967-02-01 00:00:00,24.37
1080,2003-12-23 00:00:00,1967-02-01 00:00:00,
1081,2004-01-05 00:00:00,1967-02-01 00:00:00,23.0
1082,2004-02-02 00:00:00,1967-02-01 00:00:00,22.997
1083,2009-08-04 00:00:00,1967-02-01 00:00:00,
1084,2009-08-05 00:00:00,1967-02-01 00:00:00,20.615
1085,2011-08-02 00:00:00,1967-02-01 00:00:00,20.624
1086,2013-08-02 00:00:00,1967-02-01 00:00:00,19.439
1087,2014-08-01 00:00:00,1967-02-01 00:00:00,19.44
1088,2018-07-31 00:00:00,1967-02-01 00:00:00,18.245
1089,2021-07-30 00:00:00,1967-02-01 00:00:00,18.209
1090,2023-09-29 00:00:00,1967-02-01 00:00:00,17.213
1091,2000-08-01 00:00:00,1967-03-01 00:00:00,24.38
1092,2003-12-23 00:00:00,1967-03-01 00:00:00,
1093,2004-01-05 00:00:00,1967-03-01 00:00:00,23.01
1094,2004-02-02 00:00:00,1967-03-01 00:00:00,23.013
1095,2009-08-04 00:00:00,1967-03-01 00:00:00,
1096,2009-08-05 00:00:00,1967-03-01 00:00:00,20.626
1097,2011-08-02 00:00:00,1967-03-01 00:00:00,20.635
1098,2013-08-02 00:00:00,1967-03-01 00:00:00,19.45
1099,2018-07-31 00:00:00,1967-03-01 00:00:00,18.255
1100,2021-07-30 00:00:00,1967-03-01 00:00:00,18.22
1101,2023-09-29 00:00:00,1967-03-01 00:00:00,17.222
1102,2000-08-01 00:00:00,1967-04-01 00:00:00,24.43
1103,2003-12-23 00:00:00,1967-04-01 00:00:00,
1104,2004-01-05 00:00:00,1967-04-01 00:00:00,23.05
1105,2004-02-02 00:00:00,1967-04-01 00:00:00,23.052
1106,2009-08-04 00:00:00,1967-04-01 00:00:00,
1107,2009-08-05 00:00:00,1967-04-01 00:00:00,20.66
1108,2011-08-02 00:00:00,1967-04-01 00:00:00,20.669
1109,2013-08-02 00:00:00,1967-04-01 00:00:00,19.482
1110,2018-07-31 00:00:00,1967-04-01 00:00:00,18.285
1111,2021-07-30 00:00:00,1967-04-01 00:00:00,18.249
1112,2023-09-29 00:00:00,1967-04-01 00:00:00,17.251
1113,2000-08-01 00:00:00,1967-05-01 00:00:00,24.47
1114,2003-12-23 00:00:00,1967-05-01 00:00:00,
1115,2004-01-05 00:00:00,1967-05-01 00:00:00,23.1
1116,2004-02-02 00:00:00,1967-05-01 00:00:00,23.098
1117,2009-08-04 00:00:00,1967-05-01 00:00:00,
1118,2009-08-05 00:00:00,1967-05-01 00:00:00,20.699
1119,2011-08-02 00:00:00,1967-05-01 00:00:00,20.709
1120,2013-08-02 00:00:00,1967-05-01 00:00:00,19.519
1121,2014-08-01 00:00:00,1967-05-01 00:00:00,19.52
1122,2018-07-31 00:00:00,1967-05-01 00:00:00,18.32
1123,2021-07-30 00:00:00,1967-05-01 00:00:00,18.285
1124,2023-09-29 00:00:00,1967-05-01 00:00:00,17.284
1125,2000-08-01 00:00:00,1967-06-01 00:00:00,24.55
1126,2003-12-23 00:00:00,1967-06-01 00:00:00,
1127,2004-01-05 00:00:00,1967-06-01 00:00:00,23.18
1128,2004-02-02 00:00:00,1967-06-01 00:00:00,23.175
1129,2009-08-04 00:00:00,1967-06-01 00:00:00,
1130,2009-08-05 00:00:00,1967-06-01 00:00:00,20.766
1131,2011-08-02 00:00:00,1967-06-01 00:00:00,20.775
1132,2013-08-02 00:00:00,1967-06-01 00:00:00,19.582
1133,2018-07-31 00:00:00,1967-06-01 00:00:00,18.379
1134,2021-07-30 00:00:00,1967-06-01 00:00:00,18.343
1135,2023-09-29 00:00:00,1967-06-01 00:00:00,17.339
1136,2000-08-01 00:00:00,1967-07-01 00:00:00,24.63
1137,2003-12-23 00:00:00,1967-07-01 00:00:00,
1138,2004-01-05 00:00:00,1967-07-01 00:00:00,23.25
1139,2004-02-02 00:00:00,1967-07-01 00:00:00,23.251
1140,2009-08-04 00:00:00,1967-07-01 00:00:00,
1141,2009-08-05 00:00:00,1967-07-01 00:00:00,20.835
1142,2011-08-02 00:00:00,1967-07-01 00:00:00,20.845
1143,2013-08-02 00:00:00,1967-07-01 00:00:00,19.647
1144,2018-07-31 00:00:00,1967-07-01 00:00:00,18.441
1145,2021-07-30 00:00:00,1967-07-01 00:00:00,18.405
1146,2023-09-29 00:00:00,1967-07-01 00:00:00,17.398
1147,2000-08-01 00:00:00,1967-08-01 00:00:00,24.71
1148,2003-12-23 00:00:00,1967-08-01 00:00:00,
1149,2004-01-05 00:00:00,1967-08-01 00:00:00,23.32
1150,2004-02-02 00:00:00,1967-08-01 00:00:00,23.323
1151,2009-08-04 00:00:00,1967-08-01 00:00:00,
1152,2009-08-05 00:00:00,1967-08-01 00:00:00,20.9
1153,2011-08-02 00:00:00,1967-08-01 00:00:00,20.91
1154,2013-08-02 00:00:00,1967-08-01 00:00:00,19.709
1155,2018-07-31 00:00:00,1967-08-01 00:00:00,18.499
1156,2021-07-30 00:00:00,1967-08-01 00:00:00,18.463
1157,2023-09-29 00:00:00,1967-08-01 00:00:00,17.452
1158,2000-08-01 00:00:00,1967-09-01 00:00:00,24.78
1159,2003-12-23 00:00:00,1967-09-01 00:00:00,
1160,2004-01-05 00:00:00,1967-09-01 00:00:00,23.39
1161,2004-02-02 00:00:00,1967-09-01 00:00:00,23.393
1162,2009-08-04 00:00:00,1967-09-01 00:00:00,
1163,2009-08-05 00:00:00,1967-09-01 00:00:00,20.963
1164,2011-08-02 00:00:00,1967-09-01 00:00:00,20.973
1165,2013-08-02 00:00:00,1967-09-01 00:00:00,19.768
1166,2018-07-31 00:00:00,1967-09-01 00:00:00,18.555
1167,2021-07-30 00:00:00,1967-09-01 00:00:00,18.519
1168,2023-09-29 00:00:00,1967-09-01 00:00:00,17.505
1169,2000-08-01 00:00:00,1967-10-01 00:00:00,24.85
1170,2003-12-23 00:00:00,1967-10-01 00:00:00,
1171,2004-01-05 00:00:00,1967-10-01 00:00:00,23.46
1172,2009-08-04 00:00:00,1967-10-01 00:00:00,
1173,2009-08-05 00:00:00,1967-10-01 00:00:00,21.021
1174,2011-08-02 00:00:00,1967-10-01 00:00:00,21.031
1175,2013-08-02 00:00:00,1967-10-01 00:00:00,19.823
1176,2018-07-31 00:00:00,1967-10-01 00:00:00,18.606
1177,2021-07-30 00:00:00,1967-10-01 00:00:00,18.57
1178,2023-09-29 00:00:00,1967-10-01 00:00:00,17.554
1179,2000-08-01 00:00:00,1967-11-01 00:00:00,24.94
1180,2003-12-23 00:00:00,1967-11-01 00:00:00,
1181,2004-01-05 00:00:00,1967-11-01 00:00:00,23.54
1182,2004-02-02 00:00:00,1967-11-01 00:00:00,23.539
1183,2009-08-04 00:00:00,1967-11-01 00:00:00,
1184,2009-08-05 00:00:00,1967-11-01 00:00:00,21.09
1185,2011-08-02 00:00:00,1967-11-01 00:00:00,21.1
1186,2013-08-02 00:00:00,1967-11-01 00:00:00,19.888
1187,2018-07-31 00:00:00,1967-11-01 00:00:00,18.668
1188,2021-07-30 00:00:00,1967-11-01 00:00:00,18.632
1189,2023-09-29 00:00:00,1967-11-01 00:00:00,17.612
1190,2000-08-01 00:00:00,1967-12-01 00:00:00,24.98
1191,2003-12-23 00:00:00,1967-12-01 00:00:00,
1192,2004-01-05 00:00:00,1967-12-01 00:00:00,23.58
1193,2004-02-02 00:00:00,1967-12-01 00:00:00,23.576
1194,2009-08-04 00:00:00,1967-12-01 00:00:00,
1195,2009-08-05 00:00:00,1967-12-01 00:00:00,21.124
1196,2011-08-02 00:00:00,1967-12-01 00:00:00,21.133
1197,2013-08-02 00:00:00,1967-12-01 00:00:00,19.919
1198,2018-07-31 00:00:00,1967-12-01 00:00:00,18.698
1199,2021-07-30 00:00:00,1967-12-01 00:00:00,18.661
1200,2023-09-29 00:00:00,1967-12-01 00:00:00,17.64
1201,2000-08-01 00:00:00,1968-01-01 00:00:00,25.1
1202,2003-12-23 00:00:00,1968-01-01 00:00:00,
1203,2004-01-05 00:00:00,1968-01-01 00:00:00,23.69
1204,2004-02-02 00:00:00,1968-01-01 00:00:00,23.686
1205,2009-08-04 00:00:00,1968-01-01 00:00:00,
1206,2009-08-05 00:00:00,1968-01-01 00:00:00,21.221
1207,2011-08-02 00:00:00,1968-01-01 00:00:00,21.23
1208,2013-08-02 00:00:00,1968-01-01 00:00:00,20.011
1209,2018-07-31 00:00:00,1968-01-01 00:00:00,18.784
1210,2021-07-30 00:00:00,1968-01-01 00:00:00,18.748
1211,2023-09-29 00:00:00,1968-01-01 00:00:00,17.722
1212,2000-08-01 00:00:00,1968-02-01 00:00:00,25.2
1213,2003-12-23 00:00:00,1968-02-01 00:00:00,
1214,2004-01-05 00:00:00,1968-02-01 00:00:00,23.78
1215,2004-02-02 00:00:00,1968-02-01 00:00:00,23.784
1216,2009-08-04 00:00:00,1968-02-01 00:00:00,
1217,2009-08-05 00:00:00,1968-02-01 00:00:00,21.307
1218,2011-08-02 00:00:00,1968-02-01 00:00:00,21.317
1219,2013-08-02 00:00:00,1968-02-01 00:00:00,20.092
1220,2018-07-31 00:00:00,1968-02-01 00:00:00,18.861
1221,2021-07-30 00:00:00,1968-02-01 00:00:00,18.824
1222,2023-09-29 00:00:00,1968-02-01 00:00:00,17.794
1223,2000-08-01 00:00:00,1968-03-01 00:00:00,25.28
1224,2003-12-23 00:00:00,1968-03-01 00:00:00,
1225,2004-01-05 00:00:00,1968-03-01 00:00:00,23.86
1226,2004-02-02 00:00:00,1968-03-01 00:00:00,23.859
1227,2009-08-04 00:00:00,1968-03-01 00:00:00,
1228,2009-08-05 00:00:00,1968-03-01 00:00:00,21.376
1229,2011-08-02 00:00:00,1968-03-01 00:00:00,21.386
1230,2013-08-02 00:00:00,1968-03-01 00:00:00,20.157
1231,2018-07-31 00:00:00,1968-03-01 00:00:00,18.923
1232,2021-07-30 00:00:00,1968-03-01 00:00:00,18.886
1233,2023-09-29 00:00:00,1968-03-01 00:00:00,17.852
1234,2000-08-01 00:00:00,1968-04-01 00:00:00,25.35
1235,2003-12-23 00:00:00,1968-04-01 00:00:00,
1236,2004-01-05 00:00:00,1968-04-01 00:00:00,23.93
1237,2004-02-02 00:00:00,1968-04-01 00:00:00,23.934
1238,2009-08-04 00:00:00,1968-04-01 00:00:00,
1239,2009-08-05 00:00:00,1968-04-01 00:00:00,21.442
1240,2011-08-02 00:00:00,1968-04-01 00:00:00,21.452
1241,2013-08-02 00:00:00,1968-04-01 00:00:00,20.22
1242,2018-07-31 00:00:00,1968-04-01 00:00:00,18.982
1243,2021-07-30 00:00:00,1968-04-01 00:00:00,18.945
1244,2023-09-29 00:00:00,1968-04-01 00:00:00,17.908
1245,2000-08-01 00:00:00,1968-05-01 00:00:00,25.45
1246,2003-12-23 00:00:00,1968-05-01 00:00:00,
1247,2004-01-05 00:00:00,1968-05-01 00:00:00,24.02
1248,2004-02-02 00:00:00,1968-05-01 00:00:00,24.023
1249,2009-08-04 00:00:00,1968-05-01 00:00:00,
1250,2009-08-05 00:00:00,1968-05-01 00:00:00,21.522
1251,2011-08-02 00:00:00,1968-05-01 00:00:00,21.532
1252,2013-08-02 00:00:00,1968-05-01 00:00:00,20.295
1253,2018-07-31 00:00:00,1968-05-01 00:00:00,19.052
1254,2021-07-30 00:00:00,1968-05-01 00:00:00,19.015
1255,2023-09-29 00:00:00,1968-05-01 00:00:00,17.974
1256,2000-08-01 00:00:00,1968-06-01 00:00:00,25.53
1257,2003-12-23 00:00:00,1968-06-01 00:00:00,
1258,2004-01-05 00:00:00,1968-06-01 00:00:00,24.1
1259,2004-02-02 00:00:00,1968-06-01 00:00:00,24.099
1260,2009-08-04 00:00:00,1968-06-01 00:00:00,
1261,2009-08-05 00:00:00,1968-06-01 00:00:00,21.59
1262,2011-08-02 00:00:00,1968-06-01 00:00:00,21.6
1263,2013-08-02 00:00:00,1968-06-01 00:00:00,20.359
1264,2018-07-31 00:00:00,1968-06-01 00:00:00,19.113
1265,2021-07-30 00:00:00,1968-06-01 00:00:00,19.075
1266,2023-09-29 00:00:00,1968-06-01 00:00:00,18.032
1267,2000-08-01 00:00:00,1968-07-01 00:00:00,25.6
1268,2003-12-23 00:00:00,1968-07-01 00:00:00,
1269,2004-01-05 00:00:00,1968-07-01 00:00:00,24.17
1270,2004-02-02 00:00:00,1968-07-01 00:00:00,24.174
1271,2009-08-04 00:00:00,1968-07-01 00:00:00,
1272,2009-08-05 00:00:00,1968-07-01 00:00:00,21.656
1273,2011-08-02 00:00:00,1968-07-01 00:00:00,21.666
1274,2013-08-02 00:00:00,1968-07-01 00:00:00,20.422
1275,2018-07-31 00:00:00,1968-07-01 00:00:00,19.171
1276,2021-07-30 00:00:00,1968-07-01 00:00:00,19.134
1277,2023-09-29 00:00:00,1968-07-01 00:00:00,18.087
1278,2000-08-01 00:00:00,1968-08-01 00:00:00,25.7
1279,2003-12-23 00:00:00,1968-08-01 00:00:00,
1280,2004-01-05 00:00:00,1968-08-01 00:00:00,24.27
1281,2004-02-02 00:00:00,1968-08-01 00:00:00,24.273
1282,2009-08-04 00:00:00,1968-08-01 00:00:00,
1283,2009-08-05 00:00:00,1968-08-01 00:00:00,21.745
1284,2011-08-02 00:00:00,1968-08-01 00:00:00,21.755
1285,2013-08-02 00:00:00,1968-08-01 00:00:00,20.505
1286,2018-07-31 00:00:00,1968-08-01 00:00:00,19.25
1287,2021-07-30 00:00:00,1968-08-01 00:00:00,19.212
1288,2023-09-29 00:00:00,1968-08-01 00:00:00,18.161
1289,2000-08-01 00:00:00,1968-09-01 00:00:00,25.79
1290,2003-12-23 00:00:00,1968-09-01 00:00:00,
1291,2004-01-05 00:00:00,1968-09-01 00:00:00,24.36
1292,2004-02-02 00:00:00,1968-09-01 00:00:00,24.359
1293,2009-08-04 00:00:00,1968-09-01 00:00:00,
1294,2009-08-05 00:00:00,1968-09-01 00:00:00,21.821
1295,2011-08-02 00:00:00,1968-09-01 00:00:00,21.831
1296,2013-08-02 00:00:00,1968-09-01 00:00:00,20.577
1297,2018-07-31 00:00:00,1968-09-01 00:00:00,19.317
1298,2021-07-30 00:00:00,1968-09-01 00:00:00,19.279
1299,2023-09-29 00:00:00,1968-09-01 00:00:00,18.224
1300,2000-08-01 00:00:00,1968-10-01 00:00:00,25.91
1301,2003-12-23 00:00:00,1968-10-01 00:00:00,
1302,2004-01-05 00:00:00,1968-10-01 00:00:00,24.47
1303,2004-02-02 00:00:00,1968-10-01 00:00:00,24.467
1304,2009-08-04 00:00:00,1968-10-01 00:00:00,
1305,2009-08-05 00:00:00,1968-10-01 00:00:00,21.917
1306,2011-08-02 00:00:00,1968-10-01 00:00:00,21.927
1307,2013-08-02 00:00:00,1968-10-01 00:00:00,20.667
1308,2014-08-01 00:00:00,1968-10-01 00:00:00,20.668
1309,2018-07-31 00:00:00,1968-10-01 00:00:00,19.402
1310,2021-07-30 00:00:00,1968-10-01 00:00:00,19.364
1311,2023-09-29 00:00:00,1968-10-01 00:00:00,18.304
1312,2000-08-01 00:00:00,1968-11-01 00:00:00,26.0
1313,2003-12-23 00:00:00,1968-11-01 00:00:00,
1314,2004-01-05 00:00:00,1968-11-01 00:00:00,24.55
1315,2004-02-02 00:00:00,1968-11-01 00:00:00,24.552
1316,2009-08-04 00:00:00,1968-11-01 00:00:00,
1317,2009-08-05 00:00:00,1968-11-01 00:00:00,21.992
1318,2011-08-02 00:00:00,1968-11-01 00:00:00,22.002
1319,2013-08-02 00:00:00,1968-11-01 00:00:00,20.738
1320,2018-07-31 00:00:00,1968-11-01 00:00:00,19.467
1321,2021-07-30 00:00:00,1968-11-01 00:00:00,19.43
1322,2023-09-29 00:00:00,1968-11-01 00:00:00,18.366
1323,2000-08-01 00:00:00,1968-12-01 00:00:00,26.05
1324,2003-12-23 00:00:00,1968-12-01 00:00:00,
1325,2004-01-05 00:00:00,1968-12-01 00:00:00,24.61
1326,2004-02-02 00:00:00,1968-12-01 00:00:00,24.605
1327,2009-08-04 00:00:00,1968-12-01 00:00:00,
1328,2009-08-05 00:00:00,1968-12-01 00:00:00,22.038
1329,2011-08-02 00:00:00,1968-12-01 00:00:00,22.048
1330,2013-08-02 00:00:00,1968-12-01 00:00:00,20.782
1331,2018-07-31 00:00:00,1968-12-01 00:00:00,19.508
1332,2021-07-30 00:00:00,1968-12-01 00:00:00,19.47
1333,2023-09-29 00:00:00,1968-12-01 00:00:00,18.404
1334,2000-08-01 00:00:00,1969-01-01 00:00:00,26.15
1335,2003-12-23 00:00:00,1969-01-01 00:00:00,
1336,2004-01-05 00:00:00,1969-01-01 00:00:00,24.7
1337,2004-02-02 00:00:00,1969-01-01 00:00:00,24.702
1338,2009-08-04 00:00:00,1969-01-01 00:00:00,
1339,2009-08-05 00:00:00,1969-01-01 00:00:00,22.126
1340,2011-08-02 00:00:00,1969-01-01 00:00:00,22.136
1341,2013-08-02 00:00:00,1969-01-01 00:00:00,20.864
1342,2018-07-31 00:00:00,1969-01-01 00:00:00,19.584
1343,2021-07-30 00:00:00,1969-01-01 00:00:00,19.546
1344,2023-09-29 00:00:00,1969-01-01 00:00:00,18.476
1345,2000-08-01 00:00:00,1969-02-01 00:00:00,26.22
1346,2003-12-23 00:00:00,1969-02-01 00:00:00,
1347,2004-01-05 00:00:00,1969-02-01 00:00:00,24.77
1348,2004-02-02 00:00:00,1969-02-01 00:00:00,24.765
1349,2009-08-04 00:00:00,1969-02-01 00:00:00,
1350,2009-08-05 00:00:00,1969-02-01 00:00:00,22.182
1351,2011-08-02 00:00:00,1969-02-01 00:00:00,22.192
1352,2013-08-02 00:00:00,1969-02-01 00:00:00,20.917
1353,2014-08-01 00:00:00,1969-02-01 00:00:00,20.918
1354,2018-07-31 00:00:00,1969-02-01 00:00:00,19.633
1355,2021-07-30 00:00:00,1969-02-01 00:00:00,19.595
1356,2023-09-29 00:00:00,1969-02-01 00:00:00,18.523
1357,2000-08-01 00:00:00,1969-03-01 00:00:00,26.34
1358,2003-12-23 00:00:00,1969-03-01 00:00:00,
1359,2004-01-05 00:00:00,1969-03-01 00:00:00,24.88
1360,2004-02-02 00:00:00,1969-03-01 00:00:00,24.882
1361,2009-08-04 00:00:00,1969-03-01 00:00:00,
1362,2009-08-05 00:00:00,1969-03-01 00:00:00,22.287
1363,2011-08-02 00:00:00,1969-03-01 00:00:00,22.297
1364,2013-08-02 00:00:00,1969-03-01 00:00:00,21.016
1365,2014-08-01 00:00:00,1969-03-01 00:00:00,21.017
1366,2018-07-31 00:00:00,1969-03-01 00:00:00,19.726
1367,2021-07-30 00:00:00,1969-03-01 00:00:00,19.687
1368,2023-09-29 00:00:00,1969-03-01 00:00:00,18.61
1369,2000-08-01 00:00:00,1969-04-01 00:00:00,26.46
1370,2003-12-23 00:00:00,1969-04-01 00:00:00,
1371,2004-01-05 00:00:00,1969-04-01 00:00:00,24.99
1372,2004-02-02 00:00:00,1969-04-01 00:00:00,24.992
1373,2009-08-04 00:00:00,1969-04-01 00:00:00,
1374,2009-08-05 00:00:00,1969-04-01 00:00:00,22.386
1375,2011-08-02 00:00:00,1969-04-01 00:00:00,22.396
1376,2013-08-02 00:00:00,1969-04-01 00:00:00,21.109
1377,2014-08-01 00:00:00,1969-04-01 00:00:00,21.11
1378,2018-07-31 00:00:00,1969-04-01 00:00:00,19.812
1379,2021-07-30 00:00:00,1969-04-01 00:00:00,19.774
1380,2023-09-29 00:00:00,1969-04-01 00:00:00,18.692
1381,2000-08-01 00:00:00,1969-05-01 00:00:00,26.57
1382,2003-12-23 00:00:00,1969-05-01 00:00:00,
1383,2004-01-05 00:00:00,1969-05-01 00:00:00,25.1
1384,2004-02-02 00:00:00,1969-05-01 00:00:00,25.097
1385,2009-08-04 00:00:00,1969-05-01 00:00:00,
1386,2009-08-05 00:00:00,1969-05-01 00:00:00,22.477
1387,2011-08-02 00:00:00,1969-05-01 00:00:00,22.487
1388,2013-08-02 00:00:00,1969-05-01 00:00:00,21.195
1389,2018-07-31 00:00:00,1969-05-01 00:00:00,19.892
1390,2021-07-30 00:00:00,1969-05-01 00:00:00,19.854
1391,2023-09-29 00:00:00,1969-05-01 00:00:00,18.767
1392,2000-08-01 00:00:00,1969-06-01 00:00:00,26.7
1393,2003-12-23 00:00:00,1969-06-01 00:00:00,
1394,2004-01-05 00:00:00,1969-06-01 00:00:00,25.22
1395,2004-02-02 00:00:00,1969-06-01 00:00:00,25.221
1396,2009-08-04 00:00:00,1969-06-01 00:00:00,
1397,2009-08-05 00:00:00,1969-06-01 00:00:00,22.586
1398,2011-08-02 00:00:00,1969-06-01 00:00:00,22.596
1399,2013-08-02 00:00:00,1969-06-01 00:00:00,21.298
1400,2018-07-31 00:00:00,1969-06-01 00:00:00,19.989
1401,2021-07-30 00:00:00,1969-06-01 00:00:00,19.95
1402,2023-09-29 00:00:00,1969-06-01 00:00:00,18.858
1403,2000-08-01 00:00:00,1969-07-01 00:00:00,26.82
1404,2003-12-23 00:00:00,1969-07-01 00:00:00,
1405,2004-01-05 00:00:00,1969-07-01 00:00:00,25.33
1406,2004-02-02 00:00:00,1969-07-01 00:00:00,25.333
1407,2009-08-04 00:00:00,1969-07-01 00:00:00,
1408,2009-08-05 00:00:00,1969-07-01 00:00:00,22.685
1409,2011-08-02 00:00:00,1969-07-01 00:00:00,22.695
1410,2013-08-02 00:00:00,1969-07-01 00:00:00,21.391
1411,2014-08-01 00:00:00,1969-07-01 00:00:00,21.392
1412,2018-07-31 00:00:00,1969-07-01 00:00:00,20.076
1413,2021-07-30 00:00:00,1969-07-01 00:00:00,20.037
1414,2023-09-29 00:00:00,1969-07-01 00:00:00,18.941
1415,2000-08-01 00:00:00,1969-08-01 00:00:00,26.89
1416,2003-12-23 00:00:00,1969-08-01 00:00:00,
1417,2004-01-05 00:00:00,1969-08-01 00:00:00,25.41
1418,2004-02-02 00:00:00,1969-08-01 00:00:00,25.405
1419,2009-08-04 00:00:00,1969-08-01 00:00:00,
1420,2009-08-05 00:00:00,1969-08-01 00:00:00,22.749
1421,2011-08-02 00:00:00,1969-08-01 00:00:00,22.759
1422,2013-08-02 00:00:00,1969-08-01 00:00:00,21.451
1423,2014-08-01 00:00:00,1969-08-01 00:00:00,21.452
1424,2018-07-31 00:00:00,1969-08-01 00:00:00,20.132
1425,2021-07-30 00:00:00,1969-08-01 00:00:00,20.093
1426,2023-09-29 00:00:00,1969-08-01 00:00:00,18.993
1427,2000-08-01 00:00:00,1969-09-01 00:00:00,27.01
1428,2003-12-23 00:00:00,1969-09-01 00:00:00,
1429,2004-01-05 00:00:00,1969-09-01 00:00:00,25.52
1430,2004-02-02 00:00:00,1969-09-01 00:00:00,25.515
1431,2009-08-04 00:00:00,1969-09-01 00:00:00,
1432,2009-08-05 00:00:00,1969-09-01 00:00:00,22.843
1433,2011-08-02 00:00:00,1969-09-01 00:00:00,22.854
1434,2013-08-02 00:00:00,1969-09-01 00:00:00,21.541
1435,2018-07-31 00:00:00,1969-09-01 00:00:00,20.216
1436,2021-07-30 00:00:00,1969-09-01 00:00:00,20.176
1437,2023-09-29 00:00:00,1969-09-01 00:00:00,19.072
1438,2000-08-01 00:00:00,1969-10-01 00:00:00,27.11
1439,2003-12-23 00:00:00,1969-10-01 00:00:00,
1440,2004-01-05 00:00:00,1969-10-01 00:00:00,25.6
1441,2004-02-02 00:00:00,1969-10-01 00:00:00,25.603
1442,2009-08-04 00:00:00,1969-10-01 00:00:00,
1443,2009-08-05 00:00:00,1969-10-01 00:00:00,22.921
1444,2011-08-02 00:00:00,1969-10-01 00:00:00,22.932
1445,2013-08-02 00:00:00,1969-10-01 00:00:00,21.615
1446,2018-07-31 00:00:00,1969-10-01 00:00:00,20.285
1447,2021-07-30 00:00:00,1969-10-01 00:00:00,20.245
1448,2023-09-29 00:00:00,1969-10-01 00:00:00,19.137
1449,2000-08-01 00:00:00,1969-11-01 00:00:00,27.22
1450,2003-12-23 00:00:00,1969-11-01 00:00:00,
1451,2004-01-05 00:00:00,1969-11-01 00:00:00,25.71
1452,2004-02-02 00:00:00,1969-11-01 00:00:00,25.713
1453,2009-08-04 00:00:00,1969-11-01 00:00:00,
1454,2009-08-05 00:00:00,1969-11-01 00:00:00,23.02
1455,2011-08-02 00:00:00,1969-11-01 00:00:00,23.031
1456,2013-08-02 00:00:00,1969-11-01 00:00:00,21.708
1457,2018-07-31 00:00:00,1969-11-01 00:00:00,20.372
1458,2021-07-30 00:00:00,1969-11-01 00:00:00,20.332
1459,2023-09-29 00:00:00,1969-11-01 00:00:00,19.22
1460,2000-08-01 00:00:00,1969-12-01 00:00:00,27.35
1461,2003-12-23 00:00:00,1969-12-01 00:00:00,
1462,2004-01-05 00:00:00,1969-12-01 00:00:00,25.83
1463,2004-02-02 00:00:00,1969-12-01 00:00:00,25.833
1464,2009-08-04 00:00:00,1969-12-01 00:00:00,
1465,2009-08-05 00:00:00,1969-12-01 00:00:00,23.126
1466,2011-08-02 00:00:00,1969-12-01 00:00:00,23.136
1467,2013-08-02 00:00:00,1969-12-01 00:00:00,21.807
1468,2014-08-01 00:00:00,1969-12-01 00:00:00,21.808
1469,2018-07-31 00:00:00,1969-12-01 00:00:00,20.465
1470,2021-07-30 00:00:00,1969-12-01 00:00:00,20.426
1471,2023-09-29 00:00:00,1969-12-01 00:00:00,19.308
1472,2000-08-01 00:00:00,1970-01-01 00:00:00,27.44
1473,2003-12-23 00:00:00,1970-01-01 00:00:00,
1474,2004-01-05 00:00:00,1970-01-01 00:00:00,25.93
1475,2004-02-02 00:00:00,1970-01-01 00:00:00,25.925
1476,2009-08-04 00:00:00,1970-01-01 00:00:00,
1477,2009-08-05 00:00:00,1970-01-01 00:00:00,23.208
1478,2011-08-02 00:00:00,1970-01-01 00:00:00,23.219
1479,2013-08-02 00:00:00,1970-01-01 00:00:00,21.885
1480,2018-07-31 00:00:00,1970-01-01 00:00:00,20.539
1481,2021-07-30 00:00:00,1970-01-01 00:00:00,20.499
1482,2023-09-29 00:00:00,1970-01-01 00:00:00,19.377
1483,2000-08-01 00:00:00,1970-02-01 00:00:00,27.56
1484,2003-12-23 00:00:00,1970-02-01 00:00:00,
1485,2004-01-05 00:00:00,1970-02-01 00:00:00,26.03
1486,2004-02-02 00:00:00,1970-02-01 00:00:00,26.031
1487,2009-08-04 00:00:00,1970-02-01 00:00:00,
1488,2009-08-05 00:00:00,1970-02-01 00:00:00,23.301
1489,2011-08-02 00:00:00,1970-02-01 00:00:00,23.311
1490,2013-08-02 00:00:00,1970-02-01 00:00:00,21.972
1491,2014-08-01 00:00:00,1970-02-01 00:00:00,21.973
1492,2018-07-31 00:00:00,1970-02-01 00:00:00,20.62
1493,2021-07-30 00:00:00,1970-02-01 00:00:00,20.58
1494,2023-09-29 00:00:00,1970-02-01 00:00:00,19.454
1495,2000-08-01 00:00:00,1970-03-01 00:00:00,27.63
1496,2003-12-23 00:00:00,1970-03-01 00:00:00,
1497,2004-01-05 00:00:00,1970-03-01 00:00:00,26.1
1498,2004-02-02 00:00:00,1970-03-01 00:00:00,26.097
1499,2009-08-04 00:00:00,1970-03-01 00:00:00,
1500,2009-08-05 00:00:00,1970-03-01 00:00:00,23.359
1501,2011-08-02 00:00:00,1970-03-01 00:00:00,23.369
1502,2013-08-02 00:00:00,1970-03-01 00:00:00,22.027
1503,2018-07-31 00:00:00,1970-03-01 00:00:00,20.672
1504,2021-07-30 00:00:00,1970-03-01 00:00:00,20.631
1505,2023-09-29 00:00:00,1970-03-01 00:00:00,19.502
1506,2000-08-01 00:00:00,1970-04-01 00:00:00,27.77
1507,2003-12-23 00:00:00,1970-04-01 00:00:00,
1508,2004-01-05 00:00:00,1970-04-01 00:00:00,26.23
1509,2004-02-02 00:00:00,1970-04-01 00:00:00,26.227
1510,2009-08-04 00:00:00,1970-04-01 00:00:00,
1511,2009-08-05 00:00:00,1970-04-01 00:00:00,23.477
1512,2011-08-02 00:00:00,1970-04-01 00:00:00,23.487
1513,2013-08-02 00:00:00,1970-04-01 00:00:00,22.138
1514,2014-08-01 00:00:00,1970-04-01 00:00:00,22.139
1515,2018-07-31 00:00:00,1970-04-01 00:00:00,20.776
1516,2021-07-30 00:00:00,1970-04-01 00:00:00,20.736
1517,2023-09-29 00:00:00,1970-04-01 00:00:00,19.601
1518,2000-08-01 00:00:00,1970-05-01 00:00:00,27.85
1519,2003-12-23 00:00:00,1970-05-01 00:00:00,
1520,2004-01-05 00:00:00,1970-05-01 00:00:00,26.31
1521,2004-02-02 00:00:00,1970-05-01 00:00:00,26.309
1522,2009-08-04 00:00:00,1970-05-01 00:00:00,
1523,2009-08-05 00:00:00,1970-05-01 00:00:00,23.552
1524,2011-08-02 00:00:00,1970-05-01 00:00:00,23.562
1525,2013-08-02 00:00:00,1970-05-01 00:00:00,22.209
1526,2018-07-31 00:00:00,1970-05-01 00:00:00,20.842
1527,2021-07-30 00:00:00,1970-05-01 00:00:00,20.802
1528,2023-09-29 00:00:00,1970-05-01 00:00:00,19.663
1529,2000-08-01 00:00:00,1970-06-01 00:00:00,27.92
1530,2003-12-23 00:00:00,1970-06-01 00:00:00,
1531,2004-01-05 00:00:00,1970-06-01 00:00:00,26.38
1532,2004-02-02 00:00:00,1970-06-01 00:00:00,26.376
1533,2009-08-04 00:00:00,1970-06-01 00:00:00,
1534,2009-08-05 00:00:00,1970-06-01 00:00:00,23.613
1535,2011-08-02 00:00:00,1970-06-01 00:00:00,23.623
1536,2013-08-02 00:00:00,1970-06-01 00:00:00,22.266
1537,2014-08-01 00:00:00,1970-06-01 00:00:00,22.267
1538,2018-07-31 00:00:00,1970-06-01 00:00:00,20.896
1539,2021-07-30 00:00:00,1970-06-01 00:00:00,20.856
1540,2023-09-29 00:00:00,1970-06-01 00:00:00,19.714
1541,2000-08-01 00:00:00,1970-07-01 00:00:00,28.03
1542,2003-12-23 00:00:00,1970-07-01 00:00:00,
1543,2004-01-05 00:00:00,1970-07-01 00:00:00,26.47
1544,2004-02-02 00:00:00,1970-07-01 00:00:00,26.474
1545,2009-08-04 00:00:00,1970-07-01 00:00:00,
1546,2009-08-05 00:00:00,1970-07-01 00:00:00,23.699
1547,2011-08-02 00:00:00,1970-07-01 00:00:00,23.71
1548,2013-08-02 00:00:00,1970-07-01 00:00:00,22.348
1549,2018-07-31 00:00:00,1970-07-01 00:00:00,20.973
1550,2021-07-30 00:00:00,1970-07-01 00:00:00,20.932
1551,2023-09-29 00:00:00,1970-07-01 00:00:00,19.786
1552,2000-08-01 00:00:00,1970-08-01 00:00:00,28.11
1553,2003-12-23 00:00:00,1970-08-01 00:00:00,
1554,2004-01-05 00:00:00,1970-08-01 00:00:00,26.55
1555,2004-02-02 00:00:00,1970-08-01 00:00:00,26.545
1556,2009-08-04 00:00:00,1970-08-01 00:00:00,
1557,2009-08-05 00:00:00,1970-08-01 00:00:00,23.761
1558,2011-08-02 00:00:00,1970-08-01 00:00:00,23.772
1559,2013-08-02 00:00:00,1970-08-01 00:00:00,22.407
1560,2018-07-31 00:00:00,1970-08-01 00:00:00,21.028
1561,2021-07-30 00:00:00,1970-08-01 00:00:00,20.987
1562,2023-09-29 00:00:00,1970-08-01 00:00:00,19.838
1563,2000-08-01 00:00:00,1970-09-01 00:00:00,28.23
1564,2003-12-23 00:00:00,1970-09-01 00:00:00,
1565,2004-01-05 00:00:00,1970-09-01 00:00:00,26.67
1566,2004-02-02 00:00:00,1970-09-01 00:00:00,26.666
1567,2009-08-04 00:00:00,1970-09-01 00:00:00,
1568,2009-08-05 00:00:00,1970-09-01 00:00:00,23.868
1569,2011-08-02 00:00:00,1970-09-01 00:00:00,23.879
1570,2013-08-02 00:00:00,1970-09-01 00:00:00,22.507
1571,2014-08-01 00:00:00,1970-09-01 00:00:00,22.508
1572,2018-07-31 00:00:00,1970-09-01 00:00:00,21.122
1573,2021-07-30 00:00:00,1970-09-01 00:00:00,21.081
1574,2023-09-29 00:00:00,1970-09-01 00:00:00,19.927
1575,2000-08-01 00:00:00,1970-10-01 00:00:00,28.38
1576,2003-12-23 00:00:00,1970-10-01 00:00:00,
1577,2004-01-05 00:00:00,1970-10-01 00:00:00,26.8
1578,2004-02-02 00:00:00,1970-10-01 00:00:00,26.799
1579,2009-08-04 00:00:00,1970-10-01 00:00:00,
1580,2009-08-05 00:00:00,1970-10-01 00:00:00,23.986
1581,2011-08-02 00:00:00,1970-10-01 00:00:00,23.997
1582,2013-08-02 00:00:00,1970-10-01 00:00:00,22.619
1583,2018-07-31 00:00:00,1970-10-01 00:00:00,21.227
1584,2021-07-30 00:00:00,1970-10-01 00:00:00,21.185
1585,2023-09-29 00:00:00,1970-10-01 00:00:00,20.026
1586,2000-08-01 00:00:00,1970-11-01 00:00:00,28.49
1587,2003-12-23 00:00:00,1970-11-01 00:00:00,
1588,2004-01-05 00:00:00,1970-11-01 00:00:00,26.91
1589,2004-02-02 00:00:00,1970-11-01 00:00:00,26.905
1590,2009-08-04 00:00:00,1970-11-01 00:00:00,
1591,2009-08-05 00:00:00,1970-11-01 00:00:00,24.081
1592,2011-08-02 00:00:00,1970-11-01 00:00:00,24.092
1593,2013-08-02 00:00:00,1970-11-01 00:00:00,22.708
1594,2018-07-31 00:00:00,1970-11-01 00:00:00,21.31
1595,2021-07-30 00:00:00,1970-11-01 00:00:00,21.269
1596,2023-09-29 00:00:00,1970-11-01 00:00:00,20.105
1597,2000-08-01 00:00:00,1970-12-01 00:00:00,28.63
1598,2003-12-23 00:00:00,1970-12-01 00:00:00,
1599,2004-01-05 00:00:00,1970-12-01 00:00:00,27.03
1600,2004-02-02 00:00:00,1970-12-01 00:00:00,27.026
1601,2009-08-04 00:00:00,1970-12-01 00:00:00,
1602,2009-08-05 00:00:00,1970-12-01 00:00:00,24.188
1603,2011-08-02 00:00:00,1970-12-01 00:00:00,24.199
1604,2013-08-02 00:00:00,1970-12-01 00:00:00,22.809
1605,2018-07-31 00:00:00,1970-12-01 00:00:00,21.405
1606,2021-07-30 00:00:00,1970-12-01 00:00:00,21.363
1607,2023-09-29 00:00:00,1970-12-01 00:00:00,20.194
1608,2000-08-01 00:00:00,1971-01-01 00:00:00,28.68
1609,2003-12-23 00:00:00,1971-01-01 00:00:00,
1610,2004-01-05 00:00:00,1971-01-01 00:00:00,27.08
1611,2004-02-02 00:00:00,1971-01-01 00:00:00,27.083
1612,2009-08-04 00:00:00,1971-01-01 00:00:00,
1613,2009-08-05 00:00:00,1971-01-01 00:00:00,24.239
1614,2011-08-02 00:00:00,1971-01-01 00:00:00,24.25
1615,2013-08-02 00:00:00,1971-01-01 00:00:00,22.857
1616,2018-07-31 00:00:00,1971-01-01 00:00:00,21.45
1617,2021-07-30 00:00:00,1971-01-01 00:00:00,21.408
1618,2023-09-29 00:00:00,1971-01-01 00:00:00,20.237
1619,2000-08-01 00:00:00,1971-02-01 00:00:00,28.76
1620,2003-12-23 00:00:00,1971-02-01 00:00:00,
1621,2004-01-05 00:00:00,1971-02-01 00:00:00,27.16
1622,2004-02-02 00:00:00,1971-02-01 00:00:00,27.161
1623,2009-08-04 00:00:00,1971-02-01 00:00:00,
1624,2009-08-05 00:00:00,1971-02-01 00:00:00,24.31
1625,2011-08-02 00:00:00,1971-02-01 00:00:00,24.321
1626,2013-08-02 00:00:00,1971-02-01 00:00:00,22.924
1627,2018-07-31 00:00:00,1971-02-01 00:00:00,21.513
1628,2021-07-30 00:00:00,1971-02-01 00:00:00,21.471
1629,2023-09-29 00:00:00,1971-02-01 00:00:00,20.296
1630,2000-08-01 00:00:00,1971-03-01 00:00:00,28.86
1631,2003-12-23 00:00:00,1971-03-01 00:00:00,
1632,2004-01-05 00:00:00,1971-03-01 00:00:00,27.25
1633,2004-02-02 00:00:00,1971-03-01 00:00:00,27.248
1634,2009-08-04 00:00:00,1971-03-01 00:00:00,
1635,2009-08-05 00:00:00,1971-03-01 00:00:00,24.391
1636,2011-08-02 00:00:00,1971-03-01 00:00:00,24.402
1637,2013-08-02 00:00:00,1971-03-01 00:00:00,23.0
1638,2014-08-01 00:00:00,1971-03-01 00:00:00,23.001
1639,2018-07-31 00:00:00,1971-03-01 00:00:00,21.584
1640,2021-07-30 00:00:00,1971-03-01 00:00:00,21.542
1641,2023-09-29 00:00:00,1971-03-01 00:00:00,20.363
1642,2000-08-01 00:00:00,1971-04-01 00:00:00,28.97
1643,2003-12-23 00:00:00,1971-04-01 00:00:00,
1644,2004-01-05 00:00:00,1971-04-01 00:00:00,27.36
1645,2004-02-02 00:00:00,1971-04-01 00:00:00,27.355
1646,2009-08-04 00:00:00,1971-04-01 00:00:00,
1647,2009-08-05 00:00:00,1971-04-01 00:00:00,24.486
1648,2011-08-02 00:00:00,1971-04-01 00:00:00,24.497
1649,2013-08-02 00:00:00,1971-04-01 00:00:00,23.09
1650,2018-07-31 00:00:00,1971-04-01 00:00:00,21.669
1651,2021-07-30 00:00:00,1971-04-01 00:00:00,21.626
1652,2023-09-29 00:00:00,1971-04-01 00:00:00,20.443
1653,2000-08-01 00:00:00,1971-05-01 00:00:00,29.09
1654,2003-12-23 00:00:00,1971-05-01 00:00:00,
1655,2004-01-05 00:00:00,1971-05-01 00:00:00,27.47
1656,2004-02-02 00:00:00,1971-05-01 00:00:00,27.469
1657,2009-08-04 00:00:00,1971-05-01 00:00:00,
1658,2009-08-05 00:00:00,1971-05-01 00:00:00,24.588
1659,2011-08-02 00:00:00,1971-05-01 00:00:00,24.599
1660,2013-08-02 00:00:00,1971-05-01 00:00:00,23.186
1661,2014-08-01 00:00:00,1971-05-01 00:00:00,23.187
1662,2018-07-31 00:00:00,1971-05-01 00:00:00,21.759
1663,2021-07-30 00:00:00,1971-05-01 00:00:00,21.717
1664,2023-09-29 00:00:00,1971-05-01 00:00:00,20.528
1665,2000-08-01 00:00:00,1971-06-01 00:00:00,29.22
1666,2003-12-23 00:00:00,1971-06-01 00:00:00,
1667,2004-01-05 00:00:00,1971-06-01 00:00:00,27.59
1668,2004-02-02 00:00:00,1971-06-01 00:00:00,27.593
1669,2009-08-04 00:00:00,1971-06-01 00:00:00,
1670,2009-08-05 00:00:00,1971-06-01 00:00:00,24.697
1671,2011-08-02 00:00:00,1971-06-01 00:00:00,24.708
1672,2013-08-02 00:00:00,1971-06-01 00:00:00,23.289
1673,2018-07-31 00:00:00,1971-06-01 00:00:00,21.855
1674,2021-07-30 00:00:00,1971-06-01 00:00:00,21.813
1675,2023-09-29 00:00:00,1971-06-01 00:00:00,20.619
1676,2000-08-01 00:00:00,1971-07-01 00:00:00,29.31
1677,2003-12-23 00:00:00,1971-07-01 00:00:00,
1678,2004-01-05 00:00:00,1971-07-01 00:00:00,27.68
1679,2004-02-02 00:00:00,1971-07-01 00:00:00,27.678
1680,2009-08-04 00:00:00,1971-07-01 00:00:00,
1681,2009-08-05 00:00:00,1971-07-01 00:00:00,24.772
1682,2011-08-02 00:00:00,1971-07-01 00:00:00,24.783
1683,2013-08-02 00:00:00,1971-07-01 00:00:00,23.359
1684,2014-08-01 00:00:00,1971-07-01 00:00:00,23.36
1685,2018-07-31 00:00:00,1971-07-01 00:00:00,21.921
1686,2021-07-30 00:00:00,1971-07-01 00:00:00,21.879
1687,2023-09-29 00:00:00,1971-07-01 00:00:00,20.681
1688,2000-08-01 00:00:00,1971-08-01 00:00:00,29.4
1689,2003-12-23 00:00:00,1971-08-01 00:00:00,
1690,2004-01-05 00:00:00,1971-08-01 00:00:00,27.76
1691,2004-02-02 00:00:00,1971-08-01 00:00:00,27.756
1692,2009-08-04 00:00:00,1971-08-01 00:00:00,
1693,2009-08-05 00:00:00,1971-08-01 00:00:00,24.844
1694,2011-08-02 00:00:00,1971-08-01 00:00:00,24.855
1695,2013-08-02 00:00:00,1971-08-01 00:00:00,23.427
1696,2014-08-01 00:00:00,1971-08-01 00:00:00,23.428
1697,2018-07-31 00:00:00,1971-08-01 00:00:00,21.985
1698,2021-07-30 00:00:00,1971-08-01 00:00:00,21.942
1699,2023-09-29 00:00:00,1971-08-01 00:00:00,20.741
1700,2000-08-01 00:00:00,1971-09-01 00:00:00,29.44
1701,2003-12-23 00:00:00,1971-09-01 00:00:00,
1702,2004-01-05 00:00:00,1971-09-01 00:00:00,27.8
1703,2004-02-02 00:00:00,1971-09-01 00:00:00,27.795
1704,2009-08-04 00:00:00,1971-09-01 00:00:00,
1705,2009-08-05 00:00:00,1971-09-01 00:00:00,24.881
1706,2011-08-02 00:00:00,1971-09-01 00:00:00,24.892
1707,2013-08-02 00:00:00,1971-09-01 00:00:00,23.462
1708,2014-08-01 00:00:00,1971-09-01 00:00:00,23.463
1709,2018-07-31 00:00:00,1971-09-01 00:00:00,22.018
1710,2021-07-30 00:00:00,1971-09-01 00:00:00,21.975
1711,2023-09-29 00:00:00,1971-09-01 00:00:00,20.772
1712,2000-08-01 00:00:00,1971-10-01 00:00:00,29.49
1713,2003-12-23 00:00:00,1971-10-01 00:00:00,
1714,2004-01-05 00:00:00,1971-10-01 00:00:00,27.84
1715,2009-08-04 00:00:00,1971-10-01 00:00:00,
1716,2009-08-05 00:00:00,1971-10-01 00:00:00,24.92
1717,2011-08-02 00:00:00,1971-10-01 00:00:00,24.931
1718,2013-08-02 00:00:00,1971-10-01 00:00:00,23.499
1719,2018-07-31 00:00:00,1971-10-01 00:00:00,22.052
1720,2021-07-30 00:00:00,1971-10-01 00:00:00,22.009
1721,2023-09-29 00:00:00,1971-10-01 00:00:00,20.804
1722,2000-08-01 00:00:00,1971-11-01 00:00:00,29.55
1723,2003-12-23 00:00:00,1971-11-01 00:00:00,
1724,2004-01-05 00:00:00,1971-11-01 00:00:00,27.9
1725,2004-02-02 00:00:00,1971-11-01 00:00:00,27.897
1726,2009-08-04 00:00:00,1971-11-01 00:00:00,
1727,2009-08-05 00:00:00,1971-11-01 00:00:00,24.971
1728,2011-08-02 00:00:00,1971-11-01 00:00:00,24.982
1729,2013-08-02 00:00:00,1971-11-01 00:00:00,23.548
1730,2018-07-31 00:00:00,1971-11-01 00:00:00,22.097
1731,2021-07-30 00:00:00,1971-11-01 00:00:00,22.054
1732,2023-09-29 00:00:00,1971-11-01 00:00:00,20.847
1733,2000-08-01 00:00:00,1971-12-01 00:00:00,29.67
1734,2003-12-23 00:00:00,1971-12-01 00:00:00,
1735,2004-01-05 00:00:00,1971-12-01 00:00:00,28.01
1736,2004-02-02 00:00:00,1971-12-01 00:00:00,28.008
1737,2009-08-04 00:00:00,1971-12-01 00:00:00,
1738,2009-08-05 00:00:00,1971-12-01 00:00:00,25.069
1739,2011-08-02 00:00:00,1971-12-01 00:00:00,25.081
1740,2013-08-02 00:00:00,1971-12-01 00:00:00,23.64
1741,2014-08-01 00:00:00,1971-12-01 00:00:00,23.641
1742,2018-07-31 00:00:00,1971-12-01 00:00:00,22.184
1743,2021-07-30 00:00:00,1971-12-01 00:00:00,22.141
1744,2023-09-29 00:00:00,1971-12-01 00:00:00,20.929
1745,2000-08-01 00:00:00,1972-01-01 00:00:00,29.79
1746,2003-12-23 00:00:00,1972-01-01 00:00:00,
1747,2004-01-05 00:00:00,1972-01-01 00:00:00,28.12
1748,2004-02-02 00:00:00,1972-01-01 00:00:00,28.124
1749,2009-08-04 00:00:00,1972-01-01 00:00:00,
1750,2009-08-05 00:00:00,1972-01-01 00:00:00,25.172
1751,2011-08-02 00:00:00,1972-01-01 00:00:00,25.184
1752,2013-08-02 00:00:00,1972-01-01 00:00:00,23.737
1753,2014-08-01 00:00:00,1972-01-01 00:00:00,23.738
1754,2018-07-31 00:00:00,1972-01-01 00:00:00,22.275
1755,2021-07-30 00:00:00,1972-01-01 00:00:00,22.232
1756,2023-09-29 00:00:00,1972-01-01 00:00:00,21.015
1757,2000-08-01 00:00:00,1972-02-01 00:00:00,29.91
1758,2003-12-23 00:00:00,1972-02-01 00:00:00,
1759,2004-01-05 00:00:00,1972-02-01 00:00:00,28.24
1760,2004-02-02 00:00:00,1972-02-01 00:00:00,28.237
1761,2009-08-04 00:00:00,1972-02-01 00:00:00,
1762,2009-08-05 00:00:00,1972-02-01 00:00:00,25.272
1763,2011-08-02 00:00:00,1972-02-01 00:00:00,25.283
1764,2013-08-02 00:00:00,1972-02-01 00:00:00,23.831
1765,2014-08-01 00:00:00,1972-02-01 00:00:00,23.832
1766,2018-07-31 00:00:00,1972-02-01 00:00:00,22.363
1767,2021-07-30 00:00:00,1972-02-01 00:00:00,22.319
1768,2023-09-29 00:00:00,1972-02-01 00:00:00,21.098
1769,2000-08-01 00:00:00,1972-03-01 00:00:00,29.96
1770,2003-12-23 00:00:00,1972-03-01 00:00:00,
1771,2004-01-05 00:00:00,1972-03-01 00:00:00,28.28
1772,2009-08-04 00:00:00,1972-03-01 00:00:00,
1773,2009-08-05 00:00:00,1972-03-01 00:00:00,25.308
1774,2011-08-02 00:00:00,1972-03-01 00:00:00,25.32
1775,2013-08-02 00:00:00,1972-03-01 00:00:00,23.865
1776,2014-08-01 00:00:00,1972-03-01 00:00:00,23.866
1777,2018-07-31 00:00:00,1972-03-01 00:00:00,22.395
1778,2021-07-30 00:00:00,1972-03-01 00:00:00,22.351
1779,2023-09-29 00:00:00,1972-03-01 00:00:00,21.128
1780,2000-08-01 00:00:00,1972-04-01 00:00:00,30.01
1781,2003-12-23 00:00:00,1972-04-01 00:00:00,
1782,2004-01-05 00:00:00,1972-04-01 00:00:00,28.33
1783,2004-02-02 00:00:00,1972-04-01 00:00:00,28.328
1784,2009-08-04 00:00:00,1972-04-01 00:00:00,
1785,2009-08-05 00:00:00,1972-04-01 00:00:00,25.347
1786,2011-08-02 00:00:00,1972-04-01 00:00:00,25.359
1787,2013-08-02 00:00:00,1972-04-01 00:00:00,23.902
1788,2014-08-01 00:00:00,1972-04-01 00:00:00,23.903
1789,2018-07-31 00:00:00,1972-04-01 00:00:00,22.429
1790,2021-07-30 00:00:00,1972-04-01 00:00:00,22.386
1791,2023-09-29 00:00:00,1972-04-01 00:00:00,21.16
1792,2000-08-01 00:00:00,1972-05-01 00:00:00,30.08
1793,2003-12-23 00:00:00,1972-05-01 00:00:00,
1794,2004-01-05 00:00:00,1972-05-01 00:00:00,28.39
1795,2004-02-02 00:00:00,1972-05-01 00:00:00,28.388
1796,2009-08-04 00:00:00,1972-05-01 00:00:00,
1797,2009-08-05 00:00:00,1972-05-01 00:00:00,25.403
1798,2011-08-02 00:00:00,1972-05-01 00:00:00,25.414
1799,2013-08-02 00:00:00,1972-05-01 00:00:00,23.955
1800,2018-07-31 00:00:00,1972-05-01 00:00:00,22.478
1801,2021-07-30 00:00:00,1972-05-01 00:00:00,22.434
1802,2023-09-29 00:00:00,1972-05-01 00:00:00,21.207
1803,2000-08-01 00:00:00,1972-06-01 00:00:00,30.12
1804,2003-12-23 00:00:00,1972-06-01 00:00:00,
1805,2004-01-05 00:00:00,1972-06-01 00:00:00,28.44
1806,2004-02-02 00:00:00,1972-06-01 00:00:00,28.435
1807,2009-08-04 00:00:00,1972-06-01 00:00:00,
1808,2009-08-05 00:00:00,1972-06-01 00:00:00,25.442
1809,2011-08-02 00:00:00,1972-06-01 00:00:00,25.453
1810,2013-08-02 00:00:00,1972-06-01 00:00:00,23.991
1811,2014-08-01 00:00:00,1972-06-01 00:00:00,23.992
1812,2018-07-31 00:00:00,1972-06-01 00:00:00,22.513
1813,2021-07-30 00:00:00,1972-06-01 00:00:00,22.469
1814,2023-09-29 00:00:00,1972-06-01 00:00:00,21.239
1815,2000-08-01 00:00:00,1972-07-01 00:00:00,30.23
1816,2003-12-23 00:00:00,1972-07-01 00:00:00,
1817,2004-01-05 00:00:00,1972-07-01 00:00:00,28.54
1818,2004-02-02 00:00:00,1972-07-01 00:00:00,28.537
1819,2009-08-04 00:00:00,1972-07-01 00:00:00,
1820,2009-08-05 00:00:00,1972-07-01 00:00:00,25.533
1821,2011-08-02 00:00:00,1972-07-01 00:00:00,25.544
1822,2013-08-02 00:00:00,1972-07-01 00:00:00,24.077
1823,2014-08-01 00:00:00,1972-07-01 00:00:00,24.078
1824,2018-07-31 00:00:00,1972-07-01 00:00:00,22.593
1825,2021-07-30 00:00:00,1972-07-01 00:00:00,22.549
1826,2023-09-29 00:00:00,1972-07-01 00:00:00,21.315
1827,2000-08-01 00:00:00,1972-08-01 00:00:00,30.32
1828,2003-12-23 00:00:00,1972-08-01 00:00:00,
1829,2004-01-05 00:00:00,1972-08-01 00:00:00,28.62
1830,2004-02-02 00:00:00,1972-08-01 00:00:00,28.622
1831,2009-08-04 00:00:00,1972-08-01 00:00:00,
1832,2009-08-05 00:00:00,1972-08-01 00:00:00,25.608
1833,2011-08-02 00:00:00,1972-08-01 00:00:00,25.619
1834,2013-08-02 00:00:00,1972-08-01 00:00:00,24.148
1835,2018-07-31 00:00:00,1972-08-01 00:00:00,22.659
1836,2021-07-30 00:00:00,1972-08-01 00:00:00,22.615
1837,2023-09-29 00:00:00,1972-08-01 00:00:00,21.377
1838,2000-08-01 00:00:00,1972-09-01 00:00:00,30.45
1839,2003-12-23 00:00:00,1972-09-01 00:00:00,
1840,2004-01-05 00:00:00,1972-09-01 00:00:00,28.75
1841,2004-02-02 00:00:00,1972-09-01 00:00:00,28.752
1842,2009-08-04 00:00:00,1972-09-01 00:00:00,
1843,2009-08-05 00:00:00,1972-09-01 00:00:00,25.722
1844,2011-08-02 00:00:00,1972-09-01 00:00:00,25.734
1845,2013-08-02 00:00:00,1972-09-01 00:00:00,24.256
1846,2018-07-31 00:00:00,1972-09-01 00:00:00,22.76
1847,2021-07-30 00:00:00,1972-09-01 00:00:00,22.716
1848,2023-09-29 00:00:00,1972-09-01 00:00:00,21.473
1849,2000-08-01 00:00:00,1972-10-01 00:00:00,30.49
1850,2003-12-23 00:00:00,1972-10-01 00:00:00,
1851,2004-01-05 00:00:00,1972-10-01 00:00:00,28.79
1852,2004-02-02 00:00:00,1972-10-01 00:00:00,28.787
1853,2009-08-04 00:00:00,1972-10-01 00:00:00,
1854,2009-08-05 00:00:00,1972-10-01 00:00:00,25.751
1855,2011-08-02 00:00:00,1972-10-01 00:00:00,25.763
1856,2013-08-02 00:00:00,1972-10-01 00:00:00,24.283
1857,2018-07-31 00:00:00,1972-10-01 00:00:00,22.786
1858,2021-07-30 00:00:00,1972-10-01 00:00:00,22.741
1859,2023-09-29 00:00:00,1972-10-01 00:00:00,21.497
1860,2000-08-01 00:00:00,1972-11-01 00:00:00,30.58
1861,2003-12-23 00:00:00,1972-11-01 00:00:00,
1862,2004-01-05 00:00:00,1972-11-01 00:00:00,28.87
1863,2004-02-02 00:00:00,1972-11-01 00:00:00,28.873
1864,2009-08-04 00:00:00,1972-11-01 00:00:00,
1865,2009-08-05 00:00:00,1972-11-01 00:00:00,25.828
1866,2011-08-02 00:00:00,1972-11-01 00:00:00,25.84
1867,2013-08-02 00:00:00,1972-11-01 00:00:00,24.356
1868,2018-07-31 00:00:00,1972-11-01 00:00:00,22.854
1869,2021-07-30 00:00:00,1972-11-01 00:00:00,22.809
1870,2023-09-29 00:00:00,1972-11-01 00:00:00,21.561
1871,2000-08-01 00:00:00,1972-12-01 00:00:00,30.68
1872,2003-12-23 00:00:00,1972-12-01 00:00:00,
1873,2004-01-05 00:00:00,1972-12-01 00:00:00,28.97
1874,2004-02-02 00:00:00,1972-12-01 00:00:00,28.968
1875,2009-08-04 00:00:00,1972-12-01 00:00:00,
1876,2009-08-05 00:00:00,1972-12-01 00:00:00,25.911
1877,2011-08-02 00:00:00,1972-12-01 00:00:00,25.923
1878,2013-08-02 00:00:00,1972-12-01 00:00:00,24.434
1879,2018-07-31 00:00:00,1972-12-01 00:00:00,22.927
1880,2021-07-30 00:00:00,1972-12-01 00:00:00,22.882
1881,2023-09-29 00:00:00,1972-12-01 00:00:00,21.63
1882,2000-08-01 00:00:00,1973-01-01 00:00:00,30.78
1883,2003-12-23 00:00:00,1973-01-01 00:00:00,
1884,2004-01-05 00:00:00,1973-01-01 00:00:00,29.06
1885,2009-08-04 00:00:00,1973-01-01 00:00:00,
1886,2009-08-05 00:00:00,1973-01-01 00:00:00,25.989
1887,2011-08-02 00:00:00,1973-01-01 00:00:00,26.001
1888,2013-08-02 00:00:00,1973-01-01 00:00:00,24.508
1889,2018-07-31 00:00:00,1973-01-01 00:00:00,22.996
1890,2021-07-30 00:00:00,1973-01-01 00:00:00,22.951
1891,2023-09-29 00:00:00,1973-01-01 00:00:00,21.695
1892,2000-08-01 00:00:00,1973-02-01 00:00:00,30.94
1893,2003-12-23 00:00:00,1973-02-01 00:00:00,
1894,2004-01-05 00:00:00,1973-02-01 00:00:00,29.21
1895,2009-08-04 00:00:00,1973-02-01 00:00:00,
1896,2009-08-05 00:00:00,1973-02-01 00:00:00,26.125
1897,2011-08-02 00:00:00,1973-02-01 00:00:00,26.137
1898,2013-08-02 00:00:00,1973-02-01 00:00:00,24.637
1899,2018-07-31 00:00:00,1973-02-01 00:00:00,23.117
1900,2021-07-30 00:00:00,1973-02-01 00:00:00,23.072
1901,2023-09-29 00:00:00,1973-02-01 00:00:00,21.809
1902,2000-08-01 00:00:00,1973-03-01 00:00:00,31.16
1903,2003-12-23 00:00:00,1973-03-01 00:00:00,
1904,2004-01-05 00:00:00,1973-03-01 00:00:00,29.42
1905,2009-08-04 00:00:00,1973-03-01 00:00:00,
1906,2009-08-05 00:00:00,1973-03-01 00:00:00,26.31
1907,2011-08-02 00:00:00,1973-03-01 00:00:00,26.322
1908,2013-08-02 00:00:00,1973-03-01 00:00:00,24.811
1909,2014-08-01 00:00:00,1973-03-01 00:00:00,24.812
1910,2018-07-31 00:00:00,1973-03-01 00:00:00,23.28
1911,2021-07-30 00:00:00,1973-03-01 00:00:00,23.235
1912,2023-09-29 00:00:00,1973-03-01 00:00:00,21.964
1913,2000-08-01 00:00:00,1973-04-01 00:00:00,31.4
1914,2003-12-23 00:00:00,1973-04-01 00:00:00,
1915,2004-01-05 00:00:00,1973-04-01 00:00:00,29.64
1916,2004-02-02 00:00:00,1973-04-01 00:00:00,29.642
1917,2009-08-04 00:00:00,1973-04-01 00:00:00,
1918,2009-08-05 00:00:00,1973-04-01 00:00:00,26.509
1919,2011-08-02 00:00:00,1973-04-01 00:00:00,26.521
1920,2013-08-02 00:00:00,1973-04-01 00:00:00,24.997
1921,2018-07-31 00:00:00,1973-04-01 00:00:00,23.454
1922,2021-07-30 00:00:00,1973-04-01 00:00:00,23.408
1923,2023-09-29 00:00:00,1973-04-01 00:00:00,22.127
1924,2000-08-01 00:00:00,1973-05-01 00:00:00,31.55
1925,2003-12-23 00:00:00,1973-05-01 00:00:00,
1926,2004-01-05 00:00:00,1973-05-01 00:00:00,29.79
1927,2004-02-02 00:00:00,1973-05-01 00:00:00,29.785
1928,2009-08-04 00:00:00,1973-05-01 00:00:00,
1929,2009-08-05 00:00:00,1973-05-01 00:00:00,26.638
1930,2011-08-02 00:00:00,1973-05-01 00:00:00,26.65
1931,2013-08-02 00:00:00,1973-05-01 00:00:00,25.119
1932,2014-08-01 00:00:00,1973-05-01 00:00:00,25.12
1933,2018-07-31 00:00:00,1973-05-01 00:00:00,23.569
1934,2021-07-30 00:00:00,1973-05-01 00:00:00,23.523
1935,2023-09-29 00:00:00,1973-05-01 00:00:00,22.236
1936,2000-08-01 00:00:00,1973-06-01 00:00:00,31.73
1937,2003-12-23 00:00:00,1973-06-01 00:00:00,
1938,2004-01-05 00:00:00,1973-06-01 00:00:00,29.96
1939,2004-02-02 00:00:00,1973-06-01 00:00:00,29.956
1940,2009-08-04 00:00:00,1973-06-01 00:00:00,
1941,2009-08-05 00:00:00,1973-06-01 00:00:00,26.791
1942,2011-08-02 00:00:00,1973-06-01 00:00:00,26.804
1943,2013-08-02 00:00:00,1973-06-01 00:00:00,25.263
1944,2018-07-31 00:00:00,1973-06-01 00:00:00,23.704
1945,2021-07-30 00:00:00,1973-06-01 00:00:00,23.658
1946,2023-09-29 00:00:00,1973-06-01 00:00:00,22.363
1947,2000-08-01 00:00:00,1973-07-01 00:00:00,31.84
1948,2003-12-23 00:00:00,1973-07-01 00:00:00,
1949,2004-01-05 00:00:00,1973-07-01 00:00:00,30.07
1950,2004-02-02 00:00:00,1973-07-01 00:00:00,30.066
1951,2009-08-04 00:00:00,1973-07-01 00:00:00,
1952,2009-08-05 00:00:00,1973-07-01 00:00:00,26.889
1953,2011-08-02 00:00:00,1973-07-01 00:00:00,26.901
1954,2013-08-02 00:00:00,1973-07-01 00:00:00,25.355
1955,2018-07-31 00:00:00,1973-07-01 00:00:00,23.79
1956,2021-07-30 00:00:00,1973-07-01 00:00:00,23.744
1957,2023-09-29 00:00:00,1973-07-01 00:00:00,22.444
1958,2000-08-01 00:00:00,1973-08-01 00:00:00,32.21
1959,2003-12-23 00:00:00,1973-08-01 00:00:00,
1960,2004-01-05 00:00:00,1973-08-01 00:00:00,30.41
1961,2004-02-02 00:00:00,1973-08-01 00:00:00,30.413
1962,2009-08-04 00:00:00,1973-08-01 00:00:00,
1963,2009-08-05 00:00:00,1973-08-01 00:00:00,27.197
1964,2011-08-02 00:00:00,1973-08-01 00:00:00,27.209
1965,2013-08-02 00:00:00,1973-08-01 00:00:00,25.646
1966,2014-08-01 00:00:00,1973-08-01 00:00:00,25.647
1967,2018-07-31 00:00:00,1973-08-01 00:00:00,24.064
1968,2021-07-30 00:00:00,1973-08-01 00:00:00,24.017
1969,2023-09-29 00:00:00,1973-08-01 00:00:00,22.703
1970,2000-08-01 00:00:00,1973-09-01 00:00:00,32.34
1971,2003-12-23 00:00:00,1973-09-01 00:00:00,
1972,2004-01-05 00:00:00,1973-09-01 00:00:00,30.53
1973,2004-02-02 00:00:00,1973-09-01 00:00:00,30.533
1974,2009-08-04 00:00:00,1973-09-01 00:00:00,
1975,2009-08-05 00:00:00,1973-09-01 00:00:00,27.306
1976,2011-08-02 00:00:00,1973-09-01 00:00:00,27.318
1977,2013-08-02 00:00:00,1973-09-01 00:00:00,25.749
1978,2014-08-01 00:00:00,1973-09-01 00:00:00,25.75
1979,2018-07-31 00:00:00,1973-09-01 00:00:00,24.16
1980,2021-07-30 00:00:00,1973-09-01 00:00:00,24.113
1981,2023-09-29 00:00:00,1973-09-01 00:00:00,22.793
1982,2000-08-01 00:00:00,1973-10-01 00:00:00,32.52
1983,2003-12-23 00:00:00,1973-10-01 00:00:00,
1984,2004-01-05 00:00:00,1973-10-01 00:00:00,30.71
1985,2004-02-02 00:00:00,1973-10-01 00:00:00,30.709
1986,2009-08-04 00:00:00,1973-10-01 00:00:00,
1987,2009-08-05 00:00:00,1973-10-01 00:00:00,27.46
1988,2011-08-02 00:00:00,1973-10-01 00:00:00,27.472
1989,2013-08-02 00:00:00,1973-10-01 00:00:00,25.894
1990,2014-08-01 00:00:00,1973-10-01 00:00:00,25.895
1991,2018-07-31 00:00:00,1973-10-01 00:00:00,24.296
1992,2021-07-30 00:00:00,1973-10-01 00:00:00,24.249
1993,2023-09-29 00:00:00,1973-10-01 00:00:00,22.922
1994,2000-08-01 00:00:00,1973-11-01 00:00:00,32.78
1995,2003-12-23 00:00:00,1973-11-01 00:00:00,
1996,2004-01-05 00:00:00,1973-11-01 00:00:00,30.96
1997,2004-02-02 00:00:00,1973-11-01 00:00:00,30.958
1998,2009-08-04 00:00:00,1973-11-01 00:00:00,
1999,2009-08-05 00:00:00,1973-11-01 00:00:00,27.685
2000,2011-08-02 00:00:00,1973-11-01 00:00:00,27.698
2001,2013-08-02 00:00:00,1973-11-01 00:00:00,26.107
2002,2018-07-31 00:00:00,1973-11-01 00:00:00,24.495
2003,2021-07-30 00:00:00,1973-11-01 00:00:00,24.448
2004,2023-09-29 00:00:00,1973-11-01 00:00:00,23.11
2005,2000-08-01 00:00:00,1973-12-01 00:00:00,33.05
2006,2003-12-23 00:00:00,1973-12-01 00:00:00,
2007,2004-01-05 00:00:00,1973-12-01 00:00:00,31.22
2008,2004-02-02 00:00:00,1973-12-01 00:00:00,31.215
2009,2009-08-04 00:00:00,1973-12-01 00:00:00,
2010,2009-08-05 00:00:00,1973-12-01 00:00:00,27.914
2011,2011-08-02 00:00:00,1973-12-01 00:00:00,27.926
2012,2013-08-02 00:00:00,1973-12-01 00:00:00,26.322
2013,2018-07-31 00:00:00,1973-12-01 00:00:00,24.697
2014,2021-07-30 00:00:00,1973-12-01 00:00:00,24.649
2015,2023-09-29 00:00:00,1973-12-01 00:00:00,23.3
2016,2000-08-01 00:00:00,1974-01-01 00:00:00,33.36
2017,2003-12-23 00:00:00,1974-01-01 00:00:00,
2018,2004-01-05 00:00:00,1974-01-01 00:00:00,31.51
2019,2009-08-04 00:00:00,1974-01-01 00:00:00,
2020,2009-08-05 00:00:00,1974-01-01 00:00:00,28.181
2021,2011-08-02 00:00:00,1974-01-01 00:00:00,28.193
2022,2013-08-02 00:00:00,1974-01-01 00:00:00,26.573
2023,2014-08-01 00:00:00,1974-01-01 00:00:00,26.574
2024,2018-07-31 00:00:00,1974-01-01 00:00:00,24.934
2025,2021-07-30 00:00:00,1974-01-01 00:00:00,24.885
2026,2023-09-29 00:00:00,1974-01-01 00:00:00,23.523
2027,2000-08-01 00:00:00,1974-02-01 00:00:00,33.75
2028,2003-12-23 00:00:00,1974-02-01 00:00:00,
2029,2004-01-05 00:00:00,1974-02-01 00:00:00,31.88
2030,2004-02-02 00:00:00,1974-02-01 00:00:00,31.876
2031,2009-08-04 00:00:00,1974-02-01 00:00:00,
2032,2009-08-05 00:00:00,1974-02-01 00:00:00,28.508
2033,2011-08-02 00:00:00,1974-02-01 00:00:00,28.521
2034,2013-08-02 00:00:00,1974-02-01 00:00:00,26.882
2035,2014-08-01 00:00:00,1974-02-01 00:00:00,26.883
2036,2018-07-31 00:00:00,1974-02-01 00:00:00,25.224
2037,2021-07-30 00:00:00,1974-02-01 00:00:00,25.175
2038,2023-09-29 00:00:00,1974-02-01 00:00:00,23.797
2039,2000-08-01 00:00:00,1974-03-01 00:00:00,34.14
2040,2003-12-23 00:00:00,1974-03-01 00:00:00,
2041,2004-01-05 00:00:00,1974-03-01 00:00:00,32.24
2042,2004-02-02 00:00:00,1974-03-01 00:00:00,32.244
2043,2009-08-04 00:00:00,1974-03-01 00:00:00,
2044,2009-08-05 00:00:00,1974-03-01 00:00:00,28.84
2045,2011-08-02 00:00:00,1974-03-01 00:00:00,28.853
2046,2013-08-02 00:00:00,1974-03-01 00:00:00,27.194
2047,2014-08-01 00:00:00,1974-03-01 00:00:00,27.195
2048,2018-07-31 00:00:00,1974-03-01 00:00:00,25.517
2049,2021-07-30 00:00:00,1974-03-01 00:00:00,25.467
2050,2023-09-29 00:00:00,1974-03-01 00:00:00,24.073
2051,2000-08-01 00:00:00,1974-04-01 00:00:00,34.38
2052,2003-12-23 00:00:00,1974-04-01 00:00:00,
2053,2004-01-05 00:00:00,1974-04-01 00:00:00,32.47
2054,2004-02-02 00:00:00,1974-04-01 00:00:00,32.465
2055,2009-08-04 00:00:00,1974-04-01 00:00:00,
2056,2009-08-05 00:00:00,1974-04-01 00:00:00,29.044
2057,2011-08-02 00:00:00,1974-04-01 00:00:00,29.057
2058,2013-08-02 00:00:00,1974-04-01 00:00:00,27.387
2059,2018-07-31 00:00:00,1974-04-01 00:00:00,25.697
2060,2021-07-30 00:00:00,1974-04-01 00:00:00,25.647
2061,2023-09-29 00:00:00,1974-04-01 00:00:00,24.243
2062,2000-08-01 00:00:00,1974-05-01 00:00:00,34.7
2063,2003-12-23 00:00:00,1974-05-01 00:00:00,
2064,2004-01-05 00:00:00,1974-05-01 00:00:00,32.78
2065,2004-02-02 00:00:00,1974-05-01 00:00:00,32.775
2066,2009-08-04 00:00:00,1974-05-01 00:00:00,
2067,2009-08-05 00:00:00,1974-05-01 00:00:00,29.329
2068,2011-08-02 00:00:00,1974-05-01 00:00:00,29.342
2069,2013-08-02 00:00:00,1974-05-01 00:00:00,27.656
2070,2014-08-01 00:00:00,1974-05-01 00:00:00,27.657
2071,2018-07-31 00:00:00,1974-05-01 00:00:00,25.95
2072,2021-07-30 00:00:00,1974-05-01 00:00:00,25.9
2073,2023-09-29 00:00:00,1974-05-01 00:00:00,24.482
2074,2000-08-01 00:00:00,1974-06-01 00:00:00,34.99
2075,2003-12-23 00:00:00,1974-06-01 00:00:00,
2076,2004-01-05 00:00:00,1974-06-01 00:00:00,33.05
2077,2009-08-04 00:00:00,1974-06-01 00:00:00,
2078,2009-08-05 00:00:00,1974-06-01 00:00:00,29.578
2079,2011-08-02 00:00:00,1974-06-01 00:00:00,29.591
2080,2013-08-02 00:00:00,1974-06-01 00:00:00,27.891
2081,2018-07-31 00:00:00,1974-06-01 00:00:00,26.17
2082,2021-07-30 00:00:00,1974-06-01 00:00:00,26.119
2083,2023-09-29 00:00:00,1974-06-01 00:00:00,24.69
2084,2000-08-01 00:00:00,1974-07-01 00:00:00,35.24
2085,2003-12-23 00:00:00,1974-07-01 00:00:00,
2086,2004-01-05 00:00:00,1974-07-01 00:00:00,33.29
2087,2004-02-02 00:00:00,1974-07-01 00:00:00,33.291
2088,2009-08-04 00:00:00,1974-07-01 00:00:00,
2089,2009-08-05 00:00:00,1974-07-01 00:00:00,29.797
2090,2011-08-02 00:00:00,1974-07-01 00:00:00,29.811
2091,2013-08-02 00:00:00,1974-07-01 00:00:00,28.097
2092,2014-08-01 00:00:00,1974-07-01 00:00:00,28.098
2093,2018-07-31 00:00:00,1974-07-01 00:00:00,26.363
2094,2021-07-30 00:00:00,1974-07-01 00:00:00,26.312
2095,2023-09-29 00:00:00,1974-07-01 00:00:00,24.872
2096,2000-08-01 00:00:00,1974-08-01 00:00:00,35.61
2097,2003-12-23 00:00:00,1974-08-01 00:00:00,
2098,2004-01-05 00:00:00,1974-08-01 00:00:00,33.64
2099,2004-02-02 00:00:00,1974-08-01 00:00:00,33.641
2100,2009-08-04 00:00:00,1974-08-01 00:00:00,
2101,2009-08-05 00:00:00,1974-08-01 00:00:00,30.108
2102,2011-08-02 00:00:00,1974-08-01 00:00:00,30.122
2103,2013-08-02 00:00:00,1974-08-01 00:00:00,28.391
2104,2018-07-31 00:00:00,1974-08-01 00:00:00,26.639
2105,2021-07-30 00:00:00,1974-08-01 00:00:00,26.587
2106,2023-09-29 00:00:00,1974-08-01 00:00:00,25.132
2107,2000-08-01 00:00:00,1974-09-01 00:00:00,35.96
2108,2003-12-23 00:00:00,1974-09-01 00:00:00,
2109,2004-01-05 00:00:00,1974-09-01 00:00:00,33.98
2110,2004-02-02 00:00:00,1974-09-01 00:00:00,33.981
2111,2009-08-04 00:00:00,1974-09-01 00:00:00,
2112,2009-08-05 00:00:00,1974-09-01 00:00:00,30.422
2113,2011-08-02 00:00:00,1974-09-01 00:00:00,30.435
2114,2013-08-02 00:00:00,1974-09-01 00:00:00,28.686
2115,2014-08-01 00:00:00,1974-09-01 00:00:00,28.687
2116,2018-07-31 00:00:00,1974-09-01 00:00:00,26.916
2117,2021-07-30 00:00:00,1974-09-01 00:00:00,26.863
2118,2023-09-29 00:00:00,1974-09-01 00:00:00,25.393
2119,2000-08-01 00:00:00,1974-10-01 00:00:00,36.22
2120,2003-12-23 00:00:00,1974-10-01 00:00:00,
2121,2004-01-05 00:00:00,1974-10-01 00:00:00,34.23
2122,2004-02-02 00:00:00,1974-10-01 00:00:00,34.227
2123,2009-08-04 00:00:00,1974-10-01 00:00:00,
2124,2009-08-05 00:00:00,1974-10-01 00:00:00,30.64
2125,2011-08-02 00:00:00,1974-10-01 00:00:00,30.654
2126,2013-08-02 00:00:00,1974-10-01 00:00:00,28.892
2127,2014-08-01 00:00:00,1974-10-01 00:00:00,28.893
2128,2018-07-31 00:00:00,1974-10-01 00:00:00,27.108
2129,2021-07-30 00:00:00,1974-10-01 00:00:00,27.056
2130,2023-09-29 00:00:00,1974-10-01 00:00:00,25.575
2131,2000-08-01 00:00:00,1974-11-01 00:00:00,36.49
2132,2003-12-23 00:00:00,1974-11-01 00:00:00,
2133,2004-01-05 00:00:00,1974-11-01 00:00:00,34.48
2134,2004-02-02 00:00:00,1974-11-01 00:00:00,34.481
2135,2009-08-04 00:00:00,1974-11-01 00:00:00,
2136,2009-08-05 00:00:00,1974-11-01 00:00:00,30.871
2137,2011-08-02 00:00:00,1974-11-01 00:00:00,30.885
2138,2013-08-02 00:00:00,1974-11-01 00:00:00,29.109
2139,2014-08-01 00:00:00,1974-11-01 00:00:00,29.11
2140,2018-07-31 00:00:00,1974-11-01 00:00:00,27.312
2141,2021-07-30 00:00:00,1974-11-01 00:00:00,27.259
2142,2023-09-29 00:00:00,1974-11-01 00:00:00,25.767
2143,2000-08-01 00:00:00,1974-12-01 00:00:00,36.77
2144,2003-12-23 00:00:00,1974-12-01 00:00:00,
2145,2004-01-05 00:00:00,1974-12-01 00:00:00,34.75
2146,2004-02-02 00:00:00,1974-12-01 00:00:00,34.747
2147,2009-08-04 00:00:00,1974-12-01 00:00:00,
2148,2009-08-05 00:00:00,1974-12-01 00:00:00,31.115
2149,2011-08-02 00:00:00,1974-12-01 00:00:00,31.129
2150,2013-08-02 00:00:00,1974-12-01 00:00:00,29.34
2151,2014-08-01 00:00:00,1974-12-01 00:00:00,29.341
2152,2018-07-31 00:00:00,1974-12-01 00:00:00,27.528
2153,2021-07-30 00:00:00,1974-12-01 00:00:00,27.474
2154,2023-09-29 00:00:00,1974-12-01 00:00:00,25.971
2155,2000-08-01 00:00:00,1975-01-01 00:00:00,37.0
2156,2003-12-23 00:00:00,1975-01-01 00:00:00,
2157,2004-01-05 00:00:00,1975-01-01 00:00:00,34.97
2158,2004-02-02 00:00:00,1975-01-01 00:00:00,34.966
2159,2009-08-04 00:00:00,1975-01-01 00:00:00,
2160,2009-08-05 00:00:00,1975-01-01 00:00:00,31.308
2161,2011-08-02 00:00:00,1975-01-01 00:00:00,31.323
2162,2013-08-02 00:00:00,1975-01-01 00:00:00,29.523
2163,2018-07-31 00:00:00,1975-01-01 00:00:00,27.698
2164,2021-07-30 00:00:00,1975-01-01 00:00:00,27.645
2165,2023-09-29 00:00:00,1975-01-01 00:00:00,26.132
2166,2000-08-01 00:00:00,1975-02-01 00:00:00,37.2
2167,2003-12-23 00:00:00,1975-02-01 00:00:00,
2168,2004-01-05 00:00:00,1975-02-01 00:00:00,35.16
2169,2004-02-02 00:00:00,1975-02-01 00:00:00,35.157
2170,2009-08-04 00:00:00,1975-02-01 00:00:00,
2171,2009-08-05 00:00:00,1975-02-01 00:00:00,31.479
2172,2011-08-02 00:00:00,1975-02-01 00:00:00,31.494
2173,2013-08-02 00:00:00,1975-02-01 00:00:00,29.684
2174,2018-07-31 00:00:00,1975-02-01 00:00:00,27.849
2175,2021-07-30 00:00:00,1975-02-01 00:00:00,27.795
2176,2023-09-29 00:00:00,1975-02-01 00:00:00,26.274
2177,2000-08-01 00:00:00,1975-03-01 00:00:00,37.31
2178,2003-12-23 00:00:00,1975-03-01 00:00:00,
2179,2004-01-05 00:00:00,1975-03-01 00:00:00,35.27
2180,2004-02-02 00:00:00,1975-03-01 00:00:00,35.273
2181,2009-08-04 00:00:00,1975-03-01 00:00:00,
2182,2009-08-05 00:00:00,1975-03-01 00:00:00,31.587
2183,2011-08-02 00:00:00,1975-03-01 00:00:00,31.601
2184,2013-08-02 00:00:00,1975-03-01 00:00:00,29.785
2185,2014-08-01 00:00:00,1975-03-01 00:00:00,29.786
2186,2018-07-31 00:00:00,1975-03-01 00:00:00,27.943
2187,2021-07-30 00:00:00,1975-03-01 00:00:00,27.889
2188,2023-09-29 00:00:00,1975-03-01 00:00:00,26.363
2189,2000-08-01 00:00:00,1975-04-01 00:00:00,37.45
2190,2003-12-23 00:00:00,1975-04-01 00:00:00,
2191,2004-01-05 00:00:00,1975-04-01 00:00:00,35.41
2192,2004-02-02 00:00:00,1975-04-01 00:00:00,35.411
2193,2009-08-04 00:00:00,1975-04-01 00:00:00,
2194,2009-08-05 00:00:00,1975-04-01 00:00:00,31.695
2195,2011-08-02 00:00:00,1975-04-01 00:00:00,31.709
2196,2013-08-02 00:00:00,1975-04-01 00:00:00,29.887
2197,2018-07-31 00:00:00,1975-04-01 00:00:00,28.039
2198,2021-07-30 00:00:00,1975-04-01 00:00:00,27.984
2199,2023-09-29 00:00:00,1975-04-01 00:00:00,26.452
2200,2000-08-01 00:00:00,1975-05-01 00:00:00,37.59
2201,2003-12-23 00:00:00,1975-05-01 00:00:00,
2202,2004-01-05 00:00:00,1975-05-01 00:00:00,35.55
2203,2004-02-02 00:00:00,1975-05-01 00:00:00,35.551
2204,2009-08-04 00:00:00,1975-05-01 00:00:00,
2205,2009-08-05 00:00:00,1975-05-01 00:00:00,31.823
2206,2011-08-02 00:00:00,1975-05-01 00:00:00,31.837
2207,2013-08-02 00:00:00,1975-05-01 00:00:00,30.006
2208,2014-08-01 00:00:00,1975-05-01 00:00:00,30.007
2209,2018-07-31 00:00:00,1975-05-01 00:00:00,28.15
2210,2021-07-30 00:00:00,1975-05-01 00:00:00,28.095
2211,2023-09-29 00:00:00,1975-05-01 00:00:00,26.558
2212,2000-08-01 00:00:00,1975-06-01 00:00:00,37.82
2213,2003-12-23 00:00:00,1975-06-01 00:00:00,
2214,2004-01-05 00:00:00,1975-06-01 00:00:00,35.77
2215,2004-02-02 00:00:00,1975-06-01 00:00:00,35.774
2216,2009-08-04 00:00:00,1975-06-01 00:00:00,
2217,2009-08-05 00:00:00,1975-06-01 00:00:00,32.021
2218,2011-08-02 00:00:00,1975-06-01 00:00:00,32.036
2219,2013-08-02 00:00:00,1975-06-01 00:00:00,30.194
2220,2014-08-01 00:00:00,1975-06-01 00:00:00,30.195
2221,2018-07-31 00:00:00,1975-06-01 00:00:00,28.326
2222,2021-07-30 00:00:00,1975-06-01 00:00:00,28.271
2223,2023-09-29 00:00:00,1975-06-01 00:00:00,26.724
2224,2000-08-01 00:00:00,1975-07-01 00:00:00,38.14
2225,2003-12-23 00:00:00,1975-07-01 00:00:00,
2226,2004-01-05 00:00:00,1975-07-01 00:00:00,36.08
2227,2004-02-02 00:00:00,1975-07-01 00:00:00,36.083
2228,2009-08-04 00:00:00,1975-07-01 00:00:00,
2229,2009-08-05 00:00:00,1975-07-01 00:00:00,32.296
2230,2011-08-02 00:00:00,1975-07-01 00:00:00,32.311
2231,2013-08-02 00:00:00,1975-07-01 00:00:00,30.453
2232,2014-08-01 00:00:00,1975-07-01 00:00:00,30.454
2233,2018-07-31 00:00:00,1975-07-01 00:00:00,28.569
2234,2021-07-30 00:00:00,1975-07-01 00:00:00,28.514
2235,2023-09-29 00:00:00,1975-07-01 00:00:00,26.953
2236,2000-08-01 00:00:00,1975-08-01 00:00:00,38.3
2237,2003-12-23 00:00:00,1975-08-01 00:00:00,
2238,2004-01-05 00:00:00,1975-08-01 00:00:00,36.24
2239,2009-08-04 00:00:00,1975-08-01 00:00:00,
2240,2009-08-05 00:00:00,1975-08-01 00:00:00,32.436
2241,2011-08-02 00:00:00,1975-08-01 00:00:00,32.451
2242,2013-08-02 00:00:00,1975-08-01 00:00:00,30.585
2243,2014-08-01 00:00:00,1975-08-01 00:00:00,30.586
2244,2018-07-31 00:00:00,1975-08-01 00:00:00,28.693
2245,2021-07-30 00:00:00,1975-08-01 00:00:00,28.637
2246,2023-09-29 00:00:00,1975-08-01 00:00:00,27.07
2247,2000-08-01 00:00:00,1975-09-01 00:00:00,38.49
2248,2003-12-23 00:00:00,1975-09-01 00:00:00,
2249,2004-01-05 00:00:00,1975-09-01 00:00:00,36.42
2250,2009-08-04 00:00:00,1975-09-01 00:00:00,
2251,2009-08-05 00:00:00,1975-09-01 00:00:00,32.598
2252,2011-08-02 00:00:00,1975-09-01 00:00:00,32.612
2253,2013-08-02 00:00:00,1975-09-01 00:00:00,30.737
2254,2018-07-31 00:00:00,1975-09-01 00:00:00,28.835
2255,2021-07-30 00:00:00,1975-09-01 00:00:00,28.779
2256,2023-09-29 00:00:00,1975-09-01 00:00:00,27.204
2257,2000-08-01 00:00:00,1975-10-01 00:00:00,38.71
2258,2003-12-23 00:00:00,1975-10-01 00:00:00,
2259,2004-01-05 00:00:00,1975-10-01 00:00:00,36.63
2260,2004-02-02 00:00:00,1975-10-01 00:00:00,36.634
2261,2009-08-04 00:00:00,1975-10-01 00:00:00,
2262,2009-08-05 00:00:00,1975-10-01 00:00:00,32.787
2263,2011-08-02 00:00:00,1975-10-01 00:00:00,32.802
2264,2013-08-02 00:00:00,1975-10-01 00:00:00,30.915
2265,2014-08-01 00:00:00,1975-10-01 00:00:00,30.916
2266,2018-07-31 00:00:00,1975-10-01 00:00:00,29.003
2267,2021-07-30 00:00:00,1975-10-01 00:00:00,28.946
2268,2023-09-29 00:00:00,1975-10-01 00:00:00,27.362
2269,2000-08-01 00:00:00,1975-11-01 00:00:00,38.94
2270,2003-12-23 00:00:00,1975-11-01 00:00:00,
2271,2004-01-05 00:00:00,1975-11-01 00:00:00,36.87
2272,2004-02-02 00:00:00,1975-11-01 00:00:00,36.871
2273,2009-08-04 00:00:00,1975-11-01 00:00:00,
2274,2009-08-05 00:00:00,1975-11-01 00:00:00,32.997
2275,2011-08-02 00:00:00,1975-11-01 00:00:00,33.012
2276,2013-08-02 00:00:00,1975-11-01 00:00:00,31.114
2277,2018-07-31 00:00:00,1975-11-01 00:00:00,29.189
2278,2021-07-30 00:00:00,1975-11-01 00:00:00,29.132
2279,2023-09-29 00:00:00,1975-11-01 00:00:00,27.538
2280,2000-08-01 00:00:00,1975-12-01 00:00:00,39.16
2281,2003-12-23 00:00:00,1975-12-01 00:00:00,
2282,2004-01-05 00:00:00,1975-12-01 00:00:00,37.08
2283,2004-02-02 00:00:00,1975-12-01 00:00:00,37.081
2284,2009-08-04 00:00:00,1975-12-01 00:00:00,
2285,2009-08-05 00:00:00,1975-12-01 00:00:00,33.18
2286,2011-08-02 00:00:00,1975-12-01 00:00:00,33.195
2287,2013-08-02 00:00:00,1975-12-01 00:00:00,31.286
2288,2018-07-31 00:00:00,1975-12-01 00:00:00,29.35
2289,2021-07-30 00:00:00,1975-12-01 00:00:00,29.293
2290,2023-09-29 00:00:00,1975-12-01 00:00:00,27.69
2291,2000-08-01 00:00:00,1976-01-01 00:00:00,39.29
2292,2003-12-23 00:00:00,1976-01-01 00:00:00,
2293,2004-01-05 00:00:00,1976-01-01 00:00:00,37.21
2294,2004-02-02 00:00:00,1976-01-01 00:00:00,37.212
2295,2009-08-04 00:00:00,1976-01-01 00:00:00,
2296,2009-08-05 00:00:00,1976-01-01 00:00:00,33.306
2297,2011-08-02 00:00:00,1976-01-01 00:00:00,33.321
2298,2013-08-02 00:00:00,1976-01-01 00:00:00,31.405
2299,2014-08-01 00:00:00,1976-01-01 00:00:00,31.406
2300,2018-07-31 00:00:00,1976-01-01 00:00:00,29.462
2301,2021-07-30 00:00:00,1976-01-01 00:00:00,29.405
2302,2023-09-29 00:00:00,1976-01-01 00:00:00,27.795
2303,2000-08-01 00:00:00,1976-02-01 00:00:00,39.35
2304,2003-12-23 00:00:00,1976-02-01 00:00:00,
2305,2004-01-05 00:00:00,1976-02-01 00:00:00,37.27
2306,2004-02-02 00:00:00,1976-02-01 00:00:00,37.272
2307,2009-08-04 00:00:00,1976-02-01 00:00:00,
2308,2009-08-05 00:00:00,1976-02-01 00:00:00,33.349
2309,2011-08-02 00:00:00,1976-02-01 00:00:00,33.364
2310,2013-08-02 00:00:00,1976-02-01 00:00:00,31.446
2311,2014-08-01 00:00:00,1976-02-01 00:00:00,31.447
2312,2018-07-31 00:00:00,1976-02-01 00:00:00,29.5
2313,2021-07-30 00:00:00,1976-02-01 00:00:00,29.442
2314,2023-09-29 00:00:00,1976-02-01 00:00:00,27.831
2315,2000-08-01 00:00:00,1976-03-01 00:00:00,39.4
2316,2003-12-23 00:00:00,1976-03-01 00:00:00,
2317,2004-01-05 00:00:00,1976-03-01 00:00:00,37.33
2318,2004-02-02 00:00:00,1976-03-01 00:00:00,37.326
2319,2009-08-04 00:00:00,1976-03-01 00:00:00,
2320,2009-08-05 00:00:00,1976-03-01 00:00:00,33.399
2321,2011-08-02 00:00:00,1976-03-01 00:00:00,33.414
2322,2013-08-02 00:00:00,1976-03-01 00:00:00,31.493
2323,2014-08-01 00:00:00,1976-03-01 00:00:00,31.494
2324,2018-07-31 00:00:00,1976-03-01 00:00:00,29.544
2325,2021-07-30 00:00:00,1976-03-01 00:00:00,29.486
2326,2023-09-29 00:00:00,1976-03-01 00:00:00,27.873
2327,2000-08-01 00:00:00,1976-04-01 00:00:00,39.49
2328,2003-12-23 00:00:00,1976-04-01 00:00:00,
2329,2004-01-05 00:00:00,1976-04-01 00:00:00,37.41
2330,2004-02-02 00:00:00,1976-04-01 00:00:00,37.414
2331,2009-08-04 00:00:00,1976-04-01 00:00:00,
2332,2009-08-05 00:00:00,1976-04-01 00:00:00,33.476
2333,2011-08-02 00:00:00,1976-04-01 00:00:00,33.491
2334,2013-08-02 00:00:00,1976-04-01 00:00:00,31.565
2335,2018-07-31 00:00:00,1976-04-01 00:00:00,29.611
2336,2021-07-30 00:00:00,1976-04-01 00:00:00,29.553
2337,2023-09-29 00:00:00,1976-04-01 00:00:00,27.936
2338,2000-08-01 00:00:00,1976-05-01 00:00:00,39.69
2339,2003-12-23 00:00:00,1976-05-01 00:00:00,
2340,2004-01-05 00:00:00,1976-05-01 00:00:00,37.6
2341,2004-02-02 00:00:00,1976-05-01 00:00:00,37.598
2342,2009-08-04 00:00:00,1976-05-01 00:00:00,
2343,2009-08-05 00:00:00,1976-05-01 00:00:00,33.634
2344,2011-08-02 00:00:00,1976-05-01 00:00:00,33.649
2345,2013-08-02 00:00:00,1976-05-01 00:00:00,31.715
2346,2014-08-01 00:00:00,1976-05-01 00:00:00,31.716
2347,2018-07-31 00:00:00,1976-05-01 00:00:00,29.752
2348,2021-07-30 00:00:00,1976-05-01 00:00:00,29.695
2349,2023-09-29 00:00:00,1976-05-01 00:00:00,28.069
2350,2000-08-01 00:00:00,1976-06-01 00:00:00,39.87
2351,2003-12-23 00:00:00,1976-06-01 00:00:00,
2352,2004-01-05 00:00:00,1976-06-01 00:00:00,37.76
2353,2004-02-02 00:00:00,1976-06-01 00:00:00,37.763
2354,2009-08-04 00:00:00,1976-06-01 00:00:00,
2355,2009-08-05 00:00:00,1976-06-01 00:00:00,33.78
2356,2011-08-02 00:00:00,1976-06-01 00:00:00,33.796
2357,2013-08-02 00:00:00,1976-06-01 00:00:00,31.853
2358,2018-07-31 00:00:00,1976-06-01 00:00:00,29.882
2359,2021-07-30 00:00:00,1976-06-01 00:00:00,29.824
2360,2023-09-29 00:00:00,1976-06-01 00:00:00,28.192
2361,2000-08-01 00:00:00,1976-07-01 00:00:00,40.08
2362,2003-12-23 00:00:00,1976-07-01 00:00:00,
2363,2004-01-05 00:00:00,1976-07-01 00:00:00,37.96
2364,2004-02-02 00:00:00,1976-07-01 00:00:00,37.955
2365,2009-08-04 00:00:00,1976-07-01 00:00:00,
2366,2009-08-05 00:00:00,1976-07-01 00:00:00,33.952
2367,2011-08-02 00:00:00,1976-07-01 00:00:00,33.967
2368,2013-08-02 00:00:00,1976-07-01 00:00:00,32.014
2369,2018-07-31 00:00:00,1976-07-01 00:00:00,30.033
2370,2021-07-30 00:00:00,1976-07-01 00:00:00,29.975
2371,2023-09-29 00:00:00,1976-07-01 00:00:00,28.335
2372,2000-08-01 00:00:00,1976-08-01 00:00:00,40.31
2373,2003-12-23 00:00:00,1976-08-01 00:00:00,
2374,2004-01-05 00:00:00,1976-08-01 00:00:00,38.17
2375,2004-02-02 00:00:00,1976-08-01 00:00:00,38.167
2376,2009-08-04 00:00:00,1976-08-01 00:00:00,
2377,2009-08-05 00:00:00,1976-08-01 00:00:00,34.139
2378,2011-08-02 00:00:00,1976-08-01 00:00:00,34.154
2379,2013-08-02 00:00:00,1976-08-01 00:00:00,32.19
2380,2018-07-31 00:00:00,1976-08-01 00:00:00,30.199
2381,2021-07-30 00:00:00,1976-08-01 00:00:00,30.14
2382,2023-09-29 00:00:00,1976-08-01 00:00:00,28.491
2383,2000-08-01 00:00:00,1976-09-01 00:00:00,40.54
2384,2003-12-23 00:00:00,1976-09-01 00:00:00,
2385,2004-01-05 00:00:00,1976-09-01 00:00:00,38.38
2386,2004-02-02 00:00:00,1976-09-01 00:00:00,38.375
2387,2009-08-04 00:00:00,1976-09-01 00:00:00,
2388,2009-08-05 00:00:00,1976-09-01 00:00:00,34.33
2389,2011-08-02 00:00:00,1976-09-01 00:00:00,34.346
2390,2013-08-02 00:00:00,1976-09-01 00:00:00,32.371
2391,2018-07-31 00:00:00,1976-09-01 00:00:00,30.369
2392,2021-07-30 00:00:00,1976-09-01 00:00:00,30.31
2393,2023-09-29 00:00:00,1976-09-01 00:00:00,28.651
2394,2000-08-01 00:00:00,1976-10-01 00:00:00,40.77
2395,2003-12-23 00:00:00,1976-10-01 00:00:00,
2396,2004-01-05 00:00:00,1976-10-01 00:00:00,38.58
2397,2004-02-02 00:00:00,1976-10-01 00:00:00,38.578
2398,2009-08-04 00:00:00,1976-10-01 00:00:00,
2399,2009-08-05 00:00:00,1976-10-01 00:00:00,34.511
2400,2011-08-02 00:00:00,1976-10-01 00:00:00,34.526
2401,2013-08-02 00:00:00,1976-10-01 00:00:00,32.54
2402,2014-08-01 00:00:00,1976-10-01 00:00:00,32.541
2403,2018-07-31 00:00:00,1976-10-01 00:00:00,30.528
2404,2021-07-30 00:00:00,1976-10-01 00:00:00,30.469
2405,2023-09-29 00:00:00,1976-10-01 00:00:00,28.801
2406,2000-08-01 00:00:00,1976-11-01 00:00:00,40.96
2407,2003-12-23 00:00:00,1976-11-01 00:00:00,
2408,2004-01-05 00:00:00,1976-11-01 00:00:00,38.75
2409,2004-02-02 00:00:00,1976-11-01 00:00:00,38.751
2410,2009-08-04 00:00:00,1976-11-01 00:00:00,
2411,2009-08-05 00:00:00,1976-11-01 00:00:00,34.667
2412,2011-08-02 00:00:00,1976-11-01 00:00:00,34.682
2413,2013-08-02 00:00:00,1976-11-01 00:00:00,32.688
2414,2018-07-31 00:00:00,1976-11-01 00:00:00,30.667
2415,2021-07-30 00:00:00,1976-11-01 00:00:00,30.607
2416,2023-09-29 00:00:00,1976-11-01 00:00:00,28.932
2417,2000-08-01 00:00:00,1976-12-01 00:00:00,41.19
2418,2003-12-23 00:00:00,1976-12-01 00:00:00,
2419,2004-01-05 00:00:00,1976-12-01 00:00:00,38.97
2420,2004-02-02 00:00:00,1976-12-01 00:00:00,38.968
2421,2009-08-04 00:00:00,1976-12-01 00:00:00,
2422,2009-08-05 00:00:00,1976-12-01 00:00:00,34.86
2423,2011-08-02 00:00:00,1976-12-01 00:00:00,34.875
2424,2013-08-02 00:00:00,1976-12-01 00:00:00,32.869
2425,2014-08-01 00:00:00,1976-12-01 00:00:00,32.87
2426,2018-07-31 00:00:00,1976-12-01 00:00:00,30.839
2427,2021-07-30 00:00:00,1976-12-01 00:00:00,30.778
2428,2023-09-29 00:00:00,1976-12-01 00:00:00,29.094
2429,2000-08-01 00:00:00,1977-01-01 00:00:00,41.41
2430,2003-12-23 00:00:00,1977-01-01 00:00:00,
2431,2004-01-05 00:00:00,1977-01-01 00:00:00,39.18
2432,2009-08-04 00:00:00,1977-01-01 00:00:00,
2433,2009-08-05 00:00:00,1977-01-01 00:00:00,35.058
2434,2011-08-02 00:00:00,1977-01-01 00:00:00,35.074
2435,2013-08-02 00:00:00,1977-01-01 00:00:00,33.057
2436,2014-08-01 00:00:00,1977-01-01 00:00:00,33.058
2437,2018-07-31 00:00:00,1977-01-01 00:00:00,31.017
2438,2021-07-30 00:00:00,1977-01-01 00:00:00,30.957
2439,2023-09-29 00:00:00,1977-01-01 00:00:00,29.263
2440,2000-08-01 00:00:00,1977-02-01 00:00:00,41.73
2441,2003-12-23 00:00:00,1977-02-01 00:00:00,
2442,2004-01-05 00:00:00,1977-02-01 00:00:00,39.49
2443,2004-02-02 00:00:00,1977-02-01 00:00:00,39.491
2444,2009-08-04 00:00:00,1977-02-01 00:00:00,
2445,2009-08-05 00:00:00,1977-02-01 00:00:00,35.332
2446,2011-08-02 00:00:00,1977-02-01 00:00:00,35.348
2447,2013-08-02 00:00:00,1977-02-01 00:00:00,33.315
2448,2014-08-01 00:00:00,1977-02-01 00:00:00,33.316
2449,2018-07-31 00:00:00,1977-02-01 00:00:00,31.26
2450,2021-07-30 00:00:00,1977-02-01 00:00:00,31.199
2451,2023-09-29 00:00:00,1977-02-01 00:00:00,29.492
2452,2000-08-01 00:00:00,1977-03-01 00:00:00,41.94
2453,2003-12-23 00:00:00,1977-03-01 00:00:00,
2454,2004-01-05 00:00:00,1977-03-01 00:00:00,39.68
2455,2004-02-02 00:00:00,1977-03-01 00:00:00,39.684
2456,2009-08-04 00:00:00,1977-03-01 00:00:00,
2457,2009-08-05 00:00:00,1977-03-01 00:00:00,35.508
2458,2011-08-02 00:00:00,1977-03-01 00:00:00,35.524
2459,2013-08-02 00:00:00,1977-03-01 00:00:00,33.482
2460,2018-07-31 00:00:00,1977-03-01 00:00:00,31.417
2461,2021-07-30 00:00:00,1977-03-01 00:00:00,31.356
2462,2023-09-29 00:00:00,1977-03-01 00:00:00,29.64
2463,2000-08-01 00:00:00,1977-04-01 00:00:00,42.2
2464,2003-12-23 00:00:00,1977-04-01 00:00:00,
2465,2004-01-05 00:00:00,1977-04-01 00:00:00,39.92
2466,2004-02-02 00:00:00,1977-04-01 00:00:00,39.915
2467,2009-08-04 00:00:00,1977-04-01 00:00:00,
2468,2009-08-05 00:00:00,1977-04-01 00:00:00,35.716
2469,2011-08-02 00:00:00,1977-04-01 00:00:00,35.732
2470,2013-08-02 00:00:00,1977-04-01 00:00:00,33.677
2471,2014-08-01 00:00:00,1977-04-01 00:00:00,33.678
2472,2018-07-31 00:00:00,1977-04-01 00:00:00,31.6
2473,2021-07-30 00:00:00,1977-04-01 00:00:00,31.538
2474,2023-09-29 00:00:00,1977-04-01 00:00:00,29.812
2475,2000-08-01 00:00:00,1977-05-01 00:00:00,42.43
2476,2003-12-23 00:00:00,1977-05-01 00:00:00,
2477,2004-01-05 00:00:00,1977-05-01 00:00:00,40.13
2478,2004-02-02 00:00:00,1977-05-01 00:00:00,40.125
2479,2009-08-04 00:00:00,1977-05-01 00:00:00,
2480,2009-08-05 00:00:00,1977-05-01 00:00:00,35.897
2481,2011-08-02 00:00:00,1977-05-01 00:00:00,35.914
2482,2013-08-02 00:00:00,1977-05-01 00:00:00,33.848
2483,2014-08-01 00:00:00,1977-05-01 00:00:00,33.849
2484,2018-07-31 00:00:00,1977-05-01 00:00:00,31.76
2485,2021-07-30 00:00:00,1977-05-01 00:00:00,31.698
2486,2023-09-29 00:00:00,1977-05-01 00:00:00,29.963
2487,2000-08-01 00:00:00,1977-06-01 00:00:00,42.68
2488,2003-12-23 00:00:00,1977-06-01 00:00:00,
2489,2004-01-05 00:00:00,1977-06-01 00:00:00,40.35
2490,2009-08-04 00:00:00,1977-06-01 00:00:00,
2491,2009-08-05 00:00:00,1977-06-01 00:00:00,36.098
2492,2011-08-02 00:00:00,1977-06-01 00:00:00,36.114
2493,2013-08-02 00:00:00,1977-06-01 00:00:00,34.038
2494,2018-07-31 00:00:00,1977-06-01 00:00:00,31.937
2495,2021-07-30 00:00:00,1977-06-01 00:00:00,31.875
2496,2023-09-29 00:00:00,1977-06-01 00:00:00,30.131
2497,2000-08-01 00:00:00,1977-07-01 00:00:00,42.91
2498,2003-12-23 00:00:00,1977-07-01 00:00:00,
2499,2004-01-05 00:00:00,1977-07-01 00:00:00,40.57
2500,2004-02-02 00:00:00,1977-07-01 00:00:00,40.565
2501,2009-08-04 00:00:00,1977-07-01 00:00:00,
2502,2009-08-05 00:00:00,1977-07-01 00:00:00,36.287
2503,2011-08-02 00:00:00,1977-07-01 00:00:00,36.304
2504,2013-08-02 00:00:00,1977-07-01 00:00:00,34.216
2505,2018-07-31 00:00:00,1977-07-01 00:00:00,32.103
2506,2021-07-30 00:00:00,1977-07-01 00:00:00,32.041
2507,2023-09-29 00:00:00,1977-07-01 00:00:00,30.287
2508,2000-08-01 00:00:00,1977-08-01 00:00:00,43.09
2509,2003-12-23 00:00:00,1977-08-01 00:00:00,
2510,2004-01-05 00:00:00,1977-08-01 00:00:00,40.74
2511,2004-02-02 00:00:00,1977-08-01 00:00:00,40.745
2512,2009-08-04 00:00:00,1977-08-01 00:00:00,
2513,2009-08-05 00:00:00,1977-08-01 00:00:00,36.456
2514,2011-08-02 00:00:00,1977-08-01 00:00:00,36.473
2515,2013-08-02 00:00:00,1977-08-01 00:00:00,34.376
2516,2018-07-31 00:00:00,1977-08-01 00:00:00,32.253
2517,2021-07-30 00:00:00,1977-08-01 00:00:00,32.19
2518,2023-09-29 00:00:00,1977-08-01 00:00:00,30.428
2519,2000-08-01 00:00:00,1977-09-01 00:00:00,43.25
2520,2003-12-23 00:00:00,1977-09-01 00:00:00,
2521,2004-01-05 00:00:00,1977-09-01 00:00:00,40.9
2522,2004-02-02 00:00:00,1977-09-01 00:00:00,40.898
2523,2009-08-04 00:00:00,1977-09-01 00:00:00,
2524,2009-08-05 00:00:00,1977-09-01 00:00:00,36.595
2525,2011-08-02 00:00:00,1977-09-01 00:00:00,36.612
2526,2013-08-02 00:00:00,1977-09-01 00:00:00,34.506
2527,2014-08-01 00:00:00,1977-09-01 00:00:00,34.507
2528,2018-07-31 00:00:00,1977-09-01 00:00:00,32.374
2529,2021-07-30 00:00:00,1977-09-01 00:00:00,32.311
2530,2023-09-29 00:00:00,1977-09-01 00:00:00,30.543
2531,2000-08-01 00:00:00,1977-10-01 00:00:00,43.46
2532,2003-12-23 00:00:00,1977-10-01 00:00:00,
2533,2004-01-05 00:00:00,1977-10-01 00:00:00,41.09
2534,2004-02-02 00:00:00,1977-10-01 00:00:00,41.087
2535,2009-08-04 00:00:00,1977-10-01 00:00:00,
2536,2009-08-05 00:00:00,1977-10-01 00:00:00,36.766
2537,2011-08-02 00:00:00,1977-10-01 00:00:00,36.783
2538,2013-08-02 00:00:00,1977-10-01 00:00:00,34.667
2539,2014-08-01 00:00:00,1977-10-01 00:00:00,34.668
2540,2018-07-31 00:00:00,1977-10-01 00:00:00,32.524
2541,2021-07-30 00:00:00,1977-10-01 00:00:00,32.461
2542,2023-09-29 00:00:00,1977-10-01 00:00:00,30.685
2543,2000-08-01 00:00:00,1977-11-01 00:00:00,43.71
2544,2003-12-23 00:00:00,1977-11-01 00:00:00,
2545,2004-01-05 00:00:00,1977-11-01 00:00:00,41.33
2546,2004-02-02 00:00:00,1977-11-01 00:00:00,41.332
2547,2009-08-04 00:00:00,1977-11-01 00:00:00,
2548,2009-08-05 00:00:00,1977-11-01 00:00:00,36.979
2549,2011-08-02 00:00:00,1977-11-01 00:00:00,36.996
2550,2013-08-02 00:00:00,1977-11-01 00:00:00,34.868
2551,2014-08-01 00:00:00,1977-11-01 00:00:00,34.869
2552,2018-07-31 00:00:00,1977-11-01 00:00:00,32.712
2553,2021-07-30 00:00:00,1977-11-01 00:00:00,32.648
2554,2023-09-29 00:00:00,1977-11-01 00:00:00,30.861
2555,2000-08-01 00:00:00,1977-12-01 00:00:00,43.93
2556,2003-12-23 00:00:00,1977-12-01 00:00:00,
2557,2004-01-05 00:00:00,1977-12-01 00:00:00,41.54
2558,2004-02-02 00:00:00,1977-12-01 00:00:00,41.543
2559,2009-08-04 00:00:00,1977-12-01 00:00:00,
2560,2009-08-05 00:00:00,1977-12-01 00:00:00,37.161
2561,2011-08-02 00:00:00,1977-12-01 00:00:00,37.178
2562,2013-08-02 00:00:00,1977-12-01 00:00:00,35.039
2563,2014-08-01 00:00:00,1977-12-01 00:00:00,35.04
2564,2018-07-31 00:00:00,1977-12-01 00:00:00,32.87
2565,2021-07-30 00:00:00,1977-12-01 00:00:00,32.806
2566,2023-09-29 00:00:00,1977-12-01 00:00:00,31.011
2567,2000-08-01 00:00:00,1978-01-01 00:00:00,44.2
2568,2003-12-23 00:00:00,1978-01-01 00:00:00,
2569,2004-01-05 00:00:00,1978-01-01 00:00:00,41.8
2570,2004-02-02 00:00:00,1978-01-01 00:00:00,41.797
2571,2009-08-04 00:00:00,1978-01-01 00:00:00,
2572,2009-08-05 00:00:00,1978-01-01 00:00:00,37.384
2573,2011-08-02 00:00:00,1978-01-01 00:00:00,37.401
2574,2013-08-02 00:00:00,1978-01-01 00:00:00,35.251
2575,2018-07-31 00:00:00,1978-01-01 00:00:00,33.064
2576,2021-07-30 00:00:00,1978-01-01 00:00:00,33.0
2577,2023-09-29 00:00:00,1978-01-01 00:00:00,31.194
2578,2000-08-01 00:00:00,1978-02-01 00:00:00,44.41
2579,2003-12-23 00:00:00,1978-02-01 00:00:00,
2580,2004-01-05 00:00:00,1978-02-01 00:00:00,41.99
2581,2004-02-02 00:00:00,1978-02-01 00:00:00,41.992
2582,2009-08-04 00:00:00,1978-02-01 00:00:00,
2583,2009-08-05 00:00:00,1978-02-01 00:00:00,37.561
2584,2011-08-02 00:00:00,1978-02-01 00:00:00,37.579
2585,2013-08-02 00:00:00,1978-02-01 00:00:00,35.417
2586,2018-07-31 00:00:00,1978-02-01 00:00:00,33.218
2587,2021-07-30 00:00:00,1978-02-01 00:00:00,33.153
2588,2023-09-29 00:00:00,1978-02-01 00:00:00,31.339
2589,2000-08-01 00:00:00,1978-03-01 00:00:00,44.7
2590,2003-12-23 00:00:00,1978-03-01 00:00:00,
2591,2004-01-05 00:00:00,1978-03-01 00:00:00,42.27
2592,2004-02-02 00:00:00,1978-03-01 00:00:00,42.265
2593,2009-08-04 00:00:00,1978-03-01 00:00:00,
2594,2009-08-05 00:00:00,1978-03-01 00:00:00,37.806
2595,2011-08-02 00:00:00,1978-03-01 00:00:00,37.824
2596,2013-08-02 00:00:00,1978-03-01 00:00:00,35.648
2597,2014-08-01 00:00:00,1978-03-01 00:00:00,35.649
2598,2018-07-31 00:00:00,1978-03-01 00:00:00,33.433
2599,2021-07-30 00:00:00,1978-03-01 00:00:00,33.368
2600,2023-09-29 00:00:00,1978-03-01 00:00:00,31.542
2601,2000-08-01 00:00:00,1978-04-01 00:00:00,45.05
2602,2003-12-23 00:00:00,1978-04-01 00:00:00,
2603,2004-01-05 00:00:00,1978-04-01 00:00:00,42.59
2604,2004-02-02 00:00:00,1978-04-01 00:00:00,42.589
2605,2009-08-04 00:00:00,1978-04-01 00:00:00,
2606,2009-08-05 00:00:00,1978-04-01 00:00:00,38.093
2607,2011-08-02 00:00:00,1978-04-01 00:00:00,38.11
2608,2013-08-02 00:00:00,1978-04-01 00:00:00,35.919
2609,2018-07-31 00:00:00,1978-04-01 00:00:00,33.686
2610,2021-07-30 00:00:00,1978-04-01 00:00:00,33.621
2611,2023-09-29 00:00:00,1978-04-01 00:00:00,31.781
2612,2000-08-01 00:00:00,1978-05-01 00:00:00,45.4
2613,2003-12-23 00:00:00,1978-05-01 00:00:00,
2614,2004-01-05 00:00:00,1978-05-01 00:00:00,42.9
2615,2004-02-02 00:00:00,1978-05-01 00:00:00,42.895
2616,2009-08-04 00:00:00,1978-05-01 00:00:00,
2617,2009-08-05 00:00:00,1978-05-01 00:00:00,38.366
2618,2011-08-02 00:00:00,1978-05-01 00:00:00,38.383
2619,2013-08-02 00:00:00,1978-05-01 00:00:00,36.176
2620,2014-08-01 00:00:00,1978-05-01 00:00:00,36.177
2621,2018-07-31 00:00:00,1978-05-01 00:00:00,33.927
2622,2021-07-30 00:00:00,1978-05-01 00:00:00,33.861
2623,2023-09-29 00:00:00,1978-05-01 00:00:00,32.008
2624,2000-08-01 00:00:00,1978-06-01 00:00:00,45.71
2625,2003-12-23 00:00:00,1978-06-01 00:00:00,
2626,2004-01-05 00:00:00,1978-06-01 00:00:00,43.17
2627,2004-02-02 00:00:00,1978-06-01 00:00:00,43.171
2628,2009-08-04 00:00:00,1978-06-01 00:00:00,
2629,2009-08-05 00:00:00,1978-06-01 00:00:00,38.616
2630,2011-08-02 00:00:00,1978-06-01 00:00:00,38.634
2631,2013-08-02 00:00:00,1978-06-01 00:00:00,36.413
2632,2018-07-31 00:00:00,1978-06-01 00:00:00,34.149
2633,2021-07-30 00:00:00,1978-06-01 00:00:00,34.082
2634,2023-09-29 00:00:00,1978-06-01 00:00:00,32.217
2635,2000-08-01 00:00:00,1978-07-01 00:00:00,45.97
2636,2003-12-23 00:00:00,1978-07-01 00:00:00,
2637,2004-01-05 00:00:00,1978-07-01 00:00:00,43.41
2638,2004-02-02 00:00:00,1978-07-01 00:00:00,43.409
2639,2009-08-04 00:00:00,1978-07-01 00:00:00,
2640,2009-08-05 00:00:00,1978-07-01 00:00:00,38.829
2641,2011-08-02 00:00:00,1978-07-01 00:00:00,38.846
2642,2013-08-02 00:00:00,1978-07-01 00:00:00,36.613
2643,2018-07-31 00:00:00,1978-07-01 00:00:00,34.336
2644,2021-07-30 00:00:00,1978-07-01 00:00:00,34.269
2645,2023-09-29 00:00:00,1978-07-01 00:00:00,32.393
2646,2000-08-01 00:00:00,1978-08-01 00:00:00,46.2
2647,2003-12-23 00:00:00,1978-08-01 00:00:00,
2648,2004-01-05 00:00:00,1978-08-01 00:00:00,43.62
2649,2004-02-02 00:00:00,1978-08-01 00:00:00,43.623
2650,2009-08-04 00:00:00,1978-08-01 00:00:00,
2651,2009-08-05 00:00:00,1978-08-01 00:00:00,39.025
2652,2011-08-02 00:00:00,1978-08-01 00:00:00,39.043
2653,2013-08-02 00:00:00,1978-08-01 00:00:00,36.798
2654,2018-07-31 00:00:00,1978-08-01 00:00:00,34.509
2655,2021-07-30 00:00:00,1978-08-01 00:00:00,34.442
2656,2023-09-29 00:00:00,1978-08-01 00:00:00,32.557
2657,2000-08-01 00:00:00,1978-09-01 00:00:00,46.47
2658,2003-12-23 00:00:00,1978-09-01 00:00:00,
2659,2004-01-05 00:00:00,1978-09-01 00:00:00,43.87
2660,2004-02-02 00:00:00,1978-09-01 00:00:00,43.872
2661,2009-08-04 00:00:00,1978-09-01 00:00:00,
2662,2009-08-05 00:00:00,1978-09-01 00:00:00,39.248
2663,2011-08-02 00:00:00,1978-09-01 00:00:00,39.266
2664,2013-08-02 00:00:00,1978-09-01 00:00:00,37.008
2665,2018-07-31 00:00:00,1978-09-01 00:00:00,34.706
2666,2021-07-30 00:00:00,1978-09-01 00:00:00,34.638
2667,2023-09-29 00:00:00,1978-09-01 00:00:00,32.742
2668,2000-08-01 00:00:00,1978-10-01 00:00:00,46.82
2669,2003-12-23 00:00:00,1978-10-01 00:00:00,
2670,2004-01-05 00:00:00,1978-10-01 00:00:00,44.22
2671,2004-02-02 00:00:00,1978-10-01 00:00:00,44.221
2672,2009-08-04 00:00:00,1978-10-01 00:00:00,
2673,2009-08-05 00:00:00,1978-10-01 00:00:00,39.56
2674,2011-08-02 00:00:00,1978-10-01 00:00:00,39.578
2675,2013-08-02 00:00:00,1978-10-01 00:00:00,37.302
2676,2018-07-31 00:00:00,1978-10-01 00:00:00,34.981
2677,2021-07-30 00:00:00,1978-10-01 00:00:00,34.913
2678,2023-09-29 00:00:00,1978-10-01 00:00:00,33.003
2679,2000-08-01 00:00:00,1978-11-01 00:00:00,47.07
2680,2003-12-23 00:00:00,1978-11-01 00:00:00,
2681,2004-01-05 00:00:00,1978-11-01 00:00:00,44.47
2682,2004-02-02 00:00:00,1978-11-01 00:00:00,44.466
2683,2009-08-04 00:00:00,1978-11-01 00:00:00,
2684,2009-08-05 00:00:00,1978-11-01 00:00:00,39.784
2685,2011-08-02 00:00:00,1978-11-01 00:00:00,39.802
2686,2013-08-02 00:00:00,1978-11-01 00:00:00,37.513
2687,2014-08-01 00:00:00,1978-11-01 00:00:00,37.514
2688,2018-07-31 00:00:00,1978-11-01 00:00:00,35.18
2689,2021-07-30 00:00:00,1978-11-01 00:00:00,35.112
2690,2023-09-29 00:00:00,1978-11-01 00:00:00,33.19
2691,2000-08-01 00:00:00,1978-12-01 00:00:00,47.31
2692,2003-12-23 00:00:00,1978-12-01 00:00:00,
2693,2004-01-05 00:00:00,1978-12-01 00:00:00,44.68
2694,2004-02-02 00:00:00,1978-12-01 00:00:00,44.679
2695,2009-08-04 00:00:00,1978-12-01 00:00:00,
2696,2009-08-05 00:00:00,1978-12-01 00:00:00,39.97
2697,2011-08-02 00:00:00,1978-12-01 00:00:00,39.989
2698,2013-08-02 00:00:00,1978-12-01 00:00:00,37.688
2699,2014-08-01 00:00:00,1978-12-01 00:00:00,37.689
2700,2018-07-31 00:00:00,1978-12-01 00:00:00,35.345
2701,2021-07-30 00:00:00,1978-12-01 00:00:00,35.276
2702,2023-09-29 00:00:00,1978-12-01 00:00:00,33.345
2703,2000-08-01 00:00:00,1979-01-01 00:00:00,47.71
2704,2003-12-23 00:00:00,1979-01-01 00:00:00,
2705,2004-01-05 00:00:00,1979-01-01 00:00:00,45.01
2706,2004-02-02 00:00:00,1979-01-01 00:00:00,45.011
2707,2009-08-04 00:00:00,1979-01-01 00:00:00,
2708,2009-08-05 00:00:00,1979-01-01 00:00:00,40.27
2709,2011-08-02 00:00:00,1979-01-01 00:00:00,40.288
2710,2013-08-02 00:00:00,1979-01-01 00:00:00,37.971
2711,2018-07-31 00:00:00,1979-01-01 00:00:00,35.611
2712,2021-07-30 00:00:00,1979-01-01 00:00:00,35.542
2713,2023-09-29 00:00:00,1979-01-01 00:00:00,33.597
2714,2000-08-01 00:00:00,1979-02-01 00:00:00,48.03
2715,2003-12-23 00:00:00,1979-02-01 00:00:00,
2716,2004-01-05 00:00:00,1979-02-01 00:00:00,45.25
2717,2004-02-02 00:00:00,1979-02-01 00:00:00,45.246
2718,2009-08-04 00:00:00,1979-02-01 00:00:00,
2719,2009-08-05 00:00:00,1979-02-01 00:00:00,40.484
2720,2011-08-02 00:00:00,1979-02-01 00:00:00,40.502
2721,2013-08-02 00:00:00,1979-02-01 00:00:00,38.173
2722,2018-07-31 00:00:00,1979-02-01 00:00:00,35.802
2723,2021-07-30 00:00:00,1979-02-01 00:00:00,35.732
2724,2023-09-29 00:00:00,1979-02-01 00:00:00,33.776
2725,2000-08-01 00:00:00,1979-03-01 00:00:00,48.39
2726,2003-12-23 00:00:00,1979-03-01 00:00:00,
2727,2004-01-05 00:00:00,1979-03-01 00:00:00,45.6
2728,2004-02-02 00:00:00,1979-03-01 00:00:00,45.595
2729,2009-08-04 00:00:00,1979-03-01 00:00:00,
2730,2009-08-05 00:00:00,1979-03-01 00:00:00,40.799
2731,2011-08-02 00:00:00,1979-03-01 00:00:00,40.818
2732,2013-08-02 00:00:00,1979-03-01 00:00:00,38.47
2733,2018-07-31 00:00:00,1979-03-01 00:00:00,36.081
2734,2021-07-30 00:00:00,1979-03-01 00:00:00,36.011
2735,2023-09-29 00:00:00,1979-03-01 00:00:00,34.04
2736,2000-08-01 00:00:00,1979-04-01 00:00:00,48.79
2737,2003-12-23 00:00:00,1979-04-01 00:00:00,
2738,2004-01-05 00:00:00,1979-04-01 00:00:00,46.07
2739,2004-02-02 00:00:00,1979-04-01 00:00:00,46.066
2740,2009-08-04 00:00:00,1979-04-01 00:00:00,
2741,2009-08-05 00:00:00,1979-04-01 00:00:00,41.224
2742,2011-08-02 00:00:00,1979-04-01 00:00:00,41.242
2743,2013-08-02 00:00:00,1979-04-01 00:00:00,38.87
2744,2014-08-01 00:00:00,1979-04-01 00:00:00,38.871
2745,2018-07-31 00:00:00,1979-04-01 00:00:00,36.457
2746,2021-07-30 00:00:00,1979-04-01 00:00:00,36.386
2747,2023-09-29 00:00:00,1979-04-01 00:00:00,34.395
2748,2000-08-01 00:00:00,1979-05-01 00:00:00,49.23
2749,2003-12-23 00:00:00,1979-05-01 00:00:00,
2750,2004-01-05 00:00:00,1979-05-01 00:00:00,46.54
2751,2009-08-04 00:00:00,1979-05-01 00:00:00,
2752,2009-08-05 00:00:00,1979-05-01 00:00:00,41.649
2753,2011-08-02 00:00:00,1979-05-01 00:00:00,41.668
2754,2013-08-02 00:00:00,1979-05-01 00:00:00,39.272
2755,2018-07-31 00:00:00,1979-05-01 00:00:00,36.835
2756,2021-07-30 00:00:00,1979-05-01 00:00:00,36.763
2757,2023-09-29 00:00:00,1979-05-01 00:00:00,34.751
2758,2000-08-01 00:00:00,1979-06-01 00:00:00,49.62
2759,2003-12-23 00:00:00,1979-06-01 00:00:00,
2760,2004-01-05 00:00:00,1979-06-01 00:00:00,46.92
2761,2004-02-02 00:00:00,1979-06-01 00:00:00,46.921
2762,2009-08-04 00:00:00,1979-06-01 00:00:00,
2763,2009-08-05 00:00:00,1979-06-01 00:00:00,41.991
2764,2011-08-02 00:00:00,1979-06-01 00:00:00,42.011
2765,2013-08-02 00:00:00,1979-06-01 00:00:00,39.594
2766,2014-08-01 00:00:00,1979-06-01 00:00:00,39.595
2767,2018-07-31 00:00:00,1979-06-01 00:00:00,37.138
2768,2021-07-30 00:00:00,1979-06-01 00:00:00,37.066
2769,2023-09-29 00:00:00,1979-06-01 00:00:00,35.038
2770,2000-08-01 00:00:00,1979-07-01 00:00:00,50.01
2771,2003-12-23 00:00:00,1979-07-01 00:00:00,
2772,2004-01-05 00:00:00,1979-07-01 00:00:00,47.27
2773,2004-02-02 00:00:00,1979-07-01 00:00:00,47.273
2774,2009-08-04 00:00:00,1979-07-01 00:00:00,
2775,2009-08-05 00:00:00,1979-07-01 00:00:00,42.31
2776,2011-08-02 00:00:00,1979-07-01 00:00:00,42.329
2777,2013-08-02 00:00:00,1979-07-01 00:00:00,39.895
2778,2018-07-31 00:00:00,1979-07-01 00:00:00,37.422
2779,2021-07-30 00:00:00,1979-07-01 00:00:00,37.349
2780,2023-09-29 00:00:00,1979-07-01 00:00:00,35.305
2781,2000-08-01 00:00:00,1979-08-01 00:00:00,50.4
2782,2003-12-23 00:00:00,1979-08-01 00:00:00,
2783,2004-01-05 00:00:00,1979-08-01 00:00:00,47.63
2784,2004-02-02 00:00:00,1979-08-01 00:00:00,47.631
2785,2009-08-04 00:00:00,1979-08-01 00:00:00,
2786,2009-08-05 00:00:00,1979-08-01 00:00:00,42.634
2787,2011-08-02 00:00:00,1979-08-01 00:00:00,42.653
2788,2013-08-02 00:00:00,1979-08-01 00:00:00,40.2
2789,2018-07-31 00:00:00,1979-08-01 00:00:00,37.708
2790,2021-07-30 00:00:00,1979-08-01 00:00:00,37.635
2791,2023-09-29 00:00:00,1979-08-01 00:00:00,35.575
2792,2000-08-01 00:00:00,1979-09-01 00:00:00,50.84
2793,2003-12-23 00:00:00,1979-09-01 00:00:00,
2794,2004-01-05 00:00:00,1979-09-01 00:00:00,48.05
2795,2004-02-02 00:00:00,1979-09-01 00:00:00,48.046
2796,2009-08-04 00:00:00,1979-09-01 00:00:00,
2797,2009-08-05 00:00:00,1979-09-01 00:00:00,43.009
2798,2011-08-02 00:00:00,1979-09-01 00:00:00,43.029
2799,2013-08-02 00:00:00,1979-09-01 00:00:00,40.554
2800,2018-07-31 00:00:00,1979-09-01 00:00:00,38.041
2801,2021-07-30 00:00:00,1979-09-01 00:00:00,37.967
2802,2023-09-29 00:00:00,1979-09-01 00:00:00,35.889
2803,2000-08-01 00:00:00,1979-10-01 00:00:00,51.27
2804,2003-12-23 00:00:00,1979-10-01 00:00:00,
2805,2004-01-05 00:00:00,1979-10-01 00:00:00,48.44
2806,2004-02-02 00:00:00,1979-10-01 00:00:00,48.437
2807,2009-08-04 00:00:00,1979-10-01 00:00:00,
2808,2009-08-05 00:00:00,1979-10-01 00:00:00,43.36
2809,2011-08-02 00:00:00,1979-10-01 00:00:00,43.379
2810,2013-08-02 00:00:00,1979-10-01 00:00:00,40.883
2811,2014-08-01 00:00:00,1979-10-01 00:00:00,40.884
2812,2018-07-31 00:00:00,1979-10-01 00:00:00,38.351
2813,2021-07-30 00:00:00,1979-10-01 00:00:00,38.276
2814,2023-09-29 00:00:00,1979-10-01 00:00:00,36.182
2815,2000-08-01 00:00:00,1979-11-01 00:00:00,51.64
2816,2003-12-23 00:00:00,1979-11-01 00:00:00,
2817,2004-01-05 00:00:00,1979-11-01 00:00:00,48.77
2818,2004-02-02 00:00:00,1979-11-01 00:00:00,48.767
2819,2009-08-04 00:00:00,1979-11-01 00:00:00,
2820,2009-08-05 00:00:00,1979-11-01 00:00:00,43.659
2821,2011-08-02 00:00:00,1979-11-01 00:00:00,43.679
2822,2013-08-02 00:00:00,1979-11-01 00:00:00,41.166
2823,2014-08-01 00:00:00,1979-11-01 00:00:00,41.167
2824,2018-07-31 00:00:00,1979-11-01 00:00:00,38.617
2825,2021-07-30 00:00:00,1979-11-01 00:00:00,38.542
2826,2023-09-29 00:00:00,1979-11-01 00:00:00,36.433
2827,2000-08-01 00:00:00,1979-12-01 00:00:00,52.09
2828,2003-12-23 00:00:00,1979-12-01 00:00:00,
2829,2004-01-05 00:00:00,1979-12-01 00:00:00,49.18
2830,2004-02-02 00:00:00,1979-12-01 00:00:00,49.175
2831,2009-08-04 00:00:00,1979-12-01 00:00:00,
2832,2009-08-05 00:00:00,1979-12-01 00:00:00,44.025
2833,2011-08-02 00:00:00,1979-12-01 00:00:00,44.045
2834,2013-08-02 00:00:00,1979-12-01 00:00:00,41.511
2835,2014-08-01 00:00:00,1979-12-01 00:00:00,41.512
2836,2018-07-31 00:00:00,1979-12-01 00:00:00,38.942
2837,2021-07-30 00:00:00,1979-12-01 00:00:00,38.866
2838,2023-09-29 00:00:00,1979-12-01 00:00:00,36.739
2839,2000-08-01 00:00:00,1980-01-01 00:00:00,52.68
2840,2003-12-23 00:00:00,1980-01-01 00:00:00,
2841,2004-01-05 00:00:00,1980-01-01 00:00:00,49.69
2842,2004-02-02 00:00:00,1980-01-01 00:00:00,49.688
2843,2009-08-04 00:00:00,1980-01-01 00:00:00,
2844,2009-08-05 00:00:00,1980-01-01 00:00:00,44.483
2845,2011-08-02 00:00:00,1980-01-01 00:00:00,44.504
2846,2013-08-02 00:00:00,1980-01-01 00:00:00,41.943
2847,2014-08-01 00:00:00,1980-01-01 00:00:00,41.944
2848,2018-07-31 00:00:00,1980-01-01 00:00:00,39.349
2849,2021-07-30 00:00:00,1980-01-01 00:00:00,39.273
2850,2023-09-29 00:00:00,1980-01-01 00:00:00,37.124
2851,2000-08-01 00:00:00,1980-02-01 00:00:00,53.23
2852,2003-12-23 00:00:00,1980-02-01 00:00:00,
2853,2004-01-05 00:00:00,1980-02-01 00:00:00,50.22
2854,2004-02-02 00:00:00,1980-02-01 00:00:00,50.223
2855,2009-08-04 00:00:00,1980-02-01 00:00:00,
2856,2009-08-05 00:00:00,1980-02-01 00:00:00,44.965
2857,2011-08-02 00:00:00,1980-02-01 00:00:00,44.985
2858,2013-08-02 00:00:00,1980-02-01 00:00:00,42.397
2859,2014-08-01 00:00:00,1980-02-01 00:00:00,42.398
2860,2018-07-31 00:00:00,1980-02-01 00:00:00,39.776
2861,2021-07-30 00:00:00,1980-02-01 00:00:00,39.699
2862,2023-09-29 00:00:00,1980-02-01 00:00:00,37.526
2863,2000-08-01 00:00:00,1980-03-01 00:00:00,53.86
2864,2003-12-23 00:00:00,1980-03-01 00:00:00,
2865,2004-01-05 00:00:00,1980-03-01 00:00:00,50.83
2866,2004-02-02 00:00:00,1980-03-01 00:00:00,50.828
2867,2009-08-04 00:00:00,1980-03-01 00:00:00,
2868,2009-08-05 00:00:00,1980-03-01 00:00:00,45.514
2869,2011-08-02 00:00:00,1980-03-01 00:00:00,45.535
2870,2013-08-02 00:00:00,1980-03-01 00:00:00,42.916
2871,2018-07-31 00:00:00,1980-03-01 00:00:00,40.264
2872,2021-07-30 00:00:00,1980-03-01 00:00:00,40.186
2873,2023-09-29 00:00:00,1980-03-01 00:00:00,37.987
2874,2000-08-01 00:00:00,1980-04-01 00:00:00,54.19
2875,2003-12-23 00:00:00,1980-04-01 00:00:00,
2876,2004-01-05 00:00:00,1980-04-01 00:00:00,51.09
2877,2004-02-02 00:00:00,1980-04-01 00:00:00,51.088
2878,2009-08-04 00:00:00,1980-04-01 00:00:00,
2879,2009-08-05 00:00:00,1980-04-01 00:00:00,45.754
2880,2011-08-02 00:00:00,1980-04-01 00:00:00,45.774
2881,2013-08-02 00:00:00,1980-04-01 00:00:00,43.14
2882,2014-08-01 00:00:00,1980-04-01 00:00:00,43.141
2883,2018-07-31 00:00:00,1980-04-01 00:00:00,40.475
2884,2021-07-30 00:00:00,1980-04-01 00:00:00,40.396
2885,2023-09-29 00:00:00,1980-04-01 00:00:00,38.185
2886,2000-08-01 00:00:00,1980-05-01 00:00:00,54.63
2887,2003-12-23 00:00:00,1980-05-01 00:00:00,
2888,2004-01-05 00:00:00,1980-05-01 00:00:00,51.48
2889,2004-02-02 00:00:00,1980-05-01 00:00:00,51.484
2890,2009-08-04 00:00:00,1980-05-01 00:00:00,
2891,2009-08-05 00:00:00,1980-05-01 00:00:00,46.11
2892,2011-08-02 00:00:00,1980-05-01 00:00:00,46.131
2893,2013-08-02 00:00:00,1980-05-01 00:00:00,43.476
2894,2018-07-31 00:00:00,1980-05-01 00:00:00,40.79
2895,2021-07-30 00:00:00,1980-05-01 00:00:00,40.71
2896,2023-09-29 00:00:00,1980-05-01 00:00:00,38.482
2897,2000-08-01 00:00:00,1980-06-01 00:00:00,54.97
2898,2003-12-23 00:00:00,1980-06-01 00:00:00,
2899,2004-01-05 00:00:00,1980-06-01 00:00:00,51.8
2900,2004-02-02 00:00:00,1980-06-01 00:00:00,51.799
2901,2009-08-04 00:00:00,1980-06-01 00:00:00,
2902,2009-08-05 00:00:00,1980-06-01 00:00:00,46.4
2903,2011-08-02 00:00:00,1980-06-01 00:00:00,46.421
2904,2013-08-02 00:00:00,1980-06-01 00:00:00,43.75
2905,2018-07-31 00:00:00,1980-06-01 00:00:00,41.047
2906,2021-07-30 00:00:00,1980-06-01 00:00:00,40.967
2907,2023-09-29 00:00:00,1980-06-01 00:00:00,38.725
2908,2000-08-01 00:00:00,1980-07-01 00:00:00,55.4
2909,2003-12-23 00:00:00,1980-07-01 00:00:00,
2910,2004-01-05 00:00:00,1980-07-01 00:00:00,52.2
2911,2004-02-02 00:00:00,1980-07-01 00:00:00,52.199
2912,2009-08-04 00:00:00,1980-07-01 00:00:00,
2913,2009-08-05 00:00:00,1980-07-01 00:00:00,46.757
2914,2011-08-02 00:00:00,1980-07-01 00:00:00,46.779
2915,2013-08-02 00:00:00,1980-07-01 00:00:00,44.087
2916,2014-08-01 00:00:00,1980-07-01 00:00:00,44.088
2917,2018-07-31 00:00:00,1980-07-01 00:00:00,41.365
2918,2021-07-30 00:00:00,1980-07-01 00:00:00,41.285
2919,2023-09-29 00:00:00,1980-07-01 00:00:00,39.026
2920,2000-08-01 00:00:00,1980-08-01 00:00:00,55.85
2921,2003-12-23 00:00:00,1980-08-01 00:00:00,
2922,2004-01-05 00:00:00,1980-08-01 00:00:00,52.63
2923,2004-02-02 00:00:00,1980-08-01 00:00:00,52.632
2924,2009-08-04 00:00:00,1980-08-01 00:00:00,
2925,2009-08-05 00:00:00,1980-08-01 00:00:00,47.148
2926,2011-08-02 00:00:00,1980-08-01 00:00:00,47.169
2927,2013-08-02 00:00:00,1980-08-01 00:00:00,44.455
2928,2018-07-31 00:00:00,1980-08-01 00:00:00,41.711
2929,2021-07-30 00:00:00,1980-08-01 00:00:00,41.629
2930,2023-09-29 00:00:00,1980-08-01 00:00:00,39.351
2931,2000-08-01 00:00:00,1980-09-01 00:00:00,56.34
2932,2003-12-23 00:00:00,1980-09-01 00:00:00,
2933,2004-01-05 00:00:00,1980-09-01 00:00:00,53.13
2934,2004-02-02 00:00:00,1980-09-01 00:00:00,53.125
2935,2009-08-04 00:00:00,1980-09-01 00:00:00,
2936,2009-08-05 00:00:00,1980-09-01 00:00:00,47.583
2937,2011-08-02 00:00:00,1980-09-01 00:00:00,47.605
2938,2013-08-02 00:00:00,1980-09-01 00:00:00,44.865
2939,2014-08-01 00:00:00,1980-09-01 00:00:00,44.866
2940,2018-07-31 00:00:00,1980-09-01 00:00:00,42.096
2941,2021-07-30 00:00:00,1980-09-01 00:00:00,42.014
2942,2023-09-29 00:00:00,1980-09-01 00:00:00,39.715
2943,2000-08-01 00:00:00,1980-10-01 00:00:00,56.74
2944,2003-12-23 00:00:00,1980-10-01 00:00:00,
2945,2004-01-05 00:00:00,1980-10-01 00:00:00,53.55
2946,2004-02-02 00:00:00,1980-10-01 00:00:00,53.552
2947,2009-08-04 00:00:00,1980-10-01 00:00:00,
2948,2009-08-05 00:00:00,1980-10-01 00:00:00,47.963
2949,2011-08-02 00:00:00,1980-10-01 00:00:00,47.985
2950,2013-08-02 00:00:00,1980-10-01 00:00:00,45.223
2951,2014-08-01 00:00:00,1980-10-01 00:00:00,45.224
2952,2018-07-31 00:00:00,1980-10-01 00:00:00,42.434
2953,2021-07-30 00:00:00,1980-10-01 00:00:00,42.351
2954,2023-09-29 00:00:00,1980-10-01 00:00:00,40.033
2955,2000-08-01 00:00:00,1980-11-01 00:00:00,57.16
2956,2003-12-23 00:00:00,1980-11-01 00:00:00,
2957,2004-01-05 00:00:00,1980-11-01 00:00:00,53.98
2958,2004-02-02 00:00:00,1980-11-01 00:00:00,53.983
2959,2009-08-04 00:00:00,1980-11-01 00:00:00,
2960,2009-08-05 00:00:00,1980-11-01 00:00:00,48.353
2961,2011-08-02 00:00:00,1980-11-01 00:00:00,48.375
2962,2013-08-02 00:00:00,1980-11-01 00:00:00,45.591
2963,2014-08-01 00:00:00,1980-11-01 00:00:00,45.592
2964,2018-07-31 00:00:00,1980-11-01 00:00:00,42.779
2965,2021-07-30 00:00:00,1980-11-01 00:00:00,42.696
2966,2023-09-29 00:00:00,1980-11-01 00:00:00,40.359
2967,2000-08-01 00:00:00,1980-12-01 00:00:00,57.49
2968,2003-12-23 00:00:00,1980-12-01 00:00:00,
2969,2004-01-05 00:00:00,1980-12-01 00:00:00,54.33
2970,2009-08-04 00:00:00,1980-12-01 00:00:00,
2971,2009-08-05 00:00:00,1980-12-01 00:00:00,48.666
2972,2011-08-02 00:00:00,1980-12-01 00:00:00,48.688
2973,2013-08-02 00:00:00,1980-12-01 00:00:00,45.886
2974,2014-08-01 00:00:00,1980-12-01 00:00:00,45.887
2975,2018-07-31 00:00:00,1980-12-01 00:00:00,43.057
2976,2021-07-30 00:00:00,1980-12-01 00:00:00,42.973
2977,2023-09-29 00:00:00,1980-12-01 00:00:00,40.621
2978,2000-08-01 00:00:00,1981-01-01 00:00:00,58.02
2979,2003-12-23 00:00:00,1981-01-01 00:00:00,
2980,2004-01-05 00:00:00,1981-01-01 00:00:00,54.85
2981,2004-02-02 00:00:00,1981-01-01 00:00:00,54.853
2982,2009-08-04 00:00:00,1981-01-01 00:00:00,
2983,2009-08-05 00:00:00,1981-01-01 00:00:00,49.135
2984,2011-08-02 00:00:00,1981-01-01 00:00:00,49.157
2985,2013-08-02 00:00:00,1981-01-01 00:00:00,46.328
2986,2014-08-01 00:00:00,1981-01-01 00:00:00,46.329
2987,2018-07-31 00:00:00,1981-01-01 00:00:00,43.47
2988,2021-07-30 00:00:00,1981-01-01 00:00:00,43.386
2989,2023-09-29 00:00:00,1981-01-01 00:00:00,41.011
2990,2000-08-01 00:00:00,1981-02-01 00:00:00,58.61
2991,2003-12-23 00:00:00,1981-02-01 00:00:00,
2992,2004-01-05 00:00:00,1981-02-01 00:00:00,55.4
2993,2004-02-02 00:00:00,1981-02-01 00:00:00,55.404
2994,2009-08-04 00:00:00,1981-02-01 00:00:00,
2995,2009-08-05 00:00:00,1981-02-01 00:00:00,49.631
2996,2011-08-02 00:00:00,1981-02-01 00:00:00,49.654
2997,2013-08-02 00:00:00,1981-02-01 00:00:00,46.796
2998,2014-08-01 00:00:00,1981-02-01 00:00:00,46.797
2999,2018-07-31 00:00:00,1981-02-01 00:00:00,43.91
3000,2021-07-30 00:00:00,1981-02-01 00:00:00,43.825
3001,2023-09-29 00:00:00,1981-02-01 00:00:00,41.426
3002,2000-08-01 00:00:00,1981-03-01 00:00:00,59.03
3003,2003-12-23 00:00:00,1981-03-01 00:00:00,
3004,2004-01-05 00:00:00,1981-03-01 00:00:00,55.79
3005,2004-02-02 00:00:00,1981-03-01 00:00:00,55.792
3006,2009-08-04 00:00:00,1981-03-01 00:00:00,
3007,2009-08-05 00:00:00,1981-03-01 00:00:00,49.977
3008,2011-08-02 00:00:00,1981-03-01 00:00:00,50.0
3009,2013-08-02 00:00:00,1981-03-01 00:00:00,47.122
3010,2018-07-31 00:00:00,1981-03-01 00:00:00,44.216
3011,2021-07-30 00:00:00,1981-03-01 00:00:00,44.13
3012,2023-09-29 00:00:00,1981-03-01 00:00:00,41.715
3013,2000-08-01 00:00:00,1981-04-01 00:00:00,59.28
3014,2003-12-23 00:00:00,1981-04-01 00:00:00,
3015,2004-01-05 00:00:00,1981-04-01 00:00:00,56.02
3016,2004-02-02 00:00:00,1981-04-01 00:00:00,56.023
3017,2009-08-04 00:00:00,1981-04-01 00:00:00,
3018,2009-08-05 00:00:00,1981-04-01 00:00:00,50.193
3019,2011-08-02 00:00:00,1981-04-01 00:00:00,50.215
3020,2013-08-02 00:00:00,1981-04-01 00:00:00,47.325
3021,2014-08-01 00:00:00,1981-04-01 00:00:00,47.326
3022,2018-07-31 00:00:00,1981-04-01 00:00:00,44.409
3023,2021-07-30 00:00:00,1981-04-01 00:00:00,44.323
3024,2023-09-29 00:00:00,1981-04-01 00:00:00,41.897
3025,2000-08-01 00:00:00,1981-05-01 00:00:00,59.55
3026,2003-12-23 00:00:00,1981-05-01 00:00:00,
3027,2004-01-05 00:00:00,1981-05-01 00:00:00,56.28
3028,2004-02-02 00:00:00,1981-05-01 00:00:00,56.275
3029,2009-08-04 00:00:00,1981-05-01 00:00:00,
3030,2009-08-05 00:00:00,1981-05-01 00:00:00,50.417
3031,2011-08-02 00:00:00,1981-05-01 00:00:00,50.44
3032,2013-08-02 00:00:00,1981-05-01 00:00:00,47.536
3033,2014-08-01 00:00:00,1981-05-01 00:00:00,47.537
3034,2018-07-31 00:00:00,1981-05-01 00:00:00,44.609
3035,2021-07-30 00:00:00,1981-05-01 00:00:00,44.522
3036,2023-09-29 00:00:00,1981-05-01 00:00:00,42.085
3037,2000-08-01 00:00:00,1981-06-01 00:00:00,59.81
3038,2003-12-23 00:00:00,1981-06-01 00:00:00,
3039,2004-01-05 00:00:00,1981-06-01 00:00:00,56.5
3040,2004-02-02 00:00:00,1981-06-01 00:00:00,56.499
3041,2009-08-04 00:00:00,1981-06-01 00:00:00,
3042,2009-08-05 00:00:00,1981-06-01 00:00:00,50.616
3043,2011-08-02 00:00:00,1981-06-01 00:00:00,50.64
3044,2013-08-02 00:00:00,1981-06-01 00:00:00,47.725
3045,2018-07-31 00:00:00,1981-06-01 00:00:00,44.787
3046,2021-07-30 00:00:00,1981-06-01 00:00:00,44.699
3047,2023-09-29 00:00:00,1981-06-01 00:00:00,42.253
3048,2000-08-01 00:00:00,1981-07-01 00:00:00,60.2
3049,2003-12-23 00:00:00,1981-07-01 00:00:00,
3050,2004-01-05 00:00:00,1981-07-01 00:00:00,56.85
3051,2004-02-02 00:00:00,1981-07-01 00:00:00,56.848
3052,2009-08-04 00:00:00,1981-07-01 00:00:00,
3053,2009-08-05 00:00:00,1981-07-01 00:00:00,50.922
3054,2011-08-02 00:00:00,1981-07-01 00:00:00,50.945
3055,2013-08-02 00:00:00,1981-07-01 00:00:00,48.012
3056,2014-08-01 00:00:00,1981-07-01 00:00:00,48.013
3057,2018-07-31 00:00:00,1981-07-01 00:00:00,45.057
3058,2021-07-30 00:00:00,1981-07-01 00:00:00,44.969
3059,2023-09-29 00:00:00,1981-07-01 00:00:00,42.508
3060,2000-08-01 00:00:00,1981-08-01 00:00:00,60.61
3061,2003-12-23 00:00:00,1981-08-01 00:00:00,
3062,2004-01-05 00:00:00,1981-08-01 00:00:00,57.2
3063,2004-02-02 00:00:00,1981-08-01 00:00:00,57.199
3064,2009-08-04 00:00:00,1981-08-01 00:00:00,
3065,2009-08-05 00:00:00,1981-08-01 00:00:00,51.238
3066,2011-08-02 00:00:00,1981-08-01 00:00:00,51.261
3067,2013-08-02 00:00:00,1981-08-01 00:00:00,48.31
3068,2014-08-01 00:00:00,1981-08-01 00:00:00,48.311
3069,2018-07-31 00:00:00,1981-08-01 00:00:00,45.338
3070,2021-07-30 00:00:00,1981-08-01 00:00:00,45.25
3071,2023-09-29 00:00:00,1981-08-01 00:00:00,42.774
3072,2000-08-01 00:00:00,1981-09-01 00:00:00,61.05
3073,2003-12-23 00:00:00,1981-09-01 00:00:00,
3074,2004-01-05 00:00:00,1981-09-01 00:00:00,57.54
3075,2004-02-02 00:00:00,1981-09-01 00:00:00,57.544
3076,2009-08-04 00:00:00,1981-09-01 00:00:00,
3077,2009-08-05 00:00:00,1981-09-01 00:00:00,51.547
3078,2011-08-02 00:00:00,1981-09-01 00:00:00,51.57
3079,2013-08-02 00:00:00,1981-09-01 00:00:00,48.601
3080,2014-08-01 00:00:00,1981-09-01 00:00:00,48.602
3081,2018-07-31 00:00:00,1981-09-01 00:00:00,45.613
3082,2021-07-30 00:00:00,1981-09-01 00:00:00,45.524
3083,2023-09-29 00:00:00,1981-09-01 00:00:00,43.033
3084,2000-08-01 00:00:00,1981-10-01 00:00:00,61.31
3085,2003-12-23 00:00:00,1981-10-01 00:00:00,
3086,2004-01-05 00:00:00,1981-10-01 00:00:00,57.8
3087,2004-02-02 00:00:00,1981-10-01 00:00:00,57.796
3088,2009-08-04 00:00:00,1981-10-01 00:00:00,
3089,2009-08-05 00:00:00,1981-10-01 00:00:00,51.779
3090,2011-08-02 00:00:00,1981-10-01 00:00:00,51.803
3091,2013-08-02 00:00:00,1981-10-01 00:00:00,48.82
3092,2014-08-01 00:00:00,1981-10-01 00:00:00,48.821
3093,2018-07-31 00:00:00,1981-10-01 00:00:00,45.82
3094,2021-07-30 00:00:00,1981-10-01 00:00:00,45.73
3095,2023-09-29 00:00:00,1981-10-01 00:00:00,43.228
3096,2000-08-01 00:00:00,1981-11-01 00:00:00,61.65
3097,2003-12-23 00:00:00,1981-11-01 00:00:00,
3098,2004-01-05 00:00:00,1981-11-01 00:00:00,58.11
3099,2004-02-02 00:00:00,1981-11-01 00:00:00,58.113
3100,2009-08-04 00:00:00,1981-11-01 00:00:00,
3101,2009-08-05 00:00:00,1981-11-01 00:00:00,52.054
3102,2011-08-02 00:00:00,1981-11-01 00:00:00,52.078
3103,2013-08-02 00:00:00,1981-11-01 00:00:00,49.08
3104,2014-08-01 00:00:00,1981-11-01 00:00:00,49.081
3105,2018-07-31 00:00:00,1981-11-01 00:00:00,46.065
3106,2021-07-30 00:00:00,1981-11-01 00:00:00,45.976
3107,2023-09-29 00:00:00,1981-11-01 00:00:00,43.46
3108,2000-08-01 00:00:00,1981-12-01 00:00:00,61.82
3109,2003-12-23 00:00:00,1981-12-01 00:00:00,
3110,2004-01-05 00:00:00,1981-12-01 00:00:00,58.29
3111,2004-02-02 00:00:00,1981-12-01 00:00:00,58.294
3112,2009-08-04 00:00:00,1981-12-01 00:00:00,
3113,2009-08-05 00:00:00,1981-12-01 00:00:00,52.213
3114,2011-08-02 00:00:00,1981-12-01 00:00:00,52.237
3115,2013-08-02 00:00:00,1981-12-01 00:00:00,49.229
3116,2014-08-01 00:00:00,1981-12-01 00:00:00,49.23
3117,2018-07-31 00:00:00,1981-12-01 00:00:00,46.208
3118,2021-07-30 00:00:00,1981-12-01 00:00:00,46.118
3119,2023-09-29 00:00:00,1981-12-01 00:00:00,43.594
3120,2000-08-01 00:00:00,1982-01-01 00:00:00,62.18
3121,2003-12-23 00:00:00,1982-01-01 00:00:00,
3122,2004-01-05 00:00:00,1982-01-01 00:00:00,58.64
3123,2009-08-04 00:00:00,1982-01-01 00:00:00,
3124,2009-08-05 00:00:00,1982-01-01 00:00:00,52.521
3125,2011-08-02 00:00:00,1982-01-01 00:00:00,52.544
3126,2013-08-02 00:00:00,1982-01-01 00:00:00,49.519
3127,2014-08-01 00:00:00,1982-01-01 00:00:00,49.52
3128,2018-07-31 00:00:00,1982-01-01 00:00:00,46.483
3129,2021-07-30 00:00:00,1982-01-01 00:00:00,46.392
3130,2023-09-29 00:00:00,1982-01-01 00:00:00,43.853
3131,2000-08-01 00:00:00,1982-02-01 00:00:00,62.39
3132,2003-12-23 00:00:00,1982-02-01 00:00:00,
3133,2004-01-05 00:00:00,1982-02-01 00:00:00,58.81
3134,2004-02-02 00:00:00,1982-02-01 00:00:00,58.811
3135,2009-08-04 00:00:00,1982-02-01 00:00:00,
3136,2009-08-05 00:00:00,1982-02-01 00:00:00,52.677
3137,2011-08-02 00:00:00,1982-02-01 00:00:00,52.701
3138,2013-08-02 00:00:00,1982-02-01 00:00:00,49.667
3139,2014-08-01 00:00:00,1982-02-01 00:00:00,49.668
3140,2018-07-31 00:00:00,1982-02-01 00:00:00,46.622
3141,2021-07-30 00:00:00,1982-02-01 00:00:00,46.531
3142,2023-09-29 00:00:00,1982-02-01 00:00:00,43.985
3143,2000-08-01 00:00:00,1982-03-01 00:00:00,62.52
3144,2003-12-23 00:00:00,1982-03-01 00:00:00,
3145,2004-01-05 00:00:00,1982-03-01 00:00:00,58.96
3146,2004-02-02 00:00:00,1982-03-01 00:00:00,58.957
3147,2009-08-04 00:00:00,1982-03-01 00:00:00,
3148,2009-08-05 00:00:00,1982-03-01 00:00:00,52.81
3149,2011-08-02 00:00:00,1982-03-01 00:00:00,52.834
3150,2013-08-02 00:00:00,1982-03-01 00:00:00,49.793
3151,2018-07-31 00:00:00,1982-03-01 00:00:00,46.742
3152,2021-07-30 00:00:00,1982-03-01 00:00:00,46.651
3153,2023-09-29 00:00:00,1982-03-01 00:00:00,44.098
3154,2000-08-01 00:00:00,1982-04-01 00:00:00,62.58
3155,2003-12-23 00:00:00,1982-04-01 00:00:00,
3156,2004-01-05 00:00:00,1982-04-01 00:00:00,58.99
3157,2004-02-02 00:00:00,1982-04-01 00:00:00,58.987
3158,2009-08-04 00:00:00,1982-04-01 00:00:00,
3159,2009-08-05 00:00:00,1982-04-01 00:00:00,52.836
3160,2011-08-02 00:00:00,1982-04-01 00:00:00,52.86
3161,2013-08-02 00:00:00,1982-04-01 00:00:00,49.817
3162,2014-08-01 00:00:00,1982-04-01 00:00:00,49.818
3163,2018-07-31 00:00:00,1982-04-01 00:00:00,46.766
3164,2021-07-30 00:00:00,1982-04-01 00:00:00,46.675
3165,2023-09-29 00:00:00,1982-04-01 00:00:00,44.12
3166,2000-08-01 00:00:00,1982-05-01 00:00:00,62.95
3167,2003-12-23 00:00:00,1982-05-01 00:00:00,
3168,2004-01-05 00:00:00,1982-05-01 00:00:00,59.34
3169,2009-08-04 00:00:00,1982-05-01 00:00:00,
3170,2009-08-05 00:00:00,1982-05-01 00:00:00,53.148
3171,2011-08-02 00:00:00,1982-05-01 00:00:00,53.172
3172,2013-08-02 00:00:00,1982-05-01 00:00:00,50.111
3173,2014-08-01 00:00:00,1982-05-01 00:00:00,50.112
3174,2018-07-31 00:00:00,1982-05-01 00:00:00,47.043
3175,2021-07-30 00:00:00,1982-05-01 00:00:00,46.951
3176,2023-09-29 00:00:00,1982-05-01 00:00:00,44.382
3177,2000-08-01 00:00:00,1982-06-01 00:00:00,63.41
3178,2003-12-23 00:00:00,1982-06-01 00:00:00,
3179,2004-01-05 00:00:00,1982-06-01 00:00:00,59.77
3180,2004-02-02 00:00:00,1982-06-01 00:00:00,59.768
3181,2009-08-04 00:00:00,1982-06-01 00:00:00,
3182,2009-08-05 00:00:00,1982-06-01 00:00:00,53.532
3183,2011-08-02 00:00:00,1982-06-01 00:00:00,53.556
3184,2013-08-02 00:00:00,1982-06-01 00:00:00,50.473
3185,2014-08-01 00:00:00,1982-06-01 00:00:00,50.474
3186,2018-07-31 00:00:00,1982-06-01 00:00:00,47.384
3187,2021-07-30 00:00:00,1982-06-01 00:00:00,47.292
3188,2023-09-29 00:00:00,1982-06-01 00:00:00,44.704
3189,2000-08-01 00:00:00,1982-07-01 00:00:00,63.79
3190,2003-12-23 00:00:00,1982-07-01 00:00:00,
3191,2004-01-05 00:00:00,1982-07-01 00:00:00,60.12
3192,2004-02-02 00:00:00,1982-07-01 00:00:00,60.122
3193,2009-08-04 00:00:00,1982-07-01 00:00:00,
3194,2009-08-05 00:00:00,1982-07-01 00:00:00,53.848
3195,2011-08-02 00:00:00,1982-07-01 00:00:00,53.873
3196,2013-08-02 00:00:00,1982-07-01 00:00:00,50.772
3197,2014-08-01 00:00:00,1982-07-01 00:00:00,50.773
3198,2018-07-31 00:00:00,1982-07-01 00:00:00,47.665
3199,2021-07-30 00:00:00,1982-07-01 00:00:00,47.572
3200,2023-09-29 00:00:00,1982-07-01 00:00:00,44.969
3201,2000-08-01 00:00:00,1982-08-01 00:00:00,63.94
3202,2003-12-23 00:00:00,1982-08-01 00:00:00,
3203,2004-01-05 00:00:00,1982-08-01 00:00:00,60.3
3204,2009-08-04 00:00:00,1982-08-01 00:00:00,
3205,2009-08-05 00:00:00,1982-08-01 00:00:00,54.015
3206,2011-08-02 00:00:00,1982-08-01 00:00:00,54.039
3207,2013-08-02 00:00:00,1982-08-01 00:00:00,50.929
3208,2014-08-01 00:00:00,1982-08-01 00:00:00,50.93
3209,2018-07-31 00:00:00,1982-08-01 00:00:00,47.813
3210,2021-07-30 00:00:00,1982-08-01 00:00:00,47.72
3211,2023-09-29 00:00:00,1982-08-01 00:00:00,45.108
3212,2000-08-01 00:00:00,1982-09-01 00:00:00,64.12
3213,2003-12-23 00:00:00,1982-09-01 00:00:00,
3214,2004-01-05 00:00:00,1982-09-01 00:00:00,60.46
3215,2004-02-02 00:00:00,1982-09-01 00:00:00,60.461
3216,2009-08-04 00:00:00,1982-09-01 00:00:00,
3217,2009-08-05 00:00:00,1982-09-01 00:00:00,54.166
3218,2011-08-02 00:00:00,1982-09-01 00:00:00,54.19
3219,2013-08-02 00:00:00,1982-09-01 00:00:00,51.071
3220,2014-08-01 00:00:00,1982-09-01 00:00:00,51.072
3221,2018-07-31 00:00:00,1982-09-01 00:00:00,47.946
3222,2021-07-30 00:00:00,1982-09-01 00:00:00,47.852
3223,2023-09-29 00:00:00,1982-09-01 00:00:00,45.233
3224,2000-08-01 00:00:00,1982-10-01 00:00:00,64.48
3225,2003-12-23 00:00:00,1982-10-01 00:00:00,
3226,2004-01-05 00:00:00,1982-10-01 00:00:00,60.82
3227,2004-02-02 00:00:00,1982-10-01 00:00:00,60.817
3228,2009-08-04 00:00:00,1982-10-01 00:00:00,
3229,2009-08-05 00:00:00,1982-10-01 00:00:00,54.47
3230,2011-08-02 00:00:00,1982-10-01 00:00:00,54.495
3231,2013-08-02 00:00:00,1982-10-01 00:00:00,51.358
3232,2014-08-01 00:00:00,1982-10-01 00:00:00,51.359
3233,2018-07-31 00:00:00,1982-10-01 00:00:00,48.215
3234,2021-07-30 00:00:00,1982-10-01 00:00:00,48.121
3235,2023-09-29 00:00:00,1982-10-01 00:00:00,45.487
3236,2000-08-01 00:00:00,1982-11-01 00:00:00,64.66
3237,2003-12-23 00:00:00,1982-11-01 00:00:00,
3238,2004-01-05 00:00:00,1982-11-01 00:00:00,61.0
3239,2004-02-02 00:00:00,1982-11-01 00:00:00,61.003
3240,2009-08-04 00:00:00,1982-11-01 00:00:00,
3241,2009-08-05 00:00:00,1982-11-01 00:00:00,54.636
3242,2011-08-02 00:00:00,1982-11-01 00:00:00,54.661
3243,2013-08-02 00:00:00,1982-11-01 00:00:00,51.515
3244,2014-08-01 00:00:00,1982-11-01 00:00:00,51.516
3245,2018-07-31 00:00:00,1982-11-01 00:00:00,48.359
3246,2021-07-30 00:00:00,1982-11-01 00:00:00,48.265
3247,2023-09-29 00:00:00,1982-11-01 00:00:00,45.624
3248,2000-08-01 00:00:00,1982-12-01 00:00:00,64.76
3249,2003-12-23 00:00:00,1982-12-01 00:00:00,
3250,2004-01-05 00:00:00,1982-12-01 00:00:00,61.1
3251,2004-02-02 00:00:00,1982-12-01 00:00:00,61.096
3252,2009-08-04 00:00:00,1982-12-01 00:00:00,
3253,2009-08-05 00:00:00,1982-12-01 00:00:00,54.724
3254,2011-08-02 00:00:00,1982-12-01 00:00:00,54.749
3255,2013-08-02 00:00:00,1982-12-01 00:00:00,51.597
3256,2014-08-01 00:00:00,1982-12-01 00:00:00,51.598
3257,2018-07-31 00:00:00,1982-12-01 00:00:00,48.432
3258,2021-07-30 00:00:00,1982-12-01 00:00:00,48.338
3259,2023-09-29 00:00:00,1982-12-01 00:00:00,45.693
3260,2000-08-01 00:00:00,1983-01-01 00:00:00,65.04
3261,2003-12-23 00:00:00,1983-01-01 00:00:00,
3262,2004-01-05 00:00:00,1983-01-01 00:00:00,61.4
3263,2009-08-04 00:00:00,1983-01-01 00:00:00,
3264,2009-08-05 00:00:00,1983-01-01 00:00:00,54.992
3265,2011-08-02 00:00:00,1983-01-01 00:00:00,55.017
3266,2013-08-02 00:00:00,1983-01-01 00:00:00,51.851
3267,2014-08-01 00:00:00,1983-01-01 00:00:00,51.852
3268,2018-07-31 00:00:00,1983-01-01 00:00:00,48.659
3269,2021-07-30 00:00:00,1983-01-01 00:00:00,48.564
3270,2023-09-29 00:00:00,1983-01-01 00:00:00,45.906
3271,2000-08-01 00:00:00,1983-02-01 00:00:00,65.13
3272,2003-12-23 00:00:00,1983-02-01 00:00:00,
3273,2004-01-05 00:00:00,1983-02-01 00:00:00,61.5
3274,2004-02-02 00:00:00,1983-02-01 00:00:00,61.502
3275,2009-08-04 00:00:00,1983-02-01 00:00:00,
3276,2009-08-05 00:00:00,1983-02-01 00:00:00,55.089
3277,2011-08-02 00:00:00,1983-02-01 00:00:00,55.114
3278,2013-08-02 00:00:00,1983-02-01 00:00:00,51.943
3279,2018-07-31 00:00:00,1983-02-01 00:00:00,48.741
3280,2021-07-30 00:00:00,1983-02-01 00:00:00,48.646
3281,2023-09-29 00:00:00,1983-02-01 00:00:00,45.984
3282,2000-08-01 00:00:00,1983-03-01 00:00:00,65.26
3283,2003-12-23 00:00:00,1983-03-01 00:00:00,
3284,2004-01-05 00:00:00,1983-03-01 00:00:00,61.59
3285,2004-02-02 00:00:00,1983-03-01 00:00:00,61.593
3286,2009-08-04 00:00:00,1983-03-01 00:00:00,
3287,2009-08-05 00:00:00,1983-03-01 00:00:00,55.164
3288,2011-08-02 00:00:00,1983-03-01 00:00:00,55.189
3289,2013-08-02 00:00:00,1983-03-01 00:00:00,52.013
3290,2014-08-01 00:00:00,1983-03-01 00:00:00,52.014
3291,2018-07-31 00:00:00,1983-03-01 00:00:00,48.804
3292,2021-07-30 00:00:00,1983-03-01 00:00:00,48.709
3293,2023-09-29 00:00:00,1983-03-01 00:00:00,46.043
3294,2000-08-01 00:00:00,1983-04-01 00:00:00,65.66
3295,2003-12-23 00:00:00,1983-04-01 00:00:00,
3296,2004-01-05 00:00:00,1983-04-01 00:00:00,61.87
3297,2004-02-02 00:00:00,1983-04-01 00:00:00,61.873
3298,2009-08-04 00:00:00,1983-04-01 00:00:00,
3299,2009-08-05 00:00:00,1983-04-01 00:00:00,55.415
3300,2011-08-02 00:00:00,1983-04-01 00:00:00,55.44
3301,2013-08-02 00:00:00,1983-04-01 00:00:00,52.25
3302,2014-08-01 00:00:00,1983-04-01 00:00:00,52.251
3303,2018-07-31 00:00:00,1983-04-01 00:00:00,49.027
3304,2021-07-30 00:00:00,1983-04-01 00:00:00,48.931
3305,2023-09-29 00:00:00,1983-04-01 00:00:00,46.253
3306,2000-08-01 00:00:00,1983-05-01 00:00:00,65.91
3307,2003-12-23 00:00:00,1983-05-01 00:00:00,
3308,2004-01-05 00:00:00,1983-05-01 00:00:00,62.05
3309,2004-02-02 00:00:00,1983-05-01 00:00:00,62.045
3310,2009-08-04 00:00:00,1983-05-01 00:00:00,
3311,2009-08-05 00:00:00,1983-05-01 00:00:00,55.574
3312,2011-08-02 00:00:00,1983-05-01 00:00:00,55.599
3313,2013-08-02 00:00:00,1983-05-01 00:00:00,52.399
3314,2014-08-01 00:00:00,1983-05-01 00:00:00,52.4
3315,2018-07-31 00:00:00,1983-05-01 00:00:00,49.166
3316,2021-07-30 00:00:00,1983-05-01 00:00:00,49.07
3317,2023-09-29 00:00:00,1983-05-01 00:00:00,46.384
3318,2000-08-01 00:00:00,1983-06-01 00:00:00,66.13
3319,2003-12-23 00:00:00,1983-06-01 00:00:00,
3320,2004-01-05 00:00:00,1983-06-01 00:00:00,62.27
3321,2004-02-02 00:00:00,1983-06-01 00:00:00,62.273
3322,2009-08-04 00:00:00,1983-06-01 00:00:00,
3323,2009-08-05 00:00:00,1983-06-01 00:00:00,55.781
3324,2011-08-02 00:00:00,1983-06-01 00:00:00,55.807
3325,2013-08-02 00:00:00,1983-06-01 00:00:00,52.595
3326,2014-08-01 00:00:00,1983-06-01 00:00:00,52.596
3327,2018-07-31 00:00:00,1983-06-01 00:00:00,49.349
3328,2021-07-30 00:00:00,1983-06-01 00:00:00,49.253
3329,2023-09-29 00:00:00,1983-06-01 00:00:00,46.557
3330,2000-08-01 00:00:00,1983-07-01 00:00:00,66.36
3331,2003-12-23 00:00:00,1983-07-01 00:00:00,
3332,2004-01-05 00:00:00,1983-07-01 00:00:00,62.62
3333,2004-02-02 00:00:00,1983-07-01 00:00:00,62.622
3334,2009-08-04 00:00:00,1983-07-01 00:00:00,
3335,2009-08-05 00:00:00,1983-07-01 00:00:00,56.096
3336,2011-08-02 00:00:00,1983-07-01 00:00:00,56.122
3337,2013-08-02 00:00:00,1983-07-01 00:00:00,52.892
3338,2014-08-01 00:00:00,1983-07-01 00:00:00,52.893
3339,2018-07-31 00:00:00,1983-07-01 00:00:00,49.627
3340,2021-07-30 00:00:00,1983-07-01 00:00:00,49.53
3341,2023-09-29 00:00:00,1983-07-01 00:00:00,46.82
3342,2000-08-01 00:00:00,1983-08-01 00:00:00,66.57
3343,2003-12-23 00:00:00,1983-08-01 00:00:00,
3344,2004-01-05 00:00:00,1983-08-01 00:00:00,62.9
3345,2004-02-02 00:00:00,1983-08-01 00:00:00,62.899
3346,2009-08-04 00:00:00,1983-08-01 00:00:00,
3347,2009-08-05 00:00:00,1983-08-01 00:00:00,56.337
3348,2011-08-02 00:00:00,1983-08-01 00:00:00,56.363
3349,2013-08-02 00:00:00,1983-08-01 00:00:00,53.119
3350,2014-08-01 00:00:00,1983-08-01 00:00:00,53.12
3351,2018-07-31 00:00:00,1983-08-01 00:00:00,49.84
3352,2021-07-30 00:00:00,1983-08-01 00:00:00,49.743
3353,2023-09-29 00:00:00,1983-08-01 00:00:00,47.02
3354,2000-08-01 00:00:00,1983-09-01 00:00:00,66.79
3355,2003-12-23 00:00:00,1983-09-01 00:00:00,
3356,2004-01-05 00:00:00,1983-09-01 00:00:00,63.12
3357,2004-02-02 00:00:00,1983-09-01 00:00:00,63.119
3358,2009-08-04 00:00:00,1983-09-01 00:00:00,
3359,2009-08-05 00:00:00,1983-09-01 00:00:00,56.534
3360,2011-08-02 00:00:00,1983-09-01 00:00:00,56.56
3361,2013-08-02 00:00:00,1983-09-01 00:00:00,53.305
3362,2014-08-01 00:00:00,1983-09-01 00:00:00,53.306
3363,2018-07-31 00:00:00,1983-09-01 00:00:00,50.014
3364,2021-07-30 00:00:00,1983-09-01 00:00:00,49.916
3365,2023-09-29 00:00:00,1983-09-01 00:00:00,47.185
3366,2000-08-01 00:00:00,1983-10-01 00:00:00,66.98
3367,2003-12-23 00:00:00,1983-10-01 00:00:00,
3368,2004-01-05 00:00:00,1983-10-01 00:00:00,63.23
3369,2004-02-02 00:00:00,1983-10-01 00:00:00,63.231
3370,2009-08-04 00:00:00,1983-10-01 00:00:00,
3371,2009-08-05 00:00:00,1983-10-01 00:00:00,56.632
3372,2011-08-02 00:00:00,1983-10-01 00:00:00,56.658
3373,2013-08-02 00:00:00,1983-10-01 00:00:00,53.397
3374,2014-08-01 00:00:00,1983-10-01 00:00:00,53.398
3375,2018-07-31 00:00:00,1983-10-01 00:00:00,50.099
3376,2021-07-30 00:00:00,1983-10-01 00:00:00,50.002
3377,2023-09-29 00:00:00,1983-10-01 00:00:00,47.265
3378,2000-08-01 00:00:00,1983-11-01 00:00:00,67.18
3379,2003-12-23 00:00:00,1983-11-01 00:00:00,
3380,2004-01-05 00:00:00,1983-11-01 00:00:00,63.32
3381,2004-02-02 00:00:00,1983-11-01 00:00:00,63.322
3382,2009-08-04 00:00:00,1983-11-01 00:00:00,
3383,2009-08-05 00:00:00,1983-11-01 00:00:00,56.713
3384,2011-08-02 00:00:00,1983-11-01 00:00:00,56.739
3385,2013-08-02 00:00:00,1983-11-01 00:00:00,53.473
3386,2014-08-01 00:00:00,1983-11-01 00:00:00,53.474
3387,2018-07-31 00:00:00,1983-11-01 00:00:00,50.17
3388,2021-07-30 00:00:00,1983-11-01 00:00:00,50.072
3389,2023-09-29 00:00:00,1983-11-01 00:00:00,47.332
3390,2000-08-01 00:00:00,1983-12-01 00:00:00,67.27
3391,2003-12-23 00:00:00,1983-12-01 00:00:00,
3392,2004-01-05 00:00:00,1983-12-01 00:00:00,63.36
3393,2004-02-02 00:00:00,1983-12-01 00:00:00,63.355
3394,2009-08-04 00:00:00,1983-12-01 00:00:00,
3395,2009-08-05 00:00:00,1983-12-01 00:00:00,56.744
3396,2011-08-02 00:00:00,1983-12-01 00:00:00,56.77
3397,2013-08-02 00:00:00,1983-12-01 00:00:00,53.503
3398,2018-07-31 00:00:00,1983-12-01 00:00:00,50.198
3399,2021-07-30 00:00:00,1983-12-01 00:00:00,50.1
3400,2023-09-29 00:00:00,1983-12-01 00:00:00,47.358
3401,2000-08-01 00:00:00,1984-01-01 00:00:00,67.55
3402,2003-12-23 00:00:00,1984-01-01 00:00:00,
3403,2004-01-05 00:00:00,1984-01-01 00:00:00,63.63
3404,2004-02-02 00:00:00,1984-01-01 00:00:00,63.626
3405,2009-08-04 00:00:00,1984-01-01 00:00:00,
3406,2009-08-05 00:00:00,1984-01-01 00:00:00,56.989
3407,2011-08-02 00:00:00,1984-01-01 00:00:00,57.015
3408,2013-08-02 00:00:00,1984-01-01 00:00:00,53.733
3409,2014-08-01 00:00:00,1984-01-01 00:00:00,53.734
3410,2018-07-31 00:00:00,1984-01-01 00:00:00,50.416
3411,2021-07-30 00:00:00,1984-01-01 00:00:00,50.318
3412,2023-09-29 00:00:00,1984-01-01 00:00:00,47.564
3413,2000-08-01 00:00:00,1984-02-01 00:00:00,67.86
3414,2003-12-23 00:00:00,1984-02-01 00:00:00,
3415,2004-01-05 00:00:00,1984-02-01 00:00:00,64.05
3416,2004-02-02 00:00:00,1984-02-01 00:00:00,64.049
3417,2009-08-04 00:00:00,1984-02-01 00:00:00,
3418,2009-08-05 00:00:00,1984-02-01 00:00:00,57.371
3419,2011-08-02 00:00:00,1984-02-01 00:00:00,57.397
3420,2013-08-02 00:00:00,1984-02-01 00:00:00,54.094
3421,2014-08-01 00:00:00,1984-02-01 00:00:00,54.095
3422,2018-07-31 00:00:00,1984-02-01 00:00:00,50.755
3423,2021-07-30 00:00:00,1984-02-01 00:00:00,50.656
3424,2023-09-29 00:00:00,1984-02-01 00:00:00,47.884
3425,2000-08-01 00:00:00,1984-03-01 00:00:00,68.03
3426,2003-12-23 00:00:00,1984-03-01 00:00:00,
3427,2004-01-05 00:00:00,1984-03-01 00:00:00,64.26
3428,2004-02-02 00:00:00,1984-03-01 00:00:00,64.259
3429,2009-08-04 00:00:00,1984-03-01 00:00:00,
3430,2009-08-05 00:00:00,1984-03-01 00:00:00,57.559
3431,2011-08-02 00:00:00,1984-03-01 00:00:00,57.585
3432,2013-08-02 00:00:00,1984-03-01 00:00:00,54.272
3433,2014-08-01 00:00:00,1984-03-01 00:00:00,54.273
3434,2018-07-31 00:00:00,1984-03-01 00:00:00,50.922
3435,2021-07-30 00:00:00,1984-03-01 00:00:00,50.823
3436,2023-09-29 00:00:00,1984-03-01 00:00:00,48.041
3437,2000-08-01 00:00:00,1984-04-01 00:00:00,68.28
3438,2003-12-23 00:00:00,1984-04-01 00:00:00,
3439,2004-01-05 00:00:00,1984-04-01 00:00:00,64.51
3440,2004-02-02 00:00:00,1984-04-01 00:00:00,64.508
3441,2009-08-04 00:00:00,1984-04-01 00:00:00,
3442,2009-08-05 00:00:00,1984-04-01 00:00:00,57.778
3443,2011-08-02 00:00:00,1984-04-01 00:00:00,57.805
3444,2013-08-02 00:00:00,1984-04-01 00:00:00,54.478
3445,2014-08-01 00:00:00,1984-04-01 00:00:00,54.479
3446,2018-07-31 00:00:00,1984-04-01 00:00:00,51.115
3447,2021-07-30 00:00:00,1984-04-01 00:00:00,51.016
3448,2023-09-29 00:00:00,1984-04-01 00:00:00,48.224
3449,2000-08-01 00:00:00,1984-05-01 00:00:00,68.39
3450,2003-12-23 00:00:00,1984-05-01 00:00:00,
3451,2004-01-05 00:00:00,1984-05-01 00:00:00,64.59
3452,2004-02-02 00:00:00,1984-05-01 00:00:00,64.586
3453,2009-08-04 00:00:00,1984-05-01 00:00:00,
3454,2009-08-05 00:00:00,1984-05-01 00:00:00,57.852
3455,2011-08-02 00:00:00,1984-05-01 00:00:00,57.878
3456,2013-08-02 00:00:00,1984-05-01 00:00:00,54.547
3457,2014-08-01 00:00:00,1984-05-01 00:00:00,54.548
3458,2018-07-31 00:00:00,1984-05-01 00:00:00,51.18
3459,2021-07-30 00:00:00,1984-05-01 00:00:00,51.08
3460,2023-09-29 00:00:00,1984-05-01 00:00:00,48.285
3461,2000-08-01 00:00:00,1984-06-01 00:00:00,68.52
3462,2003-12-23 00:00:00,1984-06-01 00:00:00,
3463,2004-01-05 00:00:00,1984-06-01 00:00:00,64.7
3464,2004-02-02 00:00:00,1984-06-01 00:00:00,64.703
3465,2009-08-04 00:00:00,1984-06-01 00:00:00,
3466,2009-08-05 00:00:00,1984-06-01 00:00:00,57.956
3467,2011-08-02 00:00:00,1984-06-01 00:00:00,57.982
3468,2013-08-02 00:00:00,1984-06-01 00:00:00,54.646
3469,2014-08-01 00:00:00,1984-06-01 00:00:00,54.647
3470,2018-07-31 00:00:00,1984-06-01 00:00:00,51.271
3471,2021-07-30 00:00:00,1984-06-01 00:00:00,51.171
3472,2023-09-29 00:00:00,1984-06-01 00:00:00,48.371
3473,2000-08-01 00:00:00,1984-07-01 00:00:00,68.72
3474,2003-12-23 00:00:00,1984-07-01 00:00:00,
3475,2004-01-05 00:00:00,1984-07-01 00:00:00,64.94
3476,2004-02-02 00:00:00,1984-07-01 00:00:00,64.935
3477,2009-08-04 00:00:00,1984-07-01 00:00:00,
3478,2009-08-05 00:00:00,1984-07-01 00:00:00,58.164
3479,2011-08-02 00:00:00,1984-07-01 00:00:00,58.19
3480,2013-08-02 00:00:00,1984-07-01 00:00:00,54.842
3481,2018-07-31 00:00:00,1984-07-01 00:00:00,51.455
3482,2021-07-30 00:00:00,1984-07-01 00:00:00,51.354
3483,2023-09-29 00:00:00,1984-07-01 00:00:00,48.544
3484,2000-08-01 00:00:00,1984-08-01 00:00:00,68.92
3485,2003-12-23 00:00:00,1984-08-01 00:00:00,
3486,2004-01-05 00:00:00,1984-08-01 00:00:00,65.13
3487,2004-02-02 00:00:00,1984-08-01 00:00:00,65.132
3488,2009-08-04 00:00:00,1984-08-01 00:00:00,
3489,2009-08-05 00:00:00,1984-08-01 00:00:00,58.343
3490,2011-08-02 00:00:00,1984-08-01 00:00:00,58.37
3491,2013-08-02 00:00:00,1984-08-01 00:00:00,55.011
3492,2014-08-01 00:00:00,1984-08-01 00:00:00,55.012
3493,2018-07-31 00:00:00,1984-08-01 00:00:00,51.613
3494,2021-07-30 00:00:00,1984-08-01 00:00:00,51.512
3495,2023-09-29 00:00:00,1984-08-01 00:00:00,48.693
3496,2000-08-01 00:00:00,1984-09-01 00:00:00,69.06
3497,2003-12-23 00:00:00,1984-09-01 00:00:00,
3498,2004-01-05 00:00:00,1984-09-01 00:00:00,65.23
3499,2004-02-02 00:00:00,1984-09-01 00:00:00,65.227
3500,2009-08-04 00:00:00,1984-09-01 00:00:00,
3501,2009-08-05 00:00:00,1984-09-01 00:00:00,58.424
3502,2011-08-02 00:00:00,1984-09-01 00:00:00,58.451
3503,2013-08-02 00:00:00,1984-09-01 00:00:00,55.087
3504,2014-08-01 00:00:00,1984-09-01 00:00:00,55.088
3505,2018-07-31 00:00:00,1984-09-01 00:00:00,51.683
3506,2021-07-30 00:00:00,1984-09-01 00:00:00,51.582
3507,2023-09-29 00:00:00,1984-09-01 00:00:00,48.759
3508,2000-08-01 00:00:00,1984-10-01 00:00:00,69.27
3509,2003-12-23 00:00:00,1984-10-01 00:00:00,
3510,2004-01-05 00:00:00,1984-10-01 00:00:00,65.38
3511,2004-02-02 00:00:00,1984-10-01 00:00:00,65.378
3512,2009-08-04 00:00:00,1984-10-01 00:00:00,
3513,2009-08-05 00:00:00,1984-10-01 00:00:00,58.562
3514,2011-08-02 00:00:00,1984-10-01 00:00:00,58.589
3515,2013-08-02 00:00:00,1984-10-01 00:00:00,55.217
3516,2014-08-01 00:00:00,1984-10-01 00:00:00,55.218
3517,2018-07-31 00:00:00,1984-10-01 00:00:00,51.805
3518,2021-07-30 00:00:00,1984-10-01 00:00:00,51.704
3519,2023-09-29 00:00:00,1984-10-01 00:00:00,48.874
3520,2000-08-01 00:00:00,1984-11-01 00:00:00,69.38
3521,2003-12-23 00:00:00,1984-11-01 00:00:00,
3522,2004-01-05 00:00:00,1984-11-01 00:00:00,65.47
3523,2004-02-02 00:00:00,1984-11-01 00:00:00,65.474
3524,2009-08-04 00:00:00,1984-11-01 00:00:00,
3525,2009-08-05 00:00:00,1984-11-01 00:00:00,58.647
3526,2011-08-02 00:00:00,1984-11-01 00:00:00,58.673
3527,2013-08-02 00:00:00,1984-11-01 00:00:00,55.296
3528,2014-08-01 00:00:00,1984-11-01 00:00:00,55.297
3529,2018-07-31 00:00:00,1984-11-01 00:00:00,51.877
3530,2021-07-30 00:00:00,1984-11-01 00:00:00,51.776
3531,2023-09-29 00:00:00,1984-11-01 00:00:00,48.943
3532,2000-08-01 00:00:00,1984-12-01 00:00:00,69.53
3533,2003-12-23 00:00:00,1984-12-01 00:00:00,
3534,2004-01-05 00:00:00,1984-12-01 00:00:00,65.67
3535,2004-02-02 00:00:00,1984-12-01 00:00:00,65.665
3536,2009-08-04 00:00:00,1984-12-01 00:00:00,
3537,2009-08-05 00:00:00,1984-12-01 00:00:00,58.814
3538,2011-08-02 00:00:00,1984-12-01 00:00:00,58.841
3539,2013-08-02 00:00:00,1984-12-01 00:00:00,55.453
3540,2014-08-01 00:00:00,1984-12-01 00:00:00,55.454
3541,2018-07-31 00:00:00,1984-12-01 00:00:00,52.023
3542,2021-07-30 00:00:00,1984-12-01 00:00:00,51.922
3543,2023-09-29 00:00:00,1984-12-01 00:00:00,49.081
3544,2000-08-01 00:00:00,1985-01-01 00:00:00,69.78
3545,2003-12-23 00:00:00,1985-01-01 00:00:00,
3546,2004-01-05 00:00:00,1985-01-01 00:00:00,65.95
3547,2004-02-02 00:00:00,1985-01-01 00:00:00,65.947
3548,2009-08-04 00:00:00,1985-01-01 00:00:00,
3549,2009-08-05 00:00:00,1985-01-01 00:00:00,59.067
3550,2011-08-02 00:00:00,1985-01-01 00:00:00,59.094
3551,2013-08-02 00:00:00,1985-01-01 00:00:00,55.731
3552,2014-08-01 00:00:00,1985-01-01 00:00:00,55.732
3553,2018-07-31 00:00:00,1985-01-01 00:00:00,52.283
3554,2021-07-30 00:00:00,1985-01-01 00:00:00,52.182
3555,2023-09-29 00:00:00,1985-01-01 00:00:00,49.326
3556,2000-08-01 00:00:00,1985-02-01 00:00:00,70.1
3557,2003-12-23 00:00:00,1985-02-01 00:00:00,
3558,2004-01-05 00:00:00,1985-02-01 00:00:00,66.22
3559,2004-02-02 00:00:00,1985-02-01 00:00:00,66.221
3560,2009-08-04 00:00:00,1985-02-01 00:00:00,
3561,2009-08-05 00:00:00,1985-02-01 00:00:00,59.305
3562,2011-08-02 00:00:00,1985-02-01 00:00:00,59.332
3563,2013-08-02 00:00:00,1985-02-01 00:00:00,55.998
3564,2018-07-31 00:00:00,1985-02-01 00:00:00,52.527
3565,2021-07-30 00:00:00,1985-02-01 00:00:00,52.424
3566,2023-09-29 00:00:00,1985-02-01 00:00:00,49.555
3567,2000-08-01 00:00:00,1985-03-01 00:00:00,70.39
3568,2003-12-23 00:00:00,1985-03-01 00:00:00,
3569,2004-01-05 00:00:00,1985-03-01 00:00:00,66.47
3570,2004-02-02 00:00:00,1985-03-01 00:00:00,66.469
3571,2009-08-04 00:00:00,1985-03-01 00:00:00,
3572,2009-08-05 00:00:00,1985-03-01 00:00:00,59.521
3573,2011-08-02 00:00:00,1985-03-01 00:00:00,59.549
3574,2013-08-02 00:00:00,1985-03-01 00:00:00,56.223
3575,2014-08-01 00:00:00,1985-03-01 00:00:00,56.224
3576,2018-07-31 00:00:00,1985-03-01 00:00:00,52.732
3577,2021-07-30 00:00:00,1985-03-01 00:00:00,52.629
3578,2023-09-29 00:00:00,1985-03-01 00:00:00,49.749
3579,2000-08-01 00:00:00,1985-04-01 00:00:00,70.54
3580,2003-12-23 00:00:00,1985-04-01 00:00:00,
3581,2004-01-05 00:00:00,1985-04-01 00:00:00,66.58
3582,2004-02-02 00:00:00,1985-04-01 00:00:00,66.575
3583,2009-08-04 00:00:00,1985-04-01 00:00:00,
3584,2009-08-05 00:00:00,1985-04-01 00:00:00,59.616
3585,2011-08-02 00:00:00,1985-04-01 00:00:00,59.643
3586,2013-08-02 00:00:00,1985-04-01 00:00:00,56.309
3587,2014-08-01 00:00:00,1985-04-01 00:00:00,56.31
3588,2018-07-31 00:00:00,1985-04-01 00:00:00,52.808
3589,2021-07-30 00:00:00,1985-04-01 00:00:00,52.706
3590,2023-09-29 00:00:00,1985-04-01 00:00:00,49.821
3591,2000-08-01 00:00:00,1985-05-01 00:00:00,70.74
3592,2003-12-23 00:00:00,1985-05-01 00:00:00,
3593,2004-01-05 00:00:00,1985-05-01 00:00:00,66.71
3594,2004-02-02 00:00:00,1985-05-01 00:00:00,66.712
3595,2009-08-04 00:00:00,1985-05-01 00:00:00,
3596,2009-08-05 00:00:00,1985-05-01 00:00:00,59.74
3597,2011-08-02 00:00:00,1985-05-01 00:00:00,59.767
3598,2013-08-02 00:00:00,1985-05-01 00:00:00,56.449
3599,2014-08-01 00:00:00,1985-05-01 00:00:00,56.45
3600,2018-07-31 00:00:00,1985-05-01 00:00:00,52.934
3601,2021-07-30 00:00:00,1985-05-01 00:00:00,52.831
3602,2023-09-29 00:00:00,1985-05-01 00:00:00,49.939
3603,2000-08-01 00:00:00,1985-06-01 00:00:00,70.96
3604,2003-12-23 00:00:00,1985-06-01 00:00:00,
3605,2004-01-05 00:00:00,1985-06-01 00:00:00,66.86
3606,2004-02-02 00:00:00,1985-06-01 00:00:00,66.856
3607,2009-08-04 00:00:00,1985-06-01 00:00:00,
3608,2009-08-05 00:00:00,1985-06-01 00:00:00,59.864
3609,2011-08-02 00:00:00,1985-06-01 00:00:00,59.891
3610,2013-08-02 00:00:00,1985-06-01 00:00:00,56.608
3611,2014-08-01 00:00:00,1985-06-01 00:00:00,56.609
3612,2018-07-31 00:00:00,1985-06-01 00:00:00,53.078
3613,2021-07-30 00:00:00,1985-06-01 00:00:00,52.974
3614,2023-09-29 00:00:00,1985-06-01 00:00:00,50.075
3615,2000-08-01 00:00:00,1985-07-01 00:00:00,71.07
3616,2003-12-23 00:00:00,1985-07-01 00:00:00,
3617,2004-01-05 00:00:00,1985-07-01 00:00:00,66.97
3618,2004-02-02 00:00:00,1985-07-01 00:00:00,66.971
3619,2009-08-04 00:00:00,1985-07-01 00:00:00,
3620,2009-08-05 00:00:00,1985-07-01 00:00:00,59.962
3621,2011-08-02 00:00:00,1985-07-01 00:00:00,59.99
3622,2013-08-02 00:00:00,1985-07-01 00:00:00,56.749
3623,2018-07-31 00:00:00,1985-07-01 00:00:00,53.208
3624,2021-07-30 00:00:00,1985-07-01 00:00:00,53.104
3625,2023-09-29 00:00:00,1985-07-01 00:00:00,50.198
3626,2000-08-01 00:00:00,1985-08-01 00:00:00,71.22
3627,2003-12-23 00:00:00,1985-08-01 00:00:00,
3628,2004-01-05 00:00:00,1985-08-01 00:00:00,67.17
3629,2004-02-02 00:00:00,1985-08-01 00:00:00,67.167
3630,2009-08-04 00:00:00,1985-08-01 00:00:00,
3631,2009-08-05 00:00:00,1985-08-01 00:00:00,60.141
3632,2011-08-02 00:00:00,1985-08-01 00:00:00,60.168
3633,2013-08-02 00:00:00,1985-08-01 00:00:00,56.937
3634,2014-08-01 00:00:00,1985-08-01 00:00:00,56.938
3635,2018-07-31 00:00:00,1985-08-01 00:00:00,53.384
3636,2021-07-30 00:00:00,1985-08-01 00:00:00,53.28
3637,2023-09-29 00:00:00,1985-08-01 00:00:00,50.364
3638,2000-08-01 00:00:00,1985-09-01 00:00:00,71.4
3639,2003-12-23 00:00:00,1985-09-01 00:00:00,
3640,2004-01-05 00:00:00,1985-09-01 00:00:00,67.29
3641,2004-02-02 00:00:00,1985-09-01 00:00:00,67.293
3642,2009-08-04 00:00:00,1985-09-01 00:00:00,
3643,2009-08-05 00:00:00,1985-09-01 00:00:00,60.255
3644,2011-08-02 00:00:00,1985-09-01 00:00:00,60.282
3645,2013-08-02 00:00:00,1985-09-01 00:00:00,57.031
3646,2014-08-01 00:00:00,1985-09-01 00:00:00,57.032
3647,2018-07-31 00:00:00,1985-09-01 00:00:00,53.474
3648,2021-07-30 00:00:00,1985-09-01 00:00:00,53.37
3649,2023-09-29 00:00:00,1985-09-01 00:00:00,50.449
3650,2000-08-01 00:00:00,1985-10-01 00:00:00,71.65
3651,2003-12-23 00:00:00,1985-10-01 00:00:00,
3652,2004-01-05 00:00:00,1985-10-01 00:00:00,67.45
3653,2004-02-02 00:00:00,1985-10-01 00:00:00,67.447
3654,2009-08-04 00:00:00,1985-10-01 00:00:00,
3655,2009-08-05 00:00:00,1985-10-01 00:00:00,60.39
3656,2011-08-02 00:00:00,1985-10-01 00:00:00,60.418
3657,2013-08-02 00:00:00,1985-10-01 00:00:00,57.123
3658,2014-08-01 00:00:00,1985-10-01 00:00:00,57.124
3659,2018-07-31 00:00:00,1985-10-01 00:00:00,53.563
3660,2021-07-30 00:00:00,1985-10-01 00:00:00,53.459
3661,2023-09-29 00:00:00,1985-10-01 00:00:00,50.533
3662,2000-08-01 00:00:00,1985-11-01 00:00:00,71.93
3663,2003-12-23 00:00:00,1985-11-01 00:00:00,
3664,2004-01-05 00:00:00,1985-11-01 00:00:00,67.66
3665,2004-02-02 00:00:00,1985-11-01 00:00:00,67.662
3666,2009-08-04 00:00:00,1985-11-01 00:00:00,
3667,2009-08-05 00:00:00,1985-11-01 00:00:00,60.593
3668,2011-08-02 00:00:00,1985-11-01 00:00:00,60.62
3669,2013-08-02 00:00:00,1985-11-01 00:00:00,57.285
3670,2014-08-01 00:00:00,1985-11-01 00:00:00,57.286
3671,2018-07-31 00:00:00,1985-11-01 00:00:00,53.719
3672,2021-07-30 00:00:00,1985-11-01 00:00:00,53.614
3673,2023-09-29 00:00:00,1985-11-01 00:00:00,50.68
3674,2000-08-01 00:00:00,1985-12-01 00:00:00,72.15
3675,2003-12-23 00:00:00,1985-12-01 00:00:00,
3676,2004-01-05 00:00:00,1985-12-01 00:00:00,67.91
3677,2004-02-02 00:00:00,1985-12-01 00:00:00,67.906
3678,2009-08-04 00:00:00,1985-12-01 00:00:00,
3679,2009-08-05 00:00:00,1985-12-01 00:00:00,60.802
3680,2011-08-02 00:00:00,1985-12-01 00:00:00,60.83
3681,2013-08-02 00:00:00,1985-12-01 00:00:00,57.478
3682,2014-08-01 00:00:00,1985-12-01 00:00:00,57.479
3683,2018-07-31 00:00:00,1985-12-01 00:00:00,53.9
3684,2021-07-30 00:00:00,1985-12-01 00:00:00,53.795
3685,2023-09-29 00:00:00,1985-12-01 00:00:00,50.85
3686,2000-08-01 00:00:00,1986-01-01 00:00:00,72.37
3687,2003-12-23 00:00:00,1986-01-01 00:00:00,
3688,2004-01-05 00:00:00,1986-01-01 00:00:00,68.2
3689,2004-02-02 00:00:00,1986-01-01 00:00:00,68.197
3690,2009-08-04 00:00:00,1986-01-01 00:00:00,
3691,2009-08-05 00:00:00,1986-01-01 00:00:00,61.067
3692,2011-08-02 00:00:00,1986-01-01 00:00:00,61.095
3693,2013-08-02 00:00:00,1986-01-01 00:00:00,57.747
3694,2014-08-01 00:00:00,1986-01-01 00:00:00,57.748
3695,2018-07-31 00:00:00,1986-01-01 00:00:00,54.148
3696,2021-07-30 00:00:00,1986-01-01 00:00:00,54.042
3697,2023-09-29 00:00:00,1986-01-01 00:00:00,51.084
3698,2000-08-01 00:00:00,1986-02-01 00:00:00,72.34
3699,2003-12-23 00:00:00,1986-02-01 00:00:00,
3700,2004-01-05 00:00:00,1986-02-01 00:00:00,68.2
3701,2004-02-02 00:00:00,1986-02-01 00:00:00,68.202
3702,2009-08-04 00:00:00,1986-02-01 00:00:00,
3703,2009-08-05 00:00:00,1986-02-01 00:00:00,61.072
3704,2011-08-02 00:00:00,1986-02-01 00:00:00,61.1
3705,2013-08-02 00:00:00,1986-02-01 00:00:00,57.749
3706,2014-08-01 00:00:00,1986-02-01 00:00:00,57.75
3707,2018-07-31 00:00:00,1986-02-01 00:00:00,54.148
3708,2021-07-30 00:00:00,1986-02-01 00:00:00,54.042
3709,2023-09-29 00:00:00,1986-02-01 00:00:00,51.084
3710,2000-08-01 00:00:00,1986-03-01 00:00:00,72.18
3711,2003-12-23 00:00:00,1986-03-01 00:00:00,
3712,2004-01-05 00:00:00,1986-03-01 00:00:00,68.08
3713,2004-02-02 00:00:00,1986-03-01 00:00:00,68.079
3714,2009-08-04 00:00:00,1986-03-01 00:00:00,
3715,2009-08-05 00:00:00,1986-03-01 00:00:00,60.96
3716,2011-08-02 00:00:00,1986-03-01 00:00:00,60.987
3717,2013-08-02 00:00:00,1986-03-01 00:00:00,57.621
3718,2014-08-01 00:00:00,1986-03-01 00:00:00,57.622
3719,2018-07-31 00:00:00,1986-03-01 00:00:00,54.029
3720,2021-07-30 00:00:00,1986-03-01 00:00:00,53.924
3721,2023-09-29 00:00:00,1986-03-01 00:00:00,50.972
3722,2000-08-01 00:00:00,1986-04-01 00:00:00,72.1
3723,2003-12-23 00:00:00,1986-04-01 00:00:00,
3724,2004-01-05 00:00:00,1986-04-01 00:00:00,67.98
3725,2004-02-02 00:00:00,1986-04-01 00:00:00,67.983
3726,2009-08-04 00:00:00,1986-04-01 00:00:00,
3727,2009-08-05 00:00:00,1986-04-01 00:00:00,60.876
3728,2011-08-02 00:00:00,1986-04-01 00:00:00,60.904
3729,2013-08-02 00:00:00,1986-04-01 00:00:00,57.499
3730,2014-08-01 00:00:00,1986-04-01 00:00:00,57.5
3731,2018-07-31 00:00:00,1986-04-01 00:00:00,53.918
3732,2021-07-30 00:00:00,1986-04-01 00:00:00,53.813
3733,2023-09-29 00:00:00,1986-04-01 00:00:00,50.868
3734,2000-08-01 00:00:00,1986-05-01 00:00:00,72.29
3735,2003-12-23 00:00:00,1986-05-01 00:00:00,
3736,2004-01-05 00:00:00,1986-05-01 00:00:00,68.16
3737,2004-02-02 00:00:00,1986-05-01 00:00:00,68.156
3738,2009-08-04 00:00:00,1986-05-01 00:00:00,
3739,2009-08-05 00:00:00,1986-05-01 00:00:00,61.032
3740,2011-08-02 00:00:00,1986-05-01 00:00:00,61.06
3741,2013-08-02 00:00:00,1986-05-01 00:00:00,57.6
3742,2014-08-01 00:00:00,1986-05-01 00:00:00,57.601
3743,2018-07-31 00:00:00,1986-05-01 00:00:00,54.017
3744,2021-07-30 00:00:00,1986-05-01 00:00:00,53.912
3745,2023-09-29 00:00:00,1986-05-01 00:00:00,50.961
3746,2000-08-01 00:00:00,1986-06-01 00:00:00,72.6
3747,2003-12-23 00:00:00,1986-06-01 00:00:00,
3748,2004-01-05 00:00:00,1986-06-01 00:00:00,68.46
3749,2004-02-02 00:00:00,1986-06-01 00:00:00,68.461
3750,2009-08-04 00:00:00,1986-06-01 00:00:00,
3751,2009-08-05 00:00:00,1986-06-01 00:00:00,61.305
3752,2011-08-02 00:00:00,1986-06-01 00:00:00,61.333
3753,2013-08-02 00:00:00,1986-06-01 00:00:00,57.809
3754,2014-08-01 00:00:00,1986-06-01 00:00:00,57.81
3755,2018-07-31 00:00:00,1986-06-01 00:00:00,54.218
3756,2021-07-30 00:00:00,1986-06-01 00:00:00,54.112
3757,2023-09-29 00:00:00,1986-06-01 00:00:00,51.151
3758,2000-08-01 00:00:00,1986-07-01 00:00:00,72.68
3759,2003-12-23 00:00:00,1986-07-01 00:00:00,
3760,2004-01-05 00:00:00,1986-07-01 00:00:00,68.54
3761,2004-02-02 00:00:00,1986-07-01 00:00:00,68.541
3762,2009-08-04 00:00:00,1986-07-01 00:00:00,
3763,2009-08-05 00:00:00,1986-07-01 00:00:00,61.369
3764,2011-08-02 00:00:00,1986-07-01 00:00:00,61.397
3765,2013-08-02 00:00:00,1986-07-01 00:00:00,57.821
3766,2014-08-01 00:00:00,1986-07-01 00:00:00,57.822
3767,2018-07-31 00:00:00,1986-07-01 00:00:00,54.231
3768,2021-07-30 00:00:00,1986-07-01 00:00:00,54.126
3769,2023-09-29 00:00:00,1986-07-01 00:00:00,51.164
3770,2000-08-01 00:00:00,1986-08-01 00:00:00,72.82
3771,2003-12-23 00:00:00,1986-08-01 00:00:00,
3772,2004-01-05 00:00:00,1986-08-01 00:00:00,68.67
3773,2004-02-02 00:00:00,1986-08-01 00:00:00,68.672
3774,2009-08-04 00:00:00,1986-08-01 00:00:00,
3775,2009-08-05 00:00:00,1986-08-01 00:00:00,61.484
3776,2011-08-02 00:00:00,1986-08-01 00:00:00,61.512
3777,2013-08-02 00:00:00,1986-08-01 00:00:00,57.89
3778,2014-08-01 00:00:00,1986-08-01 00:00:00,57.891
3779,2018-07-31 00:00:00,1986-08-01 00:00:00,54.3
3780,2021-07-30 00:00:00,1986-08-01 00:00:00,54.194
3781,2023-09-29 00:00:00,1986-08-01 00:00:00,51.228
3782,2000-08-01 00:00:00,1986-09-01 00:00:00,73.09
3783,2003-12-23 00:00:00,1986-09-01 00:00:00,
3784,2004-01-05 00:00:00,1986-09-01 00:00:00,68.93
3785,2004-02-02 00:00:00,1986-09-01 00:00:00,68.925
3786,2009-08-04 00:00:00,1986-09-01 00:00:00,
3787,2009-08-05 00:00:00,1986-09-01 00:00:00,61.71
3788,2011-08-02 00:00:00,1986-09-01 00:00:00,61.738
3789,2013-08-02 00:00:00,1986-09-01 00:00:00,58.076
3790,2014-08-01 00:00:00,1986-09-01 00:00:00,58.077
3791,2018-07-31 00:00:00,1986-09-01 00:00:00,54.477
3792,2021-07-30 00:00:00,1986-09-01 00:00:00,54.371
3793,2023-09-29 00:00:00,1986-09-01 00:00:00,51.396
3794,2000-08-01 00:00:00,1986-10-01 00:00:00,73.21
3795,2003-12-23 00:00:00,1986-10-01 00:00:00,
3796,2004-01-05 00:00:00,1986-10-01 00:00:00,69.06
3797,2004-02-02 00:00:00,1986-10-01 00:00:00,69.056
3798,2009-08-04 00:00:00,1986-10-01 00:00:00,
3799,2009-08-05 00:00:00,1986-10-01 00:00:00,61.83
3800,2011-08-02 00:00:00,1986-10-01 00:00:00,61.858
3801,2013-08-02 00:00:00,1986-10-01 00:00:00,58.179
3802,2014-08-01 00:00:00,1986-10-01 00:00:00,58.18
3803,2018-07-31 00:00:00,1986-10-01 00:00:00,54.575
3804,2021-07-30 00:00:00,1986-10-01 00:00:00,54.469
3805,2023-09-29 00:00:00,1986-10-01 00:00:00,51.488
3806,2000-08-01 00:00:00,1986-11-01 00:00:00,73.41
3807,2003-12-23 00:00:00,1986-11-01 00:00:00,
3808,2004-01-05 00:00:00,1986-11-01 00:00:00,69.21
3809,2004-02-02 00:00:00,1986-11-01 00:00:00,69.211
3810,2009-08-04 00:00:00,1986-11-01 00:00:00,
3811,2009-08-05 00:00:00,1986-11-01 00:00:00,61.972
3812,2011-08-02 00:00:00,1986-11-01 00:00:00,62.0
3813,2013-08-02 00:00:00,1986-11-01 00:00:00,58.282
3814,2014-08-01 00:00:00,1986-11-01 00:00:00,58.283
3815,2018-07-31 00:00:00,1986-11-01 00:00:00,54.673
3816,2021-07-30 00:00:00,1986-11-01 00:00:00,54.566
3817,2023-09-29 00:00:00,1986-11-01 00:00:00,51.58
3818,2000-08-01 00:00:00,1986-12-01 00:00:00,73.57
3819,2003-12-23 00:00:00,1986-12-01 00:00:00,
3820,2004-01-05 00:00:00,1986-12-01 00:00:00,69.34
3821,2004-02-02 00:00:00,1986-12-01 00:00:00,69.342
3822,2009-08-04 00:00:00,1986-12-01 00:00:00,
3823,2009-08-05 00:00:00,1986-12-01 00:00:00,62.108
3824,2011-08-02 00:00:00,1986-12-01 00:00:00,62.136
3825,2013-08-02 00:00:00,1986-12-01 00:00:00,58.361
3826,2018-07-31 00:00:00,1986-12-01 00:00:00,54.746
3827,2021-07-30 00:00:00,1986-12-01 00:00:00,54.64
3828,2023-09-29 00:00:00,1986-12-01 00:00:00,51.651
3829,2000-08-01 00:00:00,1987-01-01 00:00:00,74.08
3830,2003-12-23 00:00:00,1987-01-01 00:00:00,
3831,2004-01-05 00:00:00,1987-01-01 00:00:00,69.75
3832,2009-08-04 00:00:00,1987-01-01 00:00:00,
3833,2009-08-05 00:00:00,1987-01-01 00:00:00,62.504
3834,2011-08-02 00:00:00,1987-01-01 00:00:00,62.532
3835,2013-08-02 00:00:00,1987-01-01 00:00:00,58.627
3836,2014-08-01 00:00:00,1987-01-01 00:00:00,58.628
3837,2018-07-31 00:00:00,1987-01-01 00:00:00,55.002
3838,2021-07-30 00:00:00,1987-01-01 00:00:00,54.895
3839,2023-09-29 00:00:00,1987-01-01 00:00:00,51.894
3840,2000-08-01 00:00:00,1987-02-01 00:00:00,74.4
3841,2003-12-23 00:00:00,1987-02-01 00:00:00,
3842,2004-01-05 00:00:00,1987-02-01 00:00:00,70.02
3843,2004-02-02 00:00:00,1987-02-01 00:00:00,70.018
3844,2009-08-04 00:00:00,1987-02-01 00:00:00,
3845,2009-08-05 00:00:00,1987-02-01 00:00:00,62.739
3846,2011-08-02 00:00:00,1987-02-01 00:00:00,62.767
3847,2013-08-02 00:00:00,1987-02-01 00:00:00,58.837
3848,2014-08-01 00:00:00,1987-02-01 00:00:00,58.838
3849,2018-07-31 00:00:00,1987-02-01 00:00:00,55.195
3850,2021-07-30 00:00:00,1987-02-01 00:00:00,55.088
3851,2023-09-29 00:00:00,1987-02-01 00:00:00,52.076
3852,2000-08-01 00:00:00,1987-03-01 00:00:00,74.63
3853,2003-12-23 00:00:00,1987-03-01 00:00:00,
3854,2004-01-05 00:00:00,1987-03-01 00:00:00,70.18
3855,2004-02-02 00:00:00,1987-03-01 00:00:00,70.183
3856,2009-08-04 00:00:00,1987-03-01 00:00:00,
3857,2009-08-05 00:00:00,1987-03-01 00:00:00,62.889
3858,2011-08-02 00:00:00,1987-03-01 00:00:00,62.918
3859,2013-08-02 00:00:00,1987-03-01 00:00:00,58.996
3860,2014-08-01 00:00:00,1987-03-01 00:00:00,58.997
3861,2018-07-31 00:00:00,1987-03-01 00:00:00,55.341
3862,2021-07-30 00:00:00,1987-03-01 00:00:00,55.233
3863,2023-09-29 00:00:00,1987-03-01 00:00:00,52.214
3864,2000-08-01 00:00:00,1987-04-01 00:00:00,74.9
3865,2003-12-23 00:00:00,1987-04-01 00:00:00,
3866,2004-01-05 00:00:00,1987-04-01 00:00:00,70.38
3867,2004-02-02 00:00:00,1987-04-01 00:00:00,70.379
3868,2009-08-04 00:00:00,1987-04-01 00:00:00,
3869,2009-08-05 00:00:00,1987-04-01 00:00:00,63.082
3870,2011-08-02 00:00:00,1987-04-01 00:00:00,63.111
3871,2013-08-02 00:00:00,1987-04-01 00:00:00,59.208
3872,2014-08-01 00:00:00,1987-04-01 00:00:00,59.209
3873,2018-07-31 00:00:00,1987-04-01 00:00:00,55.547
3874,2021-07-30 00:00:00,1987-04-01 00:00:00,55.439
3875,2023-09-29 00:00:00,1987-04-01 00:00:00,52.409
3876,2000-08-01 00:00:00,1987-05-01 00:00:00,75.11
3877,2003-12-23 00:00:00,1987-05-01 00:00:00,
3878,2004-01-05 00:00:00,1987-05-01 00:00:00,70.55
3879,2004-02-02 00:00:00,1987-05-01 00:00:00,70.552
3880,2009-08-04 00:00:00,1987-05-01 00:00:00,
3881,2009-08-05 00:00:00,1987-05-01 00:00:00,63.227
3882,2011-08-02 00:00:00,1987-05-01 00:00:00,63.256
3883,2013-08-02 00:00:00,1987-05-01 00:00:00,59.355
3884,2014-08-01 00:00:00,1987-05-01 00:00:00,59.356
3885,2018-07-31 00:00:00,1987-05-01 00:00:00,55.688
3886,2021-07-30 00:00:00,1987-05-01 00:00:00,55.58
3887,2023-09-29 00:00:00,1987-05-01 00:00:00,52.542
3888,2000-08-01 00:00:00,1987-06-01 00:00:00,75.41
3889,2003-12-23 00:00:00,1987-06-01 00:00:00,
3890,2004-01-05 00:00:00,1987-06-01 00:00:00,70.83
3891,2004-02-02 00:00:00,1987-06-01 00:00:00,70.826
3892,2009-08-04 00:00:00,1987-06-01 00:00:00,
3893,2009-08-05 00:00:00,1987-06-01 00:00:00,63.479
3894,2011-08-02 00:00:00,1987-06-01 00:00:00,63.508
3895,2013-08-02 00:00:00,1987-06-01 00:00:00,59.575
3896,2014-08-01 00:00:00,1987-06-01 00:00:00,59.576
3897,2018-07-31 00:00:00,1987-06-01 00:00:00,55.899
3898,2021-07-30 00:00:00,1987-06-01 00:00:00,55.791
3899,2023-09-29 00:00:00,1987-06-01 00:00:00,52.741
3900,2000-08-01 00:00:00,1987-07-01 00:00:00,75.56
3901,2003-12-23 00:00:00,1987-07-01 00:00:00,
3902,2004-01-05 00:00:00,1987-07-01 00:00:00,71.02
3903,2004-02-02 00:00:00,1987-07-01 00:00:00,71.024
3904,2009-08-04 00:00:00,1987-07-01 00:00:00,
3905,2009-08-05 00:00:00,1987-07-01 00:00:00,63.66
3906,2011-08-02 00:00:00,1987-07-01 00:00:00,63.689
3907,2013-08-02 00:00:00,1987-07-01 00:00:00,59.712
3908,2014-08-01 00:00:00,1987-07-01 00:00:00,59.713
3909,2018-07-31 00:00:00,1987-07-01 00:00:00,56.028
3910,2021-07-30 00:00:00,1987-07-01 00:00:00,55.919
3911,2023-09-29 00:00:00,1987-07-01 00:00:00,52.863
3912,2000-08-01 00:00:00,1987-08-01 00:00:00,75.88
3913,2003-12-23 00:00:00,1987-08-01 00:00:00,
3914,2004-01-05 00:00:00,1987-08-01 00:00:00,71.32
3915,2004-02-02 00:00:00,1987-08-01 00:00:00,71.323
3916,2009-08-04 00:00:00,1987-08-01 00:00:00,
3917,2009-08-05 00:00:00,1987-08-01 00:00:00,63.934
3918,2011-08-02 00:00:00,1987-08-01 00:00:00,63.963
3919,2013-08-02 00:00:00,1987-08-01 00:00:00,59.947
3920,2014-08-01 00:00:00,1987-08-01 00:00:00,59.948
3921,2018-07-31 00:00:00,1987-08-01 00:00:00,56.25
3922,2021-07-30 00:00:00,1987-08-01 00:00:00,56.14
3923,2023-09-29 00:00:00,1987-08-01 00:00:00,53.072
3924,2000-08-01 00:00:00,1987-09-01 00:00:00,76.15
3925,2003-12-23 00:00:00,1987-09-01 00:00:00,
3926,2004-01-05 00:00:00,1987-09-01 00:00:00,71.57
3927,2004-02-02 00:00:00,1987-09-01 00:00:00,71.571
3928,2009-08-04 00:00:00,1987-09-01 00:00:00,
3929,2009-08-05 00:00:00,1987-09-01 00:00:00,64.153
3930,2011-08-02 00:00:00,1987-09-01 00:00:00,64.182
3931,2013-08-02 00:00:00,1987-09-01 00:00:00,60.15
3932,2014-08-01 00:00:00,1987-09-01 00:00:00,60.151
3933,2018-07-31 00:00:00,1987-09-01 00:00:00,56.439
3934,2021-07-30 00:00:00,1987-09-01 00:00:00,56.329
3935,2023-09-29 00:00:00,1987-09-01 00:00:00,53.251
3936,2000-08-01 00:00:00,1987-10-01 00:00:00,76.44
3937,2003-12-23 00:00:00,1987-10-01 00:00:00,
3938,2004-01-05 00:00:00,1987-10-01 00:00:00,71.77
3939,2004-02-02 00:00:00,1987-10-01 00:00:00,71.767
3940,2009-08-04 00:00:00,1987-10-01 00:00:00,
3941,2009-08-05 00:00:00,1987-10-01 00:00:00,64.342
3942,2011-08-02 00:00:00,1987-10-01 00:00:00,64.371
3943,2013-08-02 00:00:00,1987-10-01 00:00:00,60.347
3944,2014-08-01 00:00:00,1987-10-01 00:00:00,60.348
3945,2018-07-31 00:00:00,1987-10-01 00:00:00,56.618
3946,2021-07-30 00:00:00,1987-10-01 00:00:00,56.508
3947,2023-09-29 00:00:00,1987-10-01 00:00:00,53.42
3948,2000-08-01 00:00:00,1987-11-01 00:00:00,76.63
3949,2003-12-23 00:00:00,1987-11-01 00:00:00,
3950,2004-01-05 00:00:00,1987-11-01 00:00:00,71.92
3951,2004-02-02 00:00:00,1987-11-01 00:00:00,71.918
3952,2009-08-04 00:00:00,1987-11-01 00:00:00,
3953,2009-08-05 00:00:00,1987-11-01 00:00:00,64.465
3954,2011-08-02 00:00:00,1987-11-01 00:00:00,64.494
3955,2013-08-02 00:00:00,1987-11-01 00:00:00,60.464
3956,2014-08-01 00:00:00,1987-11-01 00:00:00,60.465
3957,2018-07-31 00:00:00,1987-11-01 00:00:00,56.726
3958,2021-07-30 00:00:00,1987-11-01 00:00:00,56.616
3959,2023-09-29 00:00:00,1987-11-01 00:00:00,53.521
3960,2000-08-01 00:00:00,1987-12-01 00:00:00,76.76
3961,2003-12-23 00:00:00,1987-12-01 00:00:00,
3962,2004-01-05 00:00:00,1987-12-01 00:00:00,72.05
3963,2004-02-02 00:00:00,1987-12-01 00:00:00,72.048
3964,2009-08-04 00:00:00,1987-12-01 00:00:00,
3965,2009-08-05 00:00:00,1987-12-01 00:00:00,64.597
3966,2011-08-02 00:00:00,1987-12-01 00:00:00,64.626
3967,2013-08-02 00:00:00,1987-12-01 00:00:00,60.575
3968,2014-08-01 00:00:00,1987-12-01 00:00:00,60.576
3969,2018-07-31 00:00:00,1987-12-01 00:00:00,56.831
3970,2021-07-30 00:00:00,1987-12-01 00:00:00,56.72
3971,2023-09-29 00:00:00,1987-12-01 00:00:00,53.62
3972,2000-08-01 00:00:00,1988-01-01 00:00:00,76.97
3973,2003-12-23 00:00:00,1988-01-01 00:00:00,
3974,2004-01-05 00:00:00,1988-01-01 00:00:00,72.37
3975,2004-02-02 00:00:00,1988-01-01 00:00:00,72.368
3976,2009-08-04 00:00:00,1988-01-01 00:00:00,
3977,2009-08-05 00:00:00,1988-01-01 00:00:00,64.873
3978,2011-08-02 00:00:00,1988-01-01 00:00:00,64.902
3979,2013-08-02 00:00:00,1988-01-01 00:00:00,60.804
3980,2014-08-01 00:00:00,1988-01-01 00:00:00,60.805
3981,2018-07-31 00:00:00,1988-01-01 00:00:00,57.051
3982,2021-07-30 00:00:00,1988-01-01 00:00:00,56.941
3983,2023-09-29 00:00:00,1988-01-01 00:00:00,53.828
3984,2000-08-01 00:00:00,1988-02-01 00:00:00,77.05
3985,2003-12-23 00:00:00,1988-02-01 00:00:00,
3986,2004-01-05 00:00:00,1988-02-01 00:00:00,72.49
3987,2004-02-02 00:00:00,1988-02-01 00:00:00,72.492
3988,2009-08-04 00:00:00,1988-02-01 00:00:00,
3989,2009-08-05 00:00:00,1988-02-01 00:00:00,64.981
3990,2011-08-02 00:00:00,1988-02-01 00:00:00,65.011
3991,2013-08-02 00:00:00,1988-02-01 00:00:00,60.892
3992,2014-08-01 00:00:00,1988-02-01 00:00:00,60.893
3993,2018-07-31 00:00:00,1988-02-01 00:00:00,57.135
3994,2021-07-30 00:00:00,1988-02-01 00:00:00,57.024
3995,2023-09-29 00:00:00,1988-02-01 00:00:00,53.908
3996,2000-08-01 00:00:00,1988-03-01 00:00:00,77.31
3997,2003-12-23 00:00:00,1988-03-01 00:00:00,
3998,2004-01-05 00:00:00,1988-03-01 00:00:00,72.74
3999,2004-02-02 00:00:00,1988-03-01 00:00:00,72.742
4000,2009-08-04 00:00:00,1988-03-01 00:00:00,
4001,2009-08-05 00:00:00,1988-03-01 00:00:00,65.206
4002,2011-08-02 00:00:00,1988-03-01 00:00:00,65.235
4003,2013-08-02 00:00:00,1988-03-01 00:00:00,61.102
4004,2014-08-01 00:00:00,1988-03-01 00:00:00,61.103
4005,2018-07-31 00:00:00,1988-03-01 00:00:00,57.332
4006,2021-07-30 00:00:00,1988-03-01 00:00:00,57.221
4007,2023-09-29 00:00:00,1988-03-01 00:00:00,54.093
4008,2000-08-01 00:00:00,1988-04-01 00:00:00,77.72
4009,2003-12-23 00:00:00,1988-04-01 00:00:00,
4010,2004-01-05 00:00:00,1988-04-01 00:00:00,73.09
4011,2004-02-02 00:00:00,1988-04-01 00:00:00,73.093
4012,2009-08-04 00:00:00,1988-04-01 00:00:00,
4013,2009-08-05 00:00:00,1988-04-01 00:00:00,65.513
4014,2011-08-02 00:00:00,1988-04-01 00:00:00,65.543
4015,2013-08-02 00:00:00,1988-04-01 00:00:00,61.4
4016,2014-08-01 00:00:00,1988-04-01 00:00:00,61.401
4017,2018-07-31 00:00:00,1988-04-01 00:00:00,57.611
4018,2021-07-30 00:00:00,1988-04-01 00:00:00,57.499
4019,2023-09-29 00:00:00,1988-04-01 00:00:00,54.356
4020,2000-08-01 00:00:00,1988-05-01 00:00:00,77.96
4021,2003-12-23 00:00:00,1988-05-01 00:00:00,
4022,2004-01-05 00:00:00,1988-05-01 00:00:00,73.3
4023,2004-02-02 00:00:00,1988-05-01 00:00:00,73.302
4024,2009-08-04 00:00:00,1988-05-01 00:00:00,
4025,2009-08-05 00:00:00,1988-05-01 00:00:00,65.7
4026,2011-08-02 00:00:00,1988-05-01 00:00:00,65.73
4027,2013-08-02 00:00:00,1988-05-01 00:00:00,61.579
4028,2014-08-01 00:00:00,1988-05-01 00:00:00,61.58
4029,2018-07-31 00:00:00,1988-05-01 00:00:00,57.778
4030,2021-07-30 00:00:00,1988-05-01 00:00:00,57.666
4031,2023-09-29 00:00:00,1988-05-01 00:00:00,54.514
4032,2000-08-01 00:00:00,1988-06-01 00:00:00,78.3
4033,2003-12-23 00:00:00,1988-06-01 00:00:00,
4034,2004-01-05 00:00:00,1988-06-01 00:00:00,73.61
4035,2004-02-02 00:00:00,1988-06-01 00:00:00,73.615
4036,2009-08-04 00:00:00,1988-06-01 00:00:00,
4037,2009-08-05 00:00:00,1988-06-01 00:00:00,65.983
4038,2011-08-02 00:00:00,1988-06-01 00:00:00,66.013
4039,2013-08-02 00:00:00,1988-06-01 00:00:00,61.84
4040,2014-08-01 00:00:00,1988-06-01 00:00:00,61.841
4041,2018-07-31 00:00:00,1988-06-01 00:00:00,58.024
4042,2021-07-30 00:00:00,1988-06-01 00:00:00,57.912
4043,2023-09-29 00:00:00,1988-06-01 00:00:00,54.746
4044,2000-08-01 00:00:00,1988-07-01 00:00:00,78.67
4045,2003-12-23 00:00:00,1988-07-01 00:00:00,
4046,2004-01-05 00:00:00,1988-07-01 00:00:00,73.96
4047,2004-02-02 00:00:00,1988-07-01 00:00:00,73.962
4048,2009-08-04 00:00:00,1988-07-01 00:00:00,
4049,2009-08-05 00:00:00,1988-07-01 00:00:00,66.31
4050,2011-08-02 00:00:00,1988-07-01 00:00:00,66.341
4051,2013-08-02 00:00:00,1988-07-01 00:00:00,62.141
4052,2014-08-01 00:00:00,1988-07-01 00:00:00,62.142
4053,2018-07-31 00:00:00,1988-07-01 00:00:00,58.306
4054,2021-07-30 00:00:00,1988-07-01 00:00:00,58.193
4055,2023-09-29 00:00:00,1988-07-01 00:00:00,55.012
4056,2000-08-01 00:00:00,1988-08-01 00:00:00,78.87
4057,2003-12-23 00:00:00,1988-08-01 00:00:00,
4058,2004-01-05 00:00:00,1988-08-01 00:00:00,74.16
4059,2004-02-02 00:00:00,1988-08-01 00:00:00,74.164
4060,2009-08-04 00:00:00,1988-08-01 00:00:00,
4061,2009-08-05 00:00:00,1988-08-01 00:00:00,66.506
4062,2011-08-02 00:00:00,1988-08-01 00:00:00,66.536
4063,2013-08-02 00:00:00,1988-08-01 00:00:00,62.325
4064,2018-07-31 00:00:00,1988-08-01 00:00:00,58.479
4065,2021-07-30 00:00:00,1988-08-01 00:00:00,58.366
4066,2023-09-29 00:00:00,1988-08-01 00:00:00,55.175
4067,2000-08-01 00:00:00,1988-09-01 00:00:00,79.25
4068,2003-12-23 00:00:00,1988-09-01 00:00:00,
4069,2004-01-05 00:00:00,1988-09-01 00:00:00,74.51
4070,2004-02-02 00:00:00,1988-09-01 00:00:00,74.514
4071,2009-08-04 00:00:00,1988-09-01 00:00:00,
4072,2009-08-05 00:00:00,1988-09-01 00:00:00,66.816
4073,2011-08-02 00:00:00,1988-09-01 00:00:00,66.846
4074,2013-08-02 00:00:00,1988-09-01 00:00:00,62.629
4075,2014-08-01 00:00:00,1988-09-01 00:00:00,62.63
4076,2018-07-31 00:00:00,1988-09-01 00:00:00,58.764
4077,2021-07-30 00:00:00,1988-09-01 00:00:00,58.65
4078,2023-09-29 00:00:00,1988-09-01 00:00:00,55.444
4079,2000-08-01 00:00:00,1988-10-01 00:00:00,79.5
4080,2003-12-23 00:00:00,1988-10-01 00:00:00,
4081,2004-01-05 00:00:00,1988-10-01 00:00:00,74.74
4082,2004-02-02 00:00:00,1988-10-01 00:00:00,74.739
4083,2009-08-04 00:00:00,1988-10-01 00:00:00,
4084,2009-08-05 00:00:00,1988-10-01 00:00:00,67.015
4085,2011-08-02 00:00:00,1988-10-01 00:00:00,67.045
4086,2013-08-02 00:00:00,1988-10-01 00:00:00,62.83
4087,2014-08-01 00:00:00,1988-10-01 00:00:00,62.831
4088,2018-07-31 00:00:00,1988-10-01 00:00:00,58.956
4089,2021-07-30 00:00:00,1988-10-01 00:00:00,58.841
4090,2023-09-29 00:00:00,1988-10-01 00:00:00,55.625
4091,2000-08-01 00:00:00,1988-11-01 00:00:00,79.69
4092,2003-12-23 00:00:00,1988-11-01 00:00:00,
4093,2004-01-05 00:00:00,1988-11-01 00:00:00,74.92
4094,2004-02-02 00:00:00,1988-11-01 00:00:00,74.915
4095,2009-08-04 00:00:00,1988-11-01 00:00:00,
4096,2009-08-05 00:00:00,1988-11-01 00:00:00,67.163
4097,2011-08-02 00:00:00,1988-11-01 00:00:00,67.194
4098,2013-08-02 00:00:00,1988-11-01 00:00:00,62.974
4099,2014-08-01 00:00:00,1988-11-01 00:00:00,62.975
4100,2018-07-31 00:00:00,1988-11-01 00:00:00,59.092
4101,2021-07-30 00:00:00,1988-11-01 00:00:00,58.978
4102,2023-09-29 00:00:00,1988-11-01 00:00:00,55.754
4103,2000-08-01 00:00:00,1988-12-01 00:00:00,79.94
4104,2003-12-23 00:00:00,1988-12-01 00:00:00,
4105,2004-01-05 00:00:00,1988-12-01 00:00:00,75.16
4106,2004-02-02 00:00:00,1988-12-01 00:00:00,75.159
4107,2009-08-04 00:00:00,1988-12-01 00:00:00,
4108,2009-08-05 00:00:00,1988-12-01 00:00:00,67.384
4109,2011-08-02 00:00:00,1988-12-01 00:00:00,67.415
4110,2013-08-02 00:00:00,1988-12-01 00:00:00,63.164
4111,2014-08-01 00:00:00,1988-12-01 00:00:00,63.165
4112,2018-07-31 00:00:00,1988-12-01 00:00:00,59.277
4113,2021-07-30 00:00:00,1988-12-01 00:00:00,59.162
4114,2023-09-29 00:00:00,1988-12-01 00:00:00,55.928
4115,2000-08-01 00:00:00,1989-01-01 00:00:00,80.34
4116,2003-12-23 00:00:00,1989-01-01 00:00:00,
4117,2004-01-05 00:00:00,1989-01-01 00:00:00,75.57
4118,2004-02-02 00:00:00,1989-01-01 00:00:00,75.565
4119,2009-08-04 00:00:00,1989-01-01 00:00:00,
4120,2009-08-05 00:00:00,1989-01-01 00:00:00,67.751
4121,2011-08-02 00:00:00,1989-01-01 00:00:00,67.782
4122,2013-08-02 00:00:00,1989-01-01 00:00:00,63.481
4123,2014-08-01 00:00:00,1989-01-01 00:00:00,63.482
4124,2018-07-31 00:00:00,1989-01-01 00:00:00,59.581
4125,2021-07-30 00:00:00,1989-01-01 00:00:00,59.465
4126,2023-09-29 00:00:00,1989-01-01 00:00:00,56.215
4127,2000-08-01 00:00:00,1989-02-01 00:00:00,80.59
4128,2003-12-23 00:00:00,1989-02-01 00:00:00,
4129,2004-01-05 00:00:00,1989-02-01 00:00:00,75.82
4130,2004-02-02 00:00:00,1989-02-01 00:00:00,75.817
4131,2009-08-04 00:00:00,1989-02-01 00:00:00,
4132,2009-08-05 00:00:00,1989-02-01 00:00:00,67.992
4133,2011-08-02 00:00:00,1989-02-01 00:00:00,68.023
4134,2013-08-02 00:00:00,1989-02-01 00:00:00,63.685
4135,2014-08-01 00:00:00,1989-02-01 00:00:00,63.686
4136,2018-07-31 00:00:00,1989-02-01 00:00:00,59.779
4137,2021-07-30 00:00:00,1989-02-01 00:00:00,59.663
4138,2023-09-29 00:00:00,1989-02-01 00:00:00,56.402
4139,2000-08-01 00:00:00,1989-03-01 00:00:00,80.89
4140,2003-12-23 00:00:00,1989-03-01 00:00:00,
4141,2004-01-05 00:00:00,1989-03-01 00:00:00,76.1
4142,2004-02-02 00:00:00,1989-03-01 00:00:00,76.099
4143,2009-08-04 00:00:00,1989-03-01 00:00:00,
4144,2009-08-05 00:00:00,1989-03-01 00:00:00,68.245
4145,2011-08-02 00:00:00,1989-03-01 00:00:00,68.276
4146,2013-08-02 00:00:00,1989-03-01 00:00:00,63.918
4147,2014-08-01 00:00:00,1989-03-01 00:00:00,63.919
4148,2018-07-31 00:00:00,1989-03-01 00:00:00,60.002
4149,2021-07-30 00:00:00,1989-03-01 00:00:00,59.885
4150,2023-09-29 00:00:00,1989-03-01 00:00:00,56.612
4151,2000-08-01 00:00:00,1989-04-01 00:00:00,81.42
4152,2003-12-23 00:00:00,1989-04-01 00:00:00,
4153,2004-01-05 00:00:00,1989-04-01 00:00:00,76.58
4154,2004-02-02 00:00:00,1989-04-01 00:00:00,76.579
4155,2009-08-04 00:00:00,1989-04-01 00:00:00,
4156,2009-08-05 00:00:00,1989-04-01 00:00:00,68.69
4157,2011-08-02 00:00:00,1989-04-01 00:00:00,68.721
4158,2013-08-02 00:00:00,1989-04-01 00:00:00,64.341
4159,2018-07-31 00:00:00,1989-04-01 00:00:00,60.402
4160,2021-07-30 00:00:00,1989-04-01 00:00:00,60.284
4161,2023-09-29 00:00:00,1989-04-01 00:00:00,56.989
4162,2000-08-01 00:00:00,1989-05-01 00:00:00,81.71
4163,2003-12-23 00:00:00,1989-05-01 00:00:00,
4164,2004-01-05 00:00:00,1989-05-01 00:00:00,76.84
4165,2004-02-02 00:00:00,1989-05-01 00:00:00,76.844
4166,2009-08-04 00:00:00,1989-05-01 00:00:00,
4167,2009-08-05 00:00:00,1989-05-01 00:00:00,68.926
4168,2011-08-02 00:00:00,1989-05-01 00:00:00,68.958
4169,2013-08-02 00:00:00,1989-05-01 00:00:00,64.574
4170,2014-08-01 00:00:00,1989-05-01 00:00:00,64.575
4171,2018-07-31 00:00:00,1989-05-01 00:00:00,60.622
4172,2021-07-30 00:00:00,1989-05-01 00:00:00,60.504
4173,2023-09-29 00:00:00,1989-05-01 00:00:00,57.197
4174,2000-08-01 00:00:00,1989-06-01 00:00:00,81.89
4175,2003-12-23 00:00:00,1989-06-01 00:00:00,
4176,2004-01-05 00:00:00,1989-06-01 00:00:00,77.02
4177,2004-02-02 00:00:00,1989-06-01 00:00:00,77.021
4178,2009-08-04 00:00:00,1989-06-01 00:00:00,
4179,2009-08-05 00:00:00,1989-06-01 00:00:00,69.064
4180,2011-08-02 00:00:00,1989-06-01 00:00:00,69.095
4181,2013-08-02 00:00:00,1989-06-01 00:00:00,64.712
4182,2014-08-01 00:00:00,1989-06-01 00:00:00,64.713
4183,2018-07-31 00:00:00,1989-06-01 00:00:00,60.755
4184,2021-07-30 00:00:00,1989-06-01 00:00:00,60.637
4185,2023-09-29 00:00:00,1989-06-01 00:00:00,57.322
4186,2000-08-01 00:00:00,1989-07-01 00:00:00,82.09
4187,2003-12-23 00:00:00,1989-07-01 00:00:00,
4188,2004-01-05 00:00:00,1989-07-01 00:00:00,77.23
4189,2004-02-02 00:00:00,1989-07-01 00:00:00,77.231
4190,2009-08-04 00:00:00,1989-07-01 00:00:00,
4191,2009-08-05 00:00:00,1989-07-01 00:00:00,69.217
4192,2011-08-02 00:00:00,1989-07-01 00:00:00,69.249
4193,2013-08-02 00:00:00,1989-07-01 00:00:00,64.859
4194,2014-08-01 00:00:00,1989-07-01 00:00:00,64.86
4195,2018-07-31 00:00:00,1989-07-01 00:00:00,60.9
4196,2021-07-30 00:00:00,1989-07-01 00:00:00,60.782
4197,2023-09-29 00:00:00,1989-07-01 00:00:00,57.459
4198,2000-08-01 00:00:00,1989-08-01 00:00:00,82.11
4199,2003-12-23 00:00:00,1989-08-01 00:00:00,
4200,2004-01-05 00:00:00,1989-08-01 00:00:00,77.24
4201,2004-02-02 00:00:00,1989-08-01 00:00:00,77.242
4202,2009-08-04 00:00:00,1989-08-01 00:00:00,
4203,2009-08-05 00:00:00,1989-08-01 00:00:00,69.218
4204,2011-08-02 00:00:00,1989-08-01 00:00:00,69.25
4205,2013-08-02 00:00:00,1989-08-01 00:00:00,64.863
4206,2014-08-01 00:00:00,1989-08-01 00:00:00,64.864
4207,2018-07-31 00:00:00,1989-08-01 00:00:00,60.907
4208,2021-07-30 00:00:00,1989-08-01 00:00:00,60.789
4209,2023-09-29 00:00:00,1989-08-01 00:00:00,57.466
4210,2000-08-01 00:00:00,1989-09-01 00:00:00,82.36
4211,2003-12-23 00:00:00,1989-09-01 00:00:00,
4212,2004-01-05 00:00:00,1989-09-01 00:00:00,77.44
4213,2004-02-02 00:00:00,1989-09-01 00:00:00,77.439
4214,2009-08-04 00:00:00,1989-09-01 00:00:00,
4215,2009-08-05 00:00:00,1989-09-01 00:00:00,69.37
4216,2011-08-02 00:00:00,1989-09-01 00:00:00,69.402
4217,2013-08-02 00:00:00,1989-09-01 00:00:00,65.005
4218,2014-08-01 00:00:00,1989-09-01 00:00:00,65.006
4219,2018-07-31 00:00:00,1989-09-01 00:00:00,61.043
4220,2021-07-30 00:00:00,1989-09-01 00:00:00,60.924
4221,2023-09-29 00:00:00,1989-09-01 00:00:00,57.594
4222,2000-08-01 00:00:00,1989-10-01 00:00:00,82.74
4223,2003-12-23 00:00:00,1989-10-01 00:00:00,
4224,2004-01-05 00:00:00,1989-10-01 00:00:00,77.75
4225,2004-02-02 00:00:00,1989-10-01 00:00:00,77.747
4226,2009-08-04 00:00:00,1989-10-01 00:00:00,
4227,2009-08-05 00:00:00,1989-10-01 00:00:00,69.643
4228,2011-08-02 00:00:00,1989-10-01 00:00:00,69.675
4229,2013-08-02 00:00:00,1989-10-01 00:00:00,65.26
4230,2014-08-01 00:00:00,1989-10-01 00:00:00,65.261
4231,2018-07-31 00:00:00,1989-10-01 00:00:00,61.281
4232,2021-07-30 00:00:00,1989-10-01 00:00:00,61.162
4233,2023-09-29 00:00:00,1989-10-01 00:00:00,57.819
4234,2000-08-01 00:00:00,1989-11-01 00:00:00,82.95
4235,2003-12-23 00:00:00,1989-11-01 00:00:00,
4236,2004-01-05 00:00:00,1989-11-01 00:00:00,77.93
4237,2004-02-02 00:00:00,1989-11-01 00:00:00,77.926
4238,2009-08-04 00:00:00,1989-11-01 00:00:00,
4239,2009-08-05 00:00:00,1989-11-01 00:00:00,69.801
4240,2011-08-02 00:00:00,1989-11-01 00:00:00,69.833
4241,2013-08-02 00:00:00,1989-11-01 00:00:00,65.4
4242,2014-08-01 00:00:00,1989-11-01 00:00:00,65.401
4243,2018-07-31 00:00:00,1989-11-01 00:00:00,61.415
4244,2021-07-30 00:00:00,1989-11-01 00:00:00,61.296
4245,2023-09-29 00:00:00,1989-11-01 00:00:00,57.945
4246,2000-08-01 00:00:00,1989-12-01 00:00:00,83.22
4247,2003-12-23 00:00:00,1989-12-01 00:00:00,
4248,2004-01-05 00:00:00,1989-12-01 00:00:00,78.16
4249,2004-02-02 00:00:00,1989-12-01 00:00:00,78.157
4250,2009-08-04 00:00:00,1989-12-01 00:00:00,
4251,2009-08-05 00:00:00,1989-12-01 00:00:00,70.01
4252,2011-08-02 00:00:00,1989-12-01 00:00:00,70.042
4253,2013-08-02 00:00:00,1989-12-01 00:00:00,65.588
4254,2014-08-01 00:00:00,1989-12-01 00:00:00,65.589
4255,2018-07-31 00:00:00,1989-12-01 00:00:00,61.593
4256,2021-07-30 00:00:00,1989-12-01 00:00:00,61.473
4257,2023-09-29 00:00:00,1989-12-01 00:00:00,58.113
4258,2000-08-01 00:00:00,1990-01-01 00:00:00,83.72
4259,2003-12-23 00:00:00,1990-01-01 00:00:00,
4260,2004-01-05 00:00:00,1990-01-01 00:00:00,78.73
4261,2004-02-02 00:00:00,1990-01-01 00:00:00,78.732
4262,2009-08-04 00:00:00,1990-01-01 00:00:00,
4263,2009-08-05 00:00:00,1990-01-01 00:00:00,70.55
4264,2011-08-02 00:00:00,1990-01-01 00:00:00,70.583
4265,2013-08-02 00:00:00,1990-01-01 00:00:00,66.076
4266,2014-08-01 00:00:00,1990-01-01 00:00:00,66.077
4267,2018-07-31 00:00:00,1990-01-01 00:00:00,62.06
4268,2021-07-30 00:00:00,1990-01-01 00:00:00,61.939
4269,2023-09-29 00:00:00,1990-01-01 00:00:00,58.553
4270,2000-08-01 00:00:00,1990-02-01 00:00:00,84.07
4271,2003-12-23 00:00:00,1990-02-01 00:00:00,
4272,2004-01-05 00:00:00,1990-02-01 00:00:00,79.1
4273,2004-02-02 00:00:00,1990-02-01 00:00:00,79.103
4274,2009-08-04 00:00:00,1990-02-01 00:00:00,
4275,2009-08-05 00:00:00,1990-02-01 00:00:00,70.885
4276,2011-08-02 00:00:00,1990-02-01 00:00:00,70.917
4277,2013-08-02 00:00:00,1990-02-01 00:00:00,66.364
4278,2014-08-01 00:00:00,1990-02-01 00:00:00,66.365
4279,2018-07-31 00:00:00,1990-02-01 00:00:00,62.333
4280,2021-07-30 00:00:00,1990-02-01 00:00:00,62.212
4281,2023-09-29 00:00:00,1990-02-01 00:00:00,58.811
4282,2000-08-01 00:00:00,1990-03-01 00:00:00,84.44
4283,2003-12-23 00:00:00,1990-03-01 00:00:00,
4284,2004-01-05 00:00:00,1990-03-01 00:00:00,79.45
4285,2004-02-02 00:00:00,1990-03-01 00:00:00,79.452
4286,2009-08-04 00:00:00,1990-03-01 00:00:00,
4287,2009-08-05 00:00:00,1990-03-01 00:00:00,71.192
4288,2011-08-02 00:00:00,1990-03-01 00:00:00,71.224
4289,2013-08-02 00:00:00,1990-03-01 00:00:00,66.607
4290,2014-08-01 00:00:00,1990-03-01 00:00:00,66.608
4291,2018-07-31 00:00:00,1990-03-01 00:00:00,62.568
4292,2021-07-30 00:00:00,1990-03-01 00:00:00,62.446
4293,2023-09-29 00:00:00,1990-03-01 00:00:00,59.033
4294,2000-08-01 00:00:00,1990-04-01 00:00:00,84.69
4295,2003-12-23 00:00:00,1990-04-01 00:00:00,
4296,2004-01-05 00:00:00,1990-04-01 00:00:00,79.68
4297,2004-02-02 00:00:00,1990-04-01 00:00:00,79.681
4298,2009-08-04 00:00:00,1990-04-01 00:00:00,
4299,2009-08-05 00:00:00,1990-04-01 00:00:00,71.395
4300,2011-08-02 00:00:00,1990-04-01 00:00:00,71.427
4301,2013-08-02 00:00:00,1990-04-01 00:00:00,66.751
4302,2014-08-01 00:00:00,1990-04-01 00:00:00,66.752
4303,2018-07-31 00:00:00,1990-04-01 00:00:00,62.699
4304,2021-07-30 00:00:00,1990-04-01 00:00:00,62.577
4305,2023-09-29 00:00:00,1990-04-01 00:00:00,59.157
4306,2000-08-01 00:00:00,1990-05-01 00:00:00,84.93
4307,2003-12-23 00:00:00,1990-05-01 00:00:00,
4308,2004-01-05 00:00:00,1990-05-01 00:00:00,79.9
4309,2004-02-02 00:00:00,1990-05-01 00:00:00,79.898
4310,2009-08-04 00:00:00,1990-05-01 00:00:00,
4311,2009-08-05 00:00:00,1990-05-01 00:00:00,71.597
4312,2011-08-02 00:00:00,1990-05-01 00:00:00,71.63
4313,2013-08-02 00:00:00,1990-05-01 00:00:00,66.895
4314,2014-08-01 00:00:00,1990-05-01 00:00:00,66.896
4315,2018-07-31 00:00:00,1990-05-01 00:00:00,62.84
4316,2021-07-30 00:00:00,1990-05-01 00:00:00,62.718
4317,2023-09-29 00:00:00,1990-05-01 00:00:00,59.29
4318,2000-08-01 00:00:00,1990-06-01 00:00:00,85.33
4319,2003-12-23 00:00:00,1990-06-01 00:00:00,
4320,2004-01-05 00:00:00,1990-06-01 00:00:00,80.26
4321,2004-02-02 00:00:00,1990-06-01 00:00:00,80.263
4322,2009-08-04 00:00:00,1990-06-01 00:00:00,
4323,2009-08-05 00:00:00,1990-06-01 00:00:00,71.928
4324,2011-08-02 00:00:00,1990-06-01 00:00:00,71.961
4325,2013-08-02 00:00:00,1990-06-01 00:00:00,67.19
4326,2014-08-01 00:00:00,1990-06-01 00:00:00,67.191
4327,2018-07-31 00:00:00,1990-06-01 00:00:00,63.118
4328,2021-07-30 00:00:00,1990-06-01 00:00:00,62.995
4329,2023-09-29 00:00:00,1990-06-01 00:00:00,59.552
4330,2000-08-01 00:00:00,1990-07-01 00:00:00,85.57
4331,2003-12-23 00:00:00,1990-07-01 00:00:00,
4332,2004-01-05 00:00:00,1990-07-01 00:00:00,80.46
4333,2004-02-02 00:00:00,1990-07-01 00:00:00,80.457
4334,2009-08-04 00:00:00,1990-07-01 00:00:00,
4335,2009-08-05 00:00:00,1990-07-01 00:00:00,72.097
4336,2011-08-02 00:00:00,1990-07-01 00:00:00,72.129
4337,2013-08-02 00:00:00,1990-07-01 00:00:00,67.347
4338,2014-08-01 00:00:00,1990-07-01 00:00:00,67.348
4339,2018-07-31 00:00:00,1990-07-01 00:00:00,63.274
4340,2021-07-30 00:00:00,1990-07-01 00:00:00,63.151
4341,2023-09-29 00:00:00,1990-07-01 00:00:00,59.699
4342,2000-08-01 00:00:00,1990-08-01 00:00:00,86.13
4343,2003-12-23 00:00:00,1990-08-01 00:00:00,
4344,2004-01-05 00:00:00,1990-08-01 00:00:00,80.96
4345,2004-02-02 00:00:00,1990-08-01 00:00:00,80.961
4346,2009-08-04 00:00:00,1990-08-01 00:00:00,
4347,2009-08-05 00:00:00,1990-08-01 00:00:00,72.565
4348,2011-08-02 00:00:00,1990-08-01 00:00:00,72.598
4349,2013-08-02 00:00:00,1990-08-01 00:00:00,67.796
4350,2014-08-01 00:00:00,1990-08-01 00:00:00,67.797
4351,2018-07-31 00:00:00,1990-08-01 00:00:00,63.695
4352,2021-07-30 00:00:00,1990-08-01 00:00:00,63.571
4353,2023-09-29 00:00:00,1990-08-01 00:00:00,60.096
4354,2000-08-01 00:00:00,1990-09-01 00:00:00,86.66
4355,2003-12-23 00:00:00,1990-09-01 00:00:00,
4356,2004-01-05 00:00:00,1990-09-01 00:00:00,81.43
4357,2004-02-02 00:00:00,1990-09-01 00:00:00,81.431
4358,2009-08-04 00:00:00,1990-09-01 00:00:00,
4359,2009-08-05 00:00:00,1990-09-01 00:00:00,73.003
4360,2011-08-02 00:00:00,1990-09-01 00:00:00,73.036
4361,2013-08-02 00:00:00,1990-09-01 00:00:00,68.214
4362,2014-08-01 00:00:00,1990-09-01 00:00:00,68.215
4363,2018-07-31 00:00:00,1990-09-01 00:00:00,64.086
4364,2021-07-30 00:00:00,1990-09-01 00:00:00,63.961
4365,2023-09-29 00:00:00,1990-09-01 00:00:00,60.465
4366,2000-08-01 00:00:00,1990-10-01 00:00:00,87.18
4367,2003-12-23 00:00:00,1990-10-01 00:00:00,
4368,2004-01-05 00:00:00,1990-10-01 00:00:00,81.87
4369,2004-02-02 00:00:00,1990-10-01 00:00:00,81.872
4370,2009-08-04 00:00:00,1990-10-01 00:00:00,
4371,2009-08-05 00:00:00,1990-10-01 00:00:00,73.417
4372,2011-08-02 00:00:00,1990-10-01 00:00:00,73.451
4373,2013-08-02 00:00:00,1990-10-01 00:00:00,68.601
4374,2014-08-01 00:00:00,1990-10-01 00:00:00,68.602
4375,2018-07-31 00:00:00,1990-10-01 00:00:00,64.453
4376,2021-07-30 00:00:00,1990-10-01 00:00:00,64.327
4377,2023-09-29 00:00:00,1990-10-01 00:00:00,60.811
4378,2000-08-01 00:00:00,1990-11-01 00:00:00,87.34
4379,2003-12-23 00:00:00,1990-11-01 00:00:00,
4380,2004-01-05 00:00:00,1990-11-01 00:00:00,81.99
4381,2004-02-02 00:00:00,1990-11-01 00:00:00,81.994
4382,2009-08-04 00:00:00,1990-11-01 00:00:00,
4383,2009-08-05 00:00:00,1990-11-01 00:00:00,73.521
4384,2011-08-02 00:00:00,1990-11-01 00:00:00,73.555
4385,2013-08-02 00:00:00,1990-11-01 00:00:00,68.684
4386,2014-08-01 00:00:00,1990-11-01 00:00:00,68.685
4387,2018-07-31 00:00:00,1990-11-01 00:00:00,64.534
4388,2021-07-30 00:00:00,1990-11-01 00:00:00,64.409
4389,2023-09-29 00:00:00,1990-11-01 00:00:00,60.888
4390,2000-08-01 00:00:00,1990-12-01 00:00:00,87.5
4391,2003-12-23 00:00:00,1990-12-01 00:00:00,
4392,2004-01-05 00:00:00,1990-12-01 00:00:00,82.13
4393,2004-02-02 00:00:00,1990-12-01 00:00:00,82.128
4394,2009-08-04 00:00:00,1990-12-01 00:00:00,
4395,2009-08-05 00:00:00,1990-12-01 00:00:00,73.613
4396,2011-08-02 00:00:00,1990-12-01 00:00:00,73.647
4397,2013-08-02 00:00:00,1990-12-01 00:00:00,68.74
4398,2014-08-01 00:00:00,1990-12-01 00:00:00,68.741
4399,2018-07-31 00:00:00,1990-12-01 00:00:00,64.595
4400,2021-07-30 00:00:00,1990-12-01 00:00:00,64.469
4401,2023-09-29 00:00:00,1990-12-01 00:00:00,60.945
4402,2000-08-01 00:00:00,1991-01-01 00:00:00,87.89
4403,2003-12-23 00:00:00,1991-01-01 00:00:00,
4404,2004-01-05 00:00:00,1991-01-01 00:00:00,82.55
4405,2004-02-02 00:00:00,1991-01-01 00:00:00,82.545
4406,2009-08-04 00:00:00,1991-01-01 00:00:00,
4407,2009-08-05 00:00:00,1991-01-01 00:00:00,73.93
4408,2011-08-02 00:00:00,1991-01-01 00:00:00,73.964
4409,2013-08-02 00:00:00,1991-01-01 00:00:00,68.995
4410,2014-08-01 00:00:00,1991-01-01 00:00:00,68.996
4411,2018-07-31 00:00:00,1991-01-01 00:00:00,64.84
4412,2021-07-30 00:00:00,1991-01-01 00:00:00,64.714
4413,2023-09-29 00:00:00,1991-01-01 00:00:00,61.177
4414,2000-08-01 00:00:00,1991-02-01 00:00:00,88.01
4415,2003-12-23 00:00:00,1991-02-01 00:00:00,
4416,2004-01-05 00:00:00,1991-02-01 00:00:00,82.64
4417,2004-02-02 00:00:00,1991-02-01 00:00:00,82.638
4418,2009-08-04 00:00:00,1991-02-01 00:00:00,
4419,2009-08-05 00:00:00,1991-02-01 00:00:00,73.999
4420,2011-08-02 00:00:00,1991-02-01 00:00:00,74.032
4421,2013-08-02 00:00:00,1991-02-01 00:00:00,69.02
4422,2014-08-01 00:00:00,1991-02-01 00:00:00,69.021
4423,2018-07-31 00:00:00,1991-02-01 00:00:00,64.873
4424,2021-07-30 00:00:00,1991-02-01 00:00:00,64.747
4425,2023-09-29 00:00:00,1991-02-01 00:00:00,61.208
4426,2000-08-01 00:00:00,1991-03-01 00:00:00,88.06
4427,2003-12-23 00:00:00,1991-03-01 00:00:00,
4428,2004-01-05 00:00:00,1991-03-01 00:00:00,82.66
4429,2004-02-02 00:00:00,1991-03-01 00:00:00,82.658
4430,2009-08-04 00:00:00,1991-03-01 00:00:00,
4431,2009-08-05 00:00:00,1991-03-01 00:00:00,74.034
4432,2011-08-02 00:00:00,1991-03-01 00:00:00,74.068
4433,2013-08-02 00:00:00,1991-03-01 00:00:00,69.031
4434,2014-08-01 00:00:00,1991-03-01 00:00:00,69.032
4435,2018-07-31 00:00:00,1991-03-01 00:00:00,64.887
4436,2021-07-30 00:00:00,1991-03-01 00:00:00,64.76
4437,2023-09-29 00:00:00,1991-03-01 00:00:00,61.221
4438,2000-08-01 00:00:00,1991-04-01 00:00:00,88.27
4439,2003-12-23 00:00:00,1991-04-01 00:00:00,
4440,2004-01-05 00:00:00,1991-04-01 00:00:00,82.79
4441,2004-02-02 00:00:00,1991-04-01 00:00:00,82.793
4442,2009-08-04 00:00:00,1991-04-01 00:00:00,
4443,2009-08-05 00:00:00,1991-04-01 00:00:00,74.174
4444,2011-08-02 00:00:00,1991-04-01 00:00:00,74.207
4445,2013-08-02 00:00:00,1991-04-01 00:00:00,69.153
4446,2014-08-01 00:00:00,1991-04-01 00:00:00,69.154
4447,2018-07-31 00:00:00,1991-04-01 00:00:00,65.004
4448,2021-07-30 00:00:00,1991-04-01 00:00:00,64.878
4449,2023-09-29 00:00:00,1991-04-01 00:00:00,61.332
4450,2000-08-01 00:00:00,1991-05-01 00:00:00,88.64
4451,2003-12-23 00:00:00,1991-05-01 00:00:00,
4452,2004-01-05 00:00:00,1991-05-01 00:00:00,83.14
4453,2004-02-02 00:00:00,1991-05-01 00:00:00,83.141
4454,2009-08-04 00:00:00,1991-05-01 00:00:00,
4455,2009-08-05 00:00:00,1991-05-01 00:00:00,74.492
4456,2011-08-02 00:00:00,1991-05-01 00:00:00,74.526
4457,2013-08-02 00:00:00,1991-05-01 00:00:00,69.439
4458,2014-08-01 00:00:00,1991-05-01 00:00:00,69.44
4459,2018-07-31 00:00:00,1991-05-01 00:00:00,65.274
4460,2021-07-30 00:00:00,1991-05-01 00:00:00,65.147
4461,2023-09-29 00:00:00,1991-05-01 00:00:00,61.586
4462,2000-08-01 00:00:00,1991-06-01 00:00:00,88.78
4463,2003-12-23 00:00:00,1991-06-01 00:00:00,
4464,2004-01-05 00:00:00,1991-06-01 00:00:00,83.28
4465,2004-02-02 00:00:00,1991-06-01 00:00:00,83.283
4466,2009-08-04 00:00:00,1991-06-01 00:00:00,
4467,2009-08-05 00:00:00,1991-06-01 00:00:00,74.638
4468,2011-08-02 00:00:00,1991-06-01 00:00:00,74.672
4469,2013-08-02 00:00:00,1991-06-01 00:00:00,69.556
4470,2014-08-01 00:00:00,1991-06-01 00:00:00,69.557
4471,2018-07-31 00:00:00,1991-06-01 00:00:00,65.384
4472,2021-07-30 00:00:00,1991-06-01 00:00:00,65.257
4473,2023-09-29 00:00:00,1991-06-01 00:00:00,61.69
4474,2000-08-01 00:00:00,1991-07-01 00:00:00,88.91
4475,2003-12-23 00:00:00,1991-07-01 00:00:00,
4476,2004-01-05 00:00:00,1991-07-01 00:00:00,83.43
4477,2004-02-02 00:00:00,1991-07-01 00:00:00,83.429
4478,2009-08-04 00:00:00,1991-07-01 00:00:00,
4479,2009-08-05 00:00:00,1991-07-01 00:00:00,74.782
4480,2011-08-02 00:00:00,1991-07-01 00:00:00,74.816
4481,2013-08-02 00:00:00,1991-07-01 00:00:00,69.666
4482,2014-08-01 00:00:00,1991-07-01 00:00:00,69.667
4483,2018-07-31 00:00:00,1991-07-01 00:00:00,65.487
4484,2021-07-30 00:00:00,1991-07-01 00:00:00,65.36
4485,2023-09-29 00:00:00,1991-07-01 00:00:00,61.787
4486,2000-08-01 00:00:00,1991-08-01 00:00:00,89.12
4487,2003-12-23 00:00:00,1991-08-01 00:00:00,
4488,2004-01-05 00:00:00,1991-08-01 00:00:00,83.63
4489,2004-02-02 00:00:00,1991-08-01 00:00:00,83.626
4490,2009-08-04 00:00:00,1991-08-01 00:00:00,
4491,2009-08-05 00:00:00,1991-08-01 00:00:00,74.975
4492,2011-08-02 00:00:00,1991-08-01 00:00:00,75.01
4493,2013-08-02 00:00:00,1991-08-01 00:00:00,69.826
4494,2014-08-01 00:00:00,1991-08-01 00:00:00,69.827
4495,2018-07-31 00:00:00,1991-08-01 00:00:00,65.639
4496,2021-07-30 00:00:00,1991-08-01 00:00:00,65.511
4497,2023-09-29 00:00:00,1991-08-01 00:00:00,61.931
4498,2000-08-01 00:00:00,1991-09-01 00:00:00,89.46
4499,2003-12-23 00:00:00,1991-09-01 00:00:00,
4500,2004-01-05 00:00:00,1991-09-01 00:00:00,83.93
4501,2004-02-02 00:00:00,1991-09-01 00:00:00,83.927
4502,2009-08-04 00:00:00,1991-09-01 00:00:00,
4503,2009-08-05 00:00:00,1991-09-01 00:00:00,75.247
4504,2011-08-02 00:00:00,1991-09-01 00:00:00,75.281
4505,2013-08-02 00:00:00,1991-09-01 00:00:00,70.066
4506,2014-08-01 00:00:00,1991-09-01 00:00:00,70.067
4507,2018-07-31 00:00:00,1991-09-01 00:00:00,65.865
4508,2021-07-30 00:00:00,1991-09-01 00:00:00,65.737
4509,2023-09-29 00:00:00,1991-09-01 00:00:00,62.144
4510,2000-08-01 00:00:00,1991-10-01 00:00:00,89.64
4511,2003-12-23 00:00:00,1991-10-01 00:00:00,
4512,2004-01-05 00:00:00,1991-10-01 00:00:00,84.1
4513,2004-02-02 00:00:00,1991-10-01 00:00:00,84.097
4514,2009-08-04 00:00:00,1991-10-01 00:00:00,
4515,2009-08-05 00:00:00,1991-10-01 00:00:00,75.395
4516,2011-08-02 00:00:00,1991-10-01 00:00:00,75.429
4517,2013-08-02 00:00:00,1991-10-01 00:00:00,70.196
4518,2014-08-01 00:00:00,1991-10-01 00:00:00,70.197
4519,2018-07-31 00:00:00,1991-10-01 00:00:00,65.989
4520,2021-07-30 00:00:00,1991-10-01 00:00:00,65.86
4521,2023-09-29 00:00:00,1991-10-01 00:00:00,62.26
4522,2000-08-01 00:00:00,1991-11-01 00:00:00,89.91
4523,2003-12-23 00:00:00,1991-11-01 00:00:00,
4524,2004-01-05 00:00:00,1991-11-01 00:00:00,84.31
4525,2004-02-02 00:00:00,1991-11-01 00:00:00,84.311
4526,2009-08-04 00:00:00,1991-11-01 00:00:00,
4527,2009-08-05 00:00:00,1991-11-01 00:00:00,75.583
4528,2011-08-02 00:00:00,1991-11-01 00:00:00,75.617
4529,2013-08-02 00:00:00,1991-11-01 00:00:00,70.347
4530,2014-08-01 00:00:00,1991-11-01 00:00:00,70.348
4531,2018-07-31 00:00:00,1991-11-01 00:00:00,66.133
4532,2021-07-30 00:00:00,1991-11-01 00:00:00,66.005
4533,2023-09-29 00:00:00,1991-11-01 00:00:00,62.397
4534,2000-08-01 00:00:00,1991-12-01 00:00:00,90.21
4535,2003-12-23 00:00:00,1991-12-01 00:00:00,
4536,2004-01-05 00:00:00,1991-12-01 00:00:00,84.57
4537,2004-02-02 00:00:00,1991-12-01 00:00:00,84.574
4538,2009-08-04 00:00:00,1991-12-01 00:00:00,
4539,2009-08-05 00:00:00,1991-12-01 00:00:00,75.811
4540,2011-08-02 00:00:00,1991-12-01 00:00:00,75.845
4541,2013-08-02 00:00:00,1991-12-01 00:00:00,70.519
4542,2014-08-01 00:00:00,1991-12-01 00:00:00,70.52
4543,2018-07-31 00:00:00,1991-12-01 00:00:00,66.299
4544,2021-07-30 00:00:00,1991-12-01 00:00:00,66.17
4545,2023-09-29 00:00:00,1991-12-01 00:00:00,62.553
4546,2000-08-01 00:00:00,1992-01-01 00:00:00,90.45
4547,2003-12-23 00:00:00,1992-01-01 00:00:00,
4548,2004-01-05 00:00:00,1992-01-01 00:00:00,84.75
4549,2004-02-02 00:00:00,1992-01-01 00:00:00,84.753
4550,2009-08-04 00:00:00,1992-01-01 00:00:00,
4551,2009-08-05 00:00:00,1992-01-01 00:00:00,75.971
4552,2011-08-02 00:00:00,1992-01-01 00:00:00,76.006
4553,2013-08-02 00:00:00,1992-01-01 00:00:00,70.612
4554,2014-08-01 00:00:00,1992-01-01 00:00:00,70.613
4555,2018-07-31 00:00:00,1992-01-01 00:00:00,66.389
4556,2021-07-30 00:00:00,1992-01-01 00:00:00,66.26
4557,2023-09-29 00:00:00,1992-01-01 00:00:00,62.638
4558,2000-08-01 00:00:00,1992-02-01 00:00:00,90.74
4559,2003-12-23 00:00:00,1992-02-01 00:00:00,
4560,2004-01-05 00:00:00,1992-02-01 00:00:00,84.99
4561,2004-02-02 00:00:00,1992-02-01 00:00:00,84.988
4562,2009-08-04 00:00:00,1992-02-01 00:00:00,
4563,2009-08-05 00:00:00,1992-02-01 00:00:00,76.197
4564,2011-08-02 00:00:00,1992-02-01 00:00:00,76.232
4565,2013-08-02 00:00:00,1992-02-01 00:00:00,70.788
4566,2014-08-01 00:00:00,1992-02-01 00:00:00,70.789
4567,2018-07-31 00:00:00,1992-02-01 00:00:00,66.557
4568,2021-07-30 00:00:00,1992-02-01 00:00:00,66.428
4569,2023-09-29 00:00:00,1992-02-01 00:00:00,62.797
4570,2000-08-01 00:00:00,1992-03-01 00:00:00,90.99
4571,2003-12-23 00:00:00,1992-03-01 00:00:00,
4572,2004-01-05 00:00:00,1992-03-01 00:00:00,85.21
4573,2004-02-02 00:00:00,1992-03-01 00:00:00,85.205
4574,2009-08-04 00:00:00,1992-03-01 00:00:00,
4575,2009-08-05 00:00:00,1992-03-01 00:00:00,76.398
4576,2011-08-02 00:00:00,1992-03-01 00:00:00,76.433
4577,2013-08-02 00:00:00,1992-03-01 00:00:00,70.961
4578,2014-08-01 00:00:00,1992-03-01 00:00:00,70.962
4579,2018-07-31 00:00:00,1992-03-01 00:00:00,66.718
4580,2021-07-30 00:00:00,1992-03-01 00:00:00,66.589
4581,2023-09-29 00:00:00,1992-03-01 00:00:00,62.949
4582,2000-08-01 00:00:00,1992-04-01 00:00:00,91.2
4583,2003-12-23 00:00:00,1992-04-01 00:00:00,
4584,2004-01-05 00:00:00,1992-04-01 00:00:00,85.39
4585,2004-02-02 00:00:00,1992-04-01 00:00:00,85.391
4586,2009-08-04 00:00:00,1992-04-01 00:00:00,
4587,2009-08-05 00:00:00,1992-04-01 00:00:00,76.599
4588,2011-08-02 00:00:00,1992-04-01 00:00:00,76.634
4589,2013-08-02 00:00:00,1992-04-01 00:00:00,71.152
4590,2014-08-01 00:00:00,1992-04-01 00:00:00,71.153
4591,2018-07-31 00:00:00,1992-04-01 00:00:00,66.899
4592,2021-07-30 00:00:00,1992-04-01 00:00:00,66.769
4593,2023-09-29 00:00:00,1992-04-01 00:00:00,63.119
4594,2000-08-01 00:00:00,1992-05-01 00:00:00,91.34
4595,2003-12-23 00:00:00,1992-05-01 00:00:00,
4596,2004-01-05 00:00:00,1992-05-01 00:00:00,85.51
4597,2004-02-02 00:00:00,1992-05-01 00:00:00,85.508
4598,2009-08-04 00:00:00,1992-05-01 00:00:00,
4599,2009-08-05 00:00:00,1992-05-01 00:00:00,76.703
4600,2011-08-02 00:00:00,1992-05-01 00:00:00,76.738
4601,2013-08-02 00:00:00,1992-05-01 00:00:00,71.247
4602,2014-08-01 00:00:00,1992-05-01 00:00:00,71.248
4603,2018-07-31 00:00:00,1992-05-01 00:00:00,66.987
4604,2021-07-30 00:00:00,1992-05-01 00:00:00,66.857
4605,2023-09-29 00:00:00,1992-05-01 00:00:00,63.203
4606,2000-08-01 00:00:00,1992-06-01 00:00:00,91.52
4607,2003-12-23 00:00:00,1992-06-01 00:00:00,
4608,2004-01-05 00:00:00,1992-06-01 00:00:00,85.68
4609,2004-02-02 00:00:00,1992-06-01 00:00:00,85.678
4610,2009-08-04 00:00:00,1992-06-01 00:00:00,
4611,2009-08-05 00:00:00,1992-06-01 00:00:00,76.848
4612,2011-08-02 00:00:00,1992-06-01 00:00:00,76.883
4613,2013-08-02 00:00:00,1992-06-01 00:00:00,71.373
4614,2014-08-01 00:00:00,1992-06-01 00:00:00,71.374
4615,2018-07-31 00:00:00,1992-06-01 00:00:00,67.107
4616,2021-07-30 00:00:00,1992-06-01 00:00:00,66.976
4617,2023-09-29 00:00:00,1992-06-01 00:00:00,63.315
4618,2000-08-01 00:00:00,1992-07-01 00:00:00,91.85
4619,2003-12-23 00:00:00,1992-07-01 00:00:00,
4620,2004-01-05 00:00:00,1992-07-01 00:00:00,85.99
4621,2004-02-02 00:00:00,1992-07-01 00:00:00,85.987
4622,2009-08-04 00:00:00,1992-07-01 00:00:00,
4623,2009-08-05 00:00:00,1992-07-01 00:00:00,77.114
4624,2011-08-02 00:00:00,1992-07-01 00:00:00,77.149
4625,2013-08-02 00:00:00,1992-07-01 00:00:00,71.608
4626,2014-08-01 00:00:00,1992-07-01 00:00:00,71.609
4627,2018-07-31 00:00:00,1992-07-01 00:00:00,67.328
4628,2021-07-30 00:00:00,1992-07-01 00:00:00,67.197
4629,2023-09-29 00:00:00,1992-07-01 00:00:00,63.524
4630,2000-08-01 00:00:00,1992-08-01 00:00:00,91.62
4631,2003-12-23 00:00:00,1992-08-01 00:00:00,
4632,2004-01-05 00:00:00,1992-08-01 00:00:00,86.12
4633,2004-02-02 00:00:00,1992-08-01 00:00:00,86.123
4634,2009-08-04 00:00:00,1992-08-01 00:00:00,
4635,2009-08-05 00:00:00,1992-08-01 00:00:00,77.216
4636,2011-08-02 00:00:00,1992-08-01 00:00:00,77.251
4637,2013-08-02 00:00:00,1992-08-01 00:00:00,71.703
4638,2014-08-01 00:00:00,1992-08-01 00:00:00,71.704
4639,2018-07-31 00:00:00,1992-08-01 00:00:00,67.418
4640,2021-07-30 00:00:00,1992-08-01 00:00:00,67.287
4641,2023-09-29 00:00:00,1992-08-01 00:00:00,63.609
4642,2000-08-01 00:00:00,1992-09-01 00:00:00,92.11
4643,2003-12-23 00:00:00,1992-09-01 00:00:00,
4644,2004-01-05 00:00:00,1992-09-01 00:00:00,86.26
4645,2004-02-02 00:00:00,1992-09-01 00:00:00,86.259
4646,2009-08-04 00:00:00,1992-09-01 00:00:00,
4647,2009-08-05 00:00:00,1992-09-01 00:00:00,77.328
4648,2011-08-02 00:00:00,1992-09-01 00:00:00,77.364
4649,2013-08-02 00:00:00,1992-09-01 00:00:00,71.821
4650,2014-08-01 00:00:00,1992-09-01 00:00:00,71.823
4651,2018-07-31 00:00:00,1992-09-01 00:00:00,67.528
4652,2021-07-30 00:00:00,1992-09-01 00:00:00,67.397
4653,2023-09-29 00:00:00,1992-09-01 00:00:00,63.713
4654,2000-08-01 00:00:00,1992-10-01 00:00:00,92.41
4655,2003-12-23 00:00:00,1992-10-01 00:00:00,
4656,2004-01-05 00:00:00,1992-10-01 00:00:00,86.53
4657,2004-02-02 00:00:00,1992-10-01 00:00:00,86.529
4658,2009-08-04 00:00:00,1992-10-01 00:00:00,
4659,2009-08-05 00:00:00,1992-10-01 00:00:00,77.574
4660,2011-08-02 00:00:00,1992-10-01 00:00:00,77.61
4661,2013-08-02 00:00:00,1992-10-01 00:00:00,72.077
4662,2014-08-01 00:00:00,1992-10-01 00:00:00,72.078
4663,2018-07-31 00:00:00,1992-10-01 00:00:00,67.767
4664,2021-07-30 00:00:00,1992-10-01 00:00:00,67.635
4665,2023-09-29 00:00:00,1992-10-01 00:00:00,63.938
4666,2000-08-01 00:00:00,1992-11-01 00:00:00,92.57
4667,2003-12-23 00:00:00,1992-11-01 00:00:00,
4668,2004-01-05 00:00:00,1992-11-01 00:00:00,86.67
4669,2004-02-02 00:00:00,1992-11-01 00:00:00,86.673
4670,2009-08-04 00:00:00,1992-11-01 00:00:00,
4671,2009-08-05 00:00:00,1992-11-01 00:00:00,77.699
4672,2011-08-02 00:00:00,1992-11-01 00:00:00,77.734
4673,2013-08-02 00:00:00,1992-11-01 00:00:00,72.222
4674,2014-08-01 00:00:00,1992-11-01 00:00:00,72.223
4675,2018-07-31 00:00:00,1992-11-01 00:00:00,67.9
4676,2021-07-30 00:00:00,1992-11-01 00:00:00,67.768
4677,2023-09-29 00:00:00,1992-11-01 00:00:00,64.064
4678,2000-08-01 00:00:00,1992-12-01 00:00:00,92.69
4679,2003-12-23 00:00:00,1992-12-01 00:00:00,
4680,2004-01-05 00:00:00,1992-12-01 00:00:00,86.8
4681,2004-02-02 00:00:00,1992-12-01 00:00:00,86.797
4682,2009-08-04 00:00:00,1992-12-01 00:00:00,
4683,2009-08-05 00:00:00,1992-12-01 00:00:00,77.806
4684,2011-08-02 00:00:00,1992-12-01 00:00:00,77.841
4685,2013-08-02 00:00:00,1992-12-01 00:00:00,72.349
4686,2014-08-01 00:00:00,1992-12-01 00:00:00,72.35
4687,2018-07-31 00:00:00,1992-12-01 00:00:00,68.018
4688,2021-07-30 00:00:00,1992-12-01 00:00:00,67.886
4689,2023-09-29 00:00:00,1992-12-01 00:00:00,64.176
4690,2000-08-01 00:00:00,1993-01-01 00:00:00,92.9
4691,2003-12-23 00:00:00,1993-01-01 00:00:00,
4692,2004-01-05 00:00:00,1993-01-01 00:00:00,86.98
4693,2004-02-02 00:00:00,1993-01-01 00:00:00,86.977
4694,2009-08-04 00:00:00,1993-01-01 00:00:00,
4695,2009-08-05 00:00:00,1993-01-01 00:00:00,77.963
4696,2011-08-02 00:00:00,1993-01-01 00:00:00,77.998
4697,2013-08-02 00:00:00,1993-01-01 00:00:00,72.523
4698,2014-08-01 00:00:00,1993-01-01 00:00:00,72.524
4699,2018-07-31 00:00:00,1993-01-01 00:00:00,68.184
4700,2021-07-30 00:00:00,1993-01-01 00:00:00,68.052
4701,2023-09-29 00:00:00,1993-01-01 00:00:00,64.332
4702,2000-08-01 00:00:00,1993-02-01 00:00:00,93.07
4703,2003-12-23 00:00:00,1993-02-01 00:00:00,
4704,2004-01-05 00:00:00,1993-02-01 00:00:00,87.1
4705,2004-02-02 00:00:00,1993-02-01 00:00:00,87.099
4706,2009-08-04 00:00:00,1993-02-01 00:00:00,
4707,2009-08-05 00:00:00,1993-02-01 00:00:00,78.053
4708,2011-08-02 00:00:00,1993-02-01 00:00:00,78.088
4709,2013-08-02 00:00:00,1993-02-01 00:00:00,72.632
4710,2014-08-01 00:00:00,1993-02-01 00:00:00,72.633
4711,2018-07-31 00:00:00,1993-02-01 00:00:00,68.287
4712,2021-07-30 00:00:00,1993-02-01 00:00:00,68.154
4713,2023-09-29 00:00:00,1993-02-01 00:00:00,64.429
4714,2000-08-01 00:00:00,1993-03-01 00:00:00,93.24
4715,2003-12-23 00:00:00,1993-03-01 00:00:00,
4716,2004-01-05 00:00:00,1993-03-01 00:00:00,87.27
4717,2004-02-02 00:00:00,1993-03-01 00:00:00,87.272
4718,2009-08-04 00:00:00,1993-03-01 00:00:00,
4719,2009-08-05 00:00:00,1993-03-01 00:00:00,78.185
4720,2011-08-02 00:00:00,1993-03-01 00:00:00,78.22
4721,2013-08-02 00:00:00,1993-03-01 00:00:00,72.78
4722,2014-08-01 00:00:00,1993-03-01 00:00:00,72.781
4723,2018-07-31 00:00:00,1993-03-01 00:00:00,68.427
4724,2021-07-30 00:00:00,1993-03-01 00:00:00,68.294
4725,2023-09-29 00:00:00,1993-03-01 00:00:00,64.561
4726,2000-08-01 00:00:00,1993-04-01 00:00:00,93.48
4727,2003-12-23 00:00:00,1993-04-01 00:00:00,
4728,2004-01-05 00:00:00,1993-04-01 00:00:00,87.51
4729,2004-02-02 00:00:00,1993-04-01 00:00:00,87.509
4730,2009-08-04 00:00:00,1993-04-01 00:00:00,
4731,2009-08-05 00:00:00,1993-04-01 00:00:00,78.365
4732,2011-08-02 00:00:00,1993-04-01 00:00:00,78.401
4733,2013-08-02 00:00:00,1993-04-01 00:00:00,72.976
4734,2014-08-01 00:00:00,1993-04-01 00:00:00,72.977
4735,2018-07-31 00:00:00,1993-04-01 00:00:00,68.609
4736,2021-07-30 00:00:00,1993-04-01 00:00:00,68.475
4737,2023-09-29 00:00:00,1993-04-01 00:00:00,64.733
4738,2000-08-01 00:00:00,1993-05-01 00:00:00,93.73
4739,2003-12-23 00:00:00,1993-05-01 00:00:00,
4740,2004-01-05 00:00:00,1993-05-01 00:00:00,87.77
4741,2004-02-02 00:00:00,1993-05-01 00:00:00,87.774
4742,2009-08-04 00:00:00,1993-05-01 00:00:00,
4743,2009-08-05 00:00:00,1993-05-01 00:00:00,78.58
4744,2011-08-02 00:00:00,1993-05-01 00:00:00,78.616
4745,2013-08-02 00:00:00,1993-05-01 00:00:00,73.202
4746,2014-08-01 00:00:00,1993-05-01 00:00:00,73.203
4747,2018-07-31 00:00:00,1993-05-01 00:00:00,68.821
4748,2021-07-30 00:00:00,1993-05-01 00:00:00,68.687
4749,2023-09-29 00:00:00,1993-05-01 00:00:00,64.933
4750,2000-08-01 00:00:00,1993-06-01 00:00:00,93.73
4751,2003-12-23 00:00:00,1993-06-01 00:00:00,
4752,2004-01-05 00:00:00,1993-06-01 00:00:00,87.75
4753,2004-02-02 00:00:00,1993-06-01 00:00:00,87.752
4754,2009-08-04 00:00:00,1993-06-01 00:00:00,
4755,2009-08-05 00:00:00,1993-06-01 00:00:00,78.582
4756,2011-08-02 00:00:00,1993-06-01 00:00:00,78.618
4757,2013-08-02 00:00:00,1993-06-01 00:00:00,73.228
4758,2014-08-01 00:00:00,1993-06-01 00:00:00,73.229
4759,2018-07-31 00:00:00,1993-06-01 00:00:00,68.845
4760,2021-07-30 00:00:00,1993-06-01 00:00:00,68.711
4761,2023-09-29 00:00:00,1993-06-01 00:00:00,64.955
4762,2000-08-01 00:00:00,1993-07-01 00:00:00,93.84
4763,2003-12-23 00:00:00,1993-07-01 00:00:00,
4764,2004-01-05 00:00:00,1993-07-01 00:00:00,87.87
4765,2004-02-02 00:00:00,1993-07-01 00:00:00,87.869
4766,2009-08-04 00:00:00,1993-07-01 00:00:00,
4767,2009-08-05 00:00:00,1993-07-01 00:00:00,78.686
4768,2011-08-02 00:00:00,1993-07-01 00:00:00,78.722
4769,2013-08-02 00:00:00,1993-07-01 00:00:00,73.344
4770,2014-08-01 00:00:00,1993-07-01 00:00:00,73.345
4771,2018-07-31 00:00:00,1993-07-01 00:00:00,68.954
4772,2021-07-30 00:00:00,1993-07-01 00:00:00,68.82
4773,2023-09-29 00:00:00,1993-07-01 00:00:00,65.059
4774,2000-08-01 00:00:00,1993-08-01 00:00:00,93.98
4775,2003-12-23 00:00:00,1993-08-01 00:00:00,
4776,2004-01-05 00:00:00,1993-08-01 00:00:00,88.0
4777,2004-02-02 00:00:00,1993-08-01 00:00:00,87.996
4778,2009-08-04 00:00:00,1993-08-01 00:00:00,
4779,2009-08-05 00:00:00,1993-08-01 00:00:00,78.801
4780,2011-08-02 00:00:00,1993-08-01 00:00:00,78.837
4781,2013-08-02 00:00:00,1993-08-01 00:00:00,73.47
4782,2014-08-01 00:00:00,1993-08-01 00:00:00,73.471
4783,2018-07-31 00:00:00,1993-08-01 00:00:00,69.072
4784,2021-07-30 00:00:00,1993-08-01 00:00:00,68.938
4785,2023-09-29 00:00:00,1993-08-01 00:00:00,65.17
4786,2000-08-01 00:00:00,1993-09-01 00:00:00,94.07
4787,2003-12-23 00:00:00,1993-09-01 00:00:00,
4788,2004-01-05 00:00:00,1993-09-01 00:00:00,88.07
4789,2004-02-02 00:00:00,1993-09-01 00:00:00,88.073
4790,2009-08-04 00:00:00,1993-09-01 00:00:00,
4791,2009-08-05 00:00:00,1993-09-01 00:00:00,78.869
4792,2011-08-02 00:00:00,1993-09-01 00:00:00,78.905
4793,2013-08-02 00:00:00,1993-09-01 00:00:00,73.549
4794,2014-08-01 00:00:00,1993-09-01 00:00:00,73.55
4795,2018-07-31 00:00:00,1993-09-01 00:00:00,69.144
4796,2021-07-30 00:00:00,1993-09-01 00:00:00,69.01
4797,2023-09-29 00:00:00,1993-09-01 00:00:00,65.238
4798,2000-08-01 00:00:00,1993-10-01 00:00:00,94.42
4799,2003-12-23 00:00:00,1993-10-01 00:00:00,
4800,2004-01-05 00:00:00,1993-10-01 00:00:00,88.31
4801,2004-02-02 00:00:00,1993-10-01 00:00:00,88.312
4802,2009-08-04 00:00:00,1993-10-01 00:00:00,
4803,2009-08-05 00:00:00,1993-10-01 00:00:00,79.103
4804,2011-08-02 00:00:00,1993-10-01 00:00:00,79.139
4805,2013-08-02 00:00:00,1993-10-01 00:00:00,73.779
4806,2014-08-01 00:00:00,1993-10-01 00:00:00,73.78
4807,2018-07-31 00:00:00,1993-10-01 00:00:00,69.362
4808,2021-07-30 00:00:00,1993-10-01 00:00:00,69.227
4809,2023-09-29 00:00:00,1993-10-01 00:00:00,65.443
4810,2000-08-01 00:00:00,1993-11-01 00:00:00,94.59
4811,2003-12-23 00:00:00,1993-11-01 00:00:00,
4812,2004-01-05 00:00:00,1993-11-01 00:00:00,88.49
4813,2004-02-02 00:00:00,1993-11-01 00:00:00,88.485
4814,2009-08-04 00:00:00,1993-11-01 00:00:00,
4815,2009-08-05 00:00:00,1993-11-01 00:00:00,79.25
4816,2011-08-02 00:00:00,1993-11-01 00:00:00,79.286
4817,2013-08-02 00:00:00,1993-11-01 00:00:00,73.916
4818,2014-08-01 00:00:00,1993-11-01 00:00:00,73.917
4819,2018-07-31 00:00:00,1993-11-01 00:00:00,69.493
4820,2021-07-30 00:00:00,1993-11-01 00:00:00,69.358
4821,2023-09-29 00:00:00,1993-11-01 00:00:00,65.567
4822,2000-08-01 00:00:00,1993-12-01 00:00:00,94.62
4823,2003-12-23 00:00:00,1993-12-01 00:00:00,
4824,2004-01-05 00:00:00,1993-12-01 00:00:00,88.53
4825,2004-02-02 00:00:00,1993-12-01 00:00:00,88.531
4826,2009-08-04 00:00:00,1993-12-01 00:00:00,
4827,2009-08-05 00:00:00,1993-12-01 00:00:00,79.28
4828,2011-08-02 00:00:00,1993-12-01 00:00:00,79.316
4829,2013-08-02 00:00:00,1993-12-01 00:00:00,73.932
4830,2014-08-01 00:00:00,1993-12-01 00:00:00,73.934
4831,2018-07-31 00:00:00,1993-12-01 00:00:00,69.509
4832,2021-07-30 00:00:00,1993-12-01 00:00:00,69.374
4833,2023-09-29 00:00:00,1993-12-01 00:00:00,65.582
4834,2000-08-01 00:00:00,1994-01-01 00:00:00,94.59
4835,2003-12-23 00:00:00,1994-01-01 00:00:00,
4836,2004-01-05 00:00:00,1994-01-01 00:00:00,88.58
4837,2004-02-02 00:00:00,1994-01-01 00:00:00,88.577
4838,2009-08-04 00:00:00,1994-01-01 00:00:00,
4839,2009-08-05 00:00:00,1994-01-01 00:00:00,79.33
4840,2011-08-02 00:00:00,1994-01-01 00:00:00,79.366
4841,2013-08-02 00:00:00,1994-01-01 00:00:00,73.956
4842,2014-08-01 00:00:00,1994-01-01 00:00:00,73.958
4843,2018-07-31 00:00:00,1994-01-01 00:00:00,69.532
4844,2021-07-30 00:00:00,1994-01-01 00:00:00,69.397
4845,2023-09-29 00:00:00,1994-01-01 00:00:00,65.604
4846,2000-08-01 00:00:00,1994-02-01 00:00:00,94.82
4847,2003-12-23 00:00:00,1994-02-01 00:00:00,
4848,2004-01-05 00:00:00,1994-02-01 00:00:00,88.79
4849,2004-02-02 00:00:00,1994-02-01 00:00:00,88.788
4850,2009-08-04 00:00:00,1994-02-01 00:00:00,
4851,2009-08-05 00:00:00,1994-02-01 00:00:00,79.518
4852,2011-08-02 00:00:00,1994-02-01 00:00:00,79.555
4853,2013-08-02 00:00:00,1994-02-01 00:00:00,74.126
4854,2014-08-01 00:00:00,1994-02-01 00:00:00,74.127
4855,2018-07-31 00:00:00,1994-02-01 00:00:00,69.693
4856,2021-07-30 00:00:00,1994-02-01 00:00:00,69.558
4857,2023-09-29 00:00:00,1994-02-01 00:00:00,65.756
4858,2000-08-01 00:00:00,1994-03-01 00:00:00,95.03
4859,2003-12-23 00:00:00,1994-03-01 00:00:00,
4860,2004-01-05 00:00:00,1994-03-01 00:00:00,89.02
4861,2004-02-02 00:00:00,1994-03-01 00:00:00,89.016
4862,2009-08-04 00:00:00,1994-03-01 00:00:00,
4863,2009-08-05 00:00:00,1994-03-01 00:00:00,79.725
4864,2011-08-02 00:00:00,1994-03-01 00:00:00,79.762
4865,2013-08-02 00:00:00,1994-03-01 00:00:00,74.332
4866,2014-08-01 00:00:00,1994-03-01 00:00:00,74.333
4867,2018-07-31 00:00:00,1994-03-01 00:00:00,69.885
4868,2021-07-30 00:00:00,1994-03-01 00:00:00,69.75
4869,2023-09-29 00:00:00,1994-03-01 00:00:00,65.937
4870,2000-08-01 00:00:00,1994-04-01 00:00:00,95.13
4871,2003-12-23 00:00:00,1994-04-01 00:00:00,
4872,2004-01-05 00:00:00,1994-04-01 00:00:00,89.1
4873,2004-02-02 00:00:00,1994-04-01 00:00:00,89.097
4874,2009-08-04 00:00:00,1994-04-01 00:00:00,
4875,2009-08-05 00:00:00,1994-04-01 00:00:00,79.799
4876,2011-08-02 00:00:00,1994-04-01 00:00:00,79.836
4877,2013-08-02 00:00:00,1994-04-01 00:00:00,74.419
4878,2014-08-01 00:00:00,1994-04-01 00:00:00,74.42
4879,2018-07-31 00:00:00,1994-04-01 00:00:00,69.968
4880,2021-07-30 00:00:00,1994-04-01 00:00:00,69.832
4881,2023-09-29 00:00:00,1994-04-01 00:00:00,66.015
4882,2000-08-01 00:00:00,1994-05-01 00:00:00,95.28
4883,2003-12-23 00:00:00,1994-05-01 00:00:00,
4884,2004-01-05 00:00:00,1994-05-01 00:00:00,89.24
4885,2004-02-02 00:00:00,1994-05-01 00:00:00,89.236
4886,2009-08-04 00:00:00,1994-05-01 00:00:00,
4887,2009-08-05 00:00:00,1994-05-01 00:00:00,79.915
4888,2011-08-02 00:00:00,1994-05-01 00:00:00,79.951
4889,2013-08-02 00:00:00,1994-05-01 00:00:00,74.527
4890,2014-08-01 00:00:00,1994-05-01 00:00:00,74.528
4891,2018-07-31 00:00:00,1994-05-01 00:00:00,70.069
4892,2021-07-30 00:00:00,1994-05-01 00:00:00,69.933
4893,2023-09-29 00:00:00,1994-05-01 00:00:00,66.111
4894,2000-08-01 00:00:00,1994-06-01 00:00:00,95.54
4895,2003-12-23 00:00:00,1994-06-01 00:00:00,
4896,2004-01-05 00:00:00,1994-06-01 00:00:00,89.5
4897,2004-02-02 00:00:00,1994-06-01 00:00:00,89.501
4898,2009-08-04 00:00:00,1994-06-01 00:00:00,
4899,2009-08-05 00:00:00,1994-06-01 00:00:00,80.131
4900,2011-08-02 00:00:00,1994-06-01 00:00:00,80.168
4901,2013-08-02 00:00:00,1994-06-01 00:00:00,74.706
4902,2014-08-01 00:00:00,1994-06-01 00:00:00,74.708
4903,2018-07-31 00:00:00,1994-06-01 00:00:00,70.241
4904,2021-07-30 00:00:00,1994-06-01 00:00:00,70.104
4905,2023-09-29 00:00:00,1994-06-01 00:00:00,66.272
4906,2000-08-01 00:00:00,1994-07-01 00:00:00,95.91
4907,2003-12-23 00:00:00,1994-07-01 00:00:00,
4908,2004-01-05 00:00:00,1994-07-01 00:00:00,89.86
4909,2009-08-04 00:00:00,1994-07-01 00:00:00,
4910,2009-08-05 00:00:00,1994-07-01 00:00:00,80.427
4911,2011-08-02 00:00:00,1994-07-01 00:00:00,80.464
4912,2013-08-02 00:00:00,1994-07-01 00:00:00,74.943
4913,2014-08-01 00:00:00,1994-07-01 00:00:00,74.944
4914,2018-07-31 00:00:00,1994-07-01 00:00:00,70.462
4915,2021-07-30 00:00:00,1994-07-01 00:00:00,70.325
4916,2023-09-29 00:00:00,1994-07-01 00:00:00,66.481
4917,2000-08-01 00:00:00,1994-08-01 00:00:00,96.18
4918,2003-12-23 00:00:00,1994-08-01 00:00:00,
4919,2004-01-05 00:00:00,1994-08-01 00:00:00,90.12
4920,2004-02-02 00:00:00,1994-08-01 00:00:00,90.116
4921,2009-08-04 00:00:00,1994-08-01 00:00:00,
4922,2009-08-05 00:00:00,1994-08-01 00:00:00,80.64
4923,2011-08-02 00:00:00,1994-08-01 00:00:00,80.676
4924,2013-08-02 00:00:00,1994-08-01 00:00:00,75.11
4925,2014-08-01 00:00:00,1994-08-01 00:00:00,75.111
4926,2018-07-31 00:00:00,1994-08-01 00:00:00,70.623
4927,2021-07-30 00:00:00,1994-08-01 00:00:00,70.486
4928,2023-09-29 00:00:00,1994-08-01 00:00:00,66.634
4929,2000-08-01 00:00:00,1994-09-01 00:00:00,96.31
4930,2003-12-23 00:00:00,1994-09-01 00:00:00,
4931,2004-01-05 00:00:00,1994-09-01 00:00:00,90.24
4932,2004-02-02 00:00:00,1994-09-01 00:00:00,90.235
4933,2009-08-04 00:00:00,1994-09-01 00:00:00,
4934,2009-08-05 00:00:00,1994-09-01 00:00:00,80.736
4935,2011-08-02 00:00:00,1994-09-01 00:00:00,80.773
4936,2013-08-02 00:00:00,1994-09-01 00:00:00,75.194
4937,2014-08-01 00:00:00,1994-09-01 00:00:00,75.195
4938,2018-07-31 00:00:00,1994-09-01 00:00:00,70.702
4939,2021-07-30 00:00:00,1994-09-01 00:00:00,70.565
4940,2023-09-29 00:00:00,1994-09-01 00:00:00,66.708
4941,2000-08-01 00:00:00,1994-10-01 00:00:00,96.44
4942,2003-12-23 00:00:00,1994-10-01 00:00:00,
4943,2004-01-05 00:00:00,1994-10-01 00:00:00,90.35
4944,2004-02-02 00:00:00,1994-10-01 00:00:00,90.347
4945,2009-08-04 00:00:00,1994-10-01 00:00:00,
4946,2009-08-05 00:00:00,1994-10-01 00:00:00,80.86
4947,2011-08-02 00:00:00,1994-10-01 00:00:00,80.897
4948,2013-08-02 00:00:00,1994-10-01 00:00:00,75.321
4949,2014-08-01 00:00:00,1994-10-01 00:00:00,75.322
4950,2018-07-31 00:00:00,1994-10-01 00:00:00,70.822
4951,2021-07-30 00:00:00,1994-10-01 00:00:00,70.684
4952,2023-09-29 00:00:00,1994-10-01 00:00:00,66.821
4953,2000-08-01 00:00:00,1994-11-01 00:00:00,96.58
4954,2003-12-23 00:00:00,1994-11-01 00:00:00,
4955,2004-01-05 00:00:00,1994-11-01 00:00:00,90.5
4956,2004-02-02 00:00:00,1994-11-01 00:00:00,90.501
4957,2009-08-04 00:00:00,1994-11-01 00:00:00,
4958,2009-08-05 00:00:00,1994-11-01 00:00:00,81.014
4959,2011-08-02 00:00:00,1994-11-01 00:00:00,81.051
4960,2013-08-02 00:00:00,1994-11-01 00:00:00,75.468
4961,2014-08-01 00:00:00,1994-11-01 00:00:00,75.469
4962,2018-07-31 00:00:00,1994-11-01 00:00:00,70.957
4963,2021-07-30 00:00:00,1994-11-01 00:00:00,70.819
4964,2023-09-29 00:00:00,1994-11-01 00:00:00,66.948
4965,2000-08-01 00:00:00,1994-12-01 00:00:00,96.66
4966,2003-12-23 00:00:00,1994-12-01 00:00:00,
4967,2004-01-05 00:00:00,1994-12-01 00:00:00,90.57
4968,2004-02-02 00:00:00,1994-12-01 00:00:00,90.567
4969,2009-08-04 00:00:00,1994-12-01 00:00:00,
4970,2009-08-05 00:00:00,1994-12-01 00:00:00,81.083
4971,2011-08-02 00:00:00,1994-12-01 00:00:00,81.12
4972,2013-08-02 00:00:00,1994-12-01 00:00:00,75.518
4973,2014-08-01 00:00:00,1994-12-01 00:00:00,75.519
4974,2018-07-31 00:00:00,1994-12-01 00:00:00,71.003
4975,2021-07-30 00:00:00,1994-12-01 00:00:00,70.865
4976,2023-09-29 00:00:00,1994-12-01 00:00:00,66.991
4977,2000-08-01 00:00:00,1995-01-01 00:00:00,96.95
4978,2003-12-23 00:00:00,1995-01-01 00:00:00,
4979,2004-01-05 00:00:00,1995-01-01 00:00:00,90.76
4980,2004-02-02 00:00:00,1995-01-01 00:00:00,90.755
4981,2009-08-04 00:00:00,1995-01-01 00:00:00,81.268
4982,2011-08-02 00:00:00,1995-01-01 00:00:00,81.305
4983,2013-08-02 00:00:00,1995-01-01 00:00:00,75.666
4984,2014-08-01 00:00:00,1995-01-01 00:00:00,75.667
4985,2018-07-31 00:00:00,1995-01-01 00:00:00,71.146
4986,2021-07-30 00:00:00,1995-01-01 00:00:00,71.008
4987,2023-09-29 00:00:00,1995-01-01 00:00:00,67.127
4988,2000-08-01 00:00:00,1995-02-01 00:00:00,97.17
4989,2003-12-23 00:00:00,1995-02-01 00:00:00,
4990,2004-01-05 00:00:00,1995-02-01 00:00:00,90.91
4991,2009-08-04 00:00:00,1995-02-01 00:00:00,81.425
4992,2011-08-02 00:00:00,1995-02-01 00:00:00,81.462
4993,2013-08-02 00:00:00,1995-02-01 00:00:00,75.794
4994,2014-08-01 00:00:00,1995-02-01 00:00:00,75.795
4995,2018-07-31 00:00:00,1995-02-01 00:00:00,71.272
4996,2021-07-30 00:00:00,1995-02-01 00:00:00,71.134
4997,2023-09-29 00:00:00,1995-02-01 00:00:00,67.246
4998,2000-08-01 00:00:00,1995-03-01 00:00:00,97.34
4999,2003-12-23 00:00:00,1995-03-01 00:00:00,
5000,2004-01-05 00:00:00,1995-03-01 00:00:00,91.06
5001,2004-02-02 00:00:00,1995-03-01 00:00:00,91.061
5002,2009-08-04 00:00:00,1995-03-01 00:00:00,81.577
5003,2011-08-02 00:00:00,1995-03-01 00:00:00,81.614
5004,2013-08-02 00:00:00,1995-03-01 00:00:00,75.929
5005,2014-08-01 00:00:00,1995-03-01 00:00:00,75.931
5006,2018-07-31 00:00:00,1995-03-01 00:00:00,71.404
5007,2021-07-30 00:00:00,1995-03-01 00:00:00,71.265
5008,2023-09-29 00:00:00,1995-03-01 00:00:00,67.37
5009,2000-08-01 00:00:00,1995-04-01 00:00:00,97.58
5010,2003-12-23 00:00:00,1995-04-01 00:00:00,
5011,2004-01-05 00:00:00,1995-04-01 00:00:00,91.29
5012,2004-02-02 00:00:00,1995-04-01 00:00:00,91.292
5013,2009-08-04 00:00:00,1995-04-01 00:00:00,81.789
5014,2011-08-02 00:00:00,1995-04-01 00:00:00,81.826
5015,2013-08-02 00:00:00,1995-04-01 00:00:00,76.127
5016,2014-08-01 00:00:00,1995-04-01 00:00:00,76.128
5017,2018-07-31 00:00:00,1995-04-01 00:00:00,71.592
5018,2021-07-30 00:00:00,1995-04-01 00:00:00,71.453
5019,2023-09-29 00:00:00,1995-04-01 00:00:00,67.547
5020,2000-08-01 00:00:00,1995-05-01 00:00:00,97.73
5021,2003-12-23 00:00:00,1995-05-01 00:00:00,
5022,2004-01-05 00:00:00,1995-05-01 00:00:00,91.42
5023,2004-02-02 00:00:00,1995-05-01 00:00:00,91.421
5024,2009-08-04 00:00:00,1995-05-01 00:00:00,81.911
5025,2011-08-02 00:00:00,1995-05-01 00:00:00,81.949
5026,2013-08-02 00:00:00,1995-05-01 00:00:00,76.239
5027,2014-08-01 00:00:00,1995-05-01 00:00:00,76.24
5028,2018-07-31 00:00:00,1995-05-01 00:00:00,71.702
5029,2021-07-30 00:00:00,1995-05-01 00:00:00,71.563
5030,2023-09-29 00:00:00,1995-05-01 00:00:00,67.651
5031,2000-08-01 00:00:00,1995-06-01 00:00:00,97.83
5032,2003-12-23 00:00:00,1995-06-01 00:00:00,
5033,2004-01-05 00:00:00,1995-06-01 00:00:00,91.52
5034,2004-02-02 00:00:00,1995-06-01 00:00:00,91.523
5035,2009-08-04 00:00:00,1995-06-01 00:00:00,81.994
5036,2011-08-02 00:00:00,1995-06-01 00:00:00,82.031
5037,2013-08-02 00:00:00,1995-06-01 00:00:00,76.308
5038,2014-08-01 00:00:00,1995-06-01 00:00:00,76.309
5039,2018-07-31 00:00:00,1995-06-01 00:00:00,71.772
5040,2021-07-30 00:00:00,1995-06-01 00:00:00,71.633
5041,2023-09-29 00:00:00,1995-06-01 00:00:00,67.717
5042,2000-08-01 00:00:00,1995-07-01 00:00:00,98.0
5043,2003-12-23 00:00:00,1995-07-01 00:00:00,
5044,2004-01-05 00:00:00,1995-07-01 00:00:00,91.66
5045,2004-02-02 00:00:00,1995-07-01 00:00:00,91.657
5046,2009-08-04 00:00:00,1995-07-01 00:00:00,82.104
5047,2011-08-02 00:00:00,1995-07-01 00:00:00,82.142
5048,2013-08-02 00:00:00,1995-07-01 00:00:00,76.403
5049,2014-08-01 00:00:00,1995-07-01 00:00:00,76.404
5050,2018-07-31 00:00:00,1995-07-01 00:00:00,71.862
5051,2021-07-30 00:00:00,1995-07-01 00:00:00,71.722
5052,2023-09-29 00:00:00,1995-07-01 00:00:00,67.802
5053,2000-08-01 00:00:00,1995-08-01 00:00:00,98.2
5054,2003-12-23 00:00:00,1995-08-01 00:00:00,
5055,2004-01-05 00:00:00,1995-08-01 00:00:00,91.85
5056,2004-02-02 00:00:00,1995-08-01 00:00:00,91.845
5057,2009-08-04 00:00:00,1995-08-01 00:00:00,82.285
5058,2011-08-02 00:00:00,1995-08-01 00:00:00,82.322
5059,2013-08-02 00:00:00,1995-08-01 00:00:00,76.567
5060,2014-08-01 00:00:00,1995-08-01 00:00:00,76.568
5061,2018-07-31 00:00:00,1995-08-01 00:00:00,72.017
5062,2021-07-30 00:00:00,1995-08-01 00:00:00,71.877
5063,2023-09-29 00:00:00,1995-08-01 00:00:00,67.948
5064,2000-08-01 00:00:00,1995-09-01 00:00:00,98.28
5065,2003-12-23 00:00:00,1995-09-01 00:00:00,
5066,2004-01-05 00:00:00,1995-09-01 00:00:00,91.9
5067,2004-02-02 00:00:00,1995-09-01 00:00:00,91.901
5068,2009-08-04 00:00:00,1995-09-01 00:00:00,82.34
5069,2011-08-02 00:00:00,1995-09-01 00:00:00,82.378
5070,2013-08-02 00:00:00,1995-09-01 00:00:00,76.62
5071,2014-08-01 00:00:00,1995-09-01 00:00:00,76.621
5072,2018-07-31 00:00:00,1995-09-01 00:00:00,72.066
5073,2021-07-30 00:00:00,1995-09-01 00:00:00,71.926
5074,2023-09-29 00:00:00,1995-09-01 00:00:00,67.995
5075,2000-08-01 00:00:00,1995-10-01 00:00:00,98.49
5076,2003-12-23 00:00:00,1995-10-01 00:00:00,
5077,2004-01-05 00:00:00,1995-10-01 00:00:00,92.11
5078,2004-02-02 00:00:00,1995-10-01 00:00:00,92.111
5079,2009-08-04 00:00:00,1995-10-01 00:00:00,82.544
5080,2011-08-02 00:00:00,1995-10-01 00:00:00,82.581
5081,2013-08-02 00:00:00,1995-10-01 00:00:00,76.816
5082,2014-08-01 00:00:00,1995-10-01 00:00:00,76.818
5083,2018-07-31 00:00:00,1995-10-01 00:00:00,72.253
5084,2021-07-30 00:00:00,1995-10-01 00:00:00,72.113
5085,2023-09-29 00:00:00,1995-10-01 00:00:00,68.171
5086,2000-08-01 00:00:00,1995-11-01 00:00:00,98.53
5087,2003-12-23 00:00:00,1995-11-01 00:00:00,
5088,2004-01-05 00:00:00,1995-11-01 00:00:00,92.13
5089,2009-08-04 00:00:00,1995-11-01 00:00:00,82.544
5090,2011-08-02 00:00:00,1995-11-01 00:00:00,82.581
5091,2013-08-02 00:00:00,1995-11-01 00:00:00,76.818
5092,2014-08-01 00:00:00,1995-11-01 00:00:00,76.819
5093,2018-07-31 00:00:00,1995-11-01 00:00:00,72.251
5094,2021-07-30 00:00:00,1995-11-01 00:00:00,72.111
5095,2023-09-29 00:00:00,1995-11-01 00:00:00,68.169
5096,2000-08-01 00:00:00,1995-12-01 00:00:00,98.69
5097,2003-12-23 00:00:00,1995-12-01 00:00:00,
5098,2004-01-05 00:00:00,1995-12-01 00:00:00,92.31
5099,2004-02-02 00:00:00,1995-12-01 00:00:00,92.314
5100,2009-08-04 00:00:00,1995-12-01 00:00:00,82.711
5101,2011-08-02 00:00:00,1995-12-01 00:00:00,82.748
5102,2013-08-02 00:00:00,1995-12-01 00:00:00,76.967
5103,2014-08-01 00:00:00,1995-12-01 00:00:00,76.968
5104,2018-07-31 00:00:00,1995-12-01 00:00:00,72.39
5105,2021-07-30 00:00:00,1995-12-01 00:00:00,72.249
5106,2023-09-29 00:00:00,1995-12-01 00:00:00,68.3
5107,2000-08-01 00:00:00,1996-01-01 00:00:00,98.93
5108,2003-12-23 00:00:00,1996-01-01 00:00:00,
5109,2004-01-05 00:00:00,1996-01-01 00:00:00,92.57
5110,2004-02-02 00:00:00,1996-01-01 00:00:00,92.566
5111,2009-08-04 00:00:00,1996-01-01 00:00:00,82.911
5112,2011-08-02 00:00:00,1996-01-01 00:00:00,82.949
5113,2013-08-02 00:00:00,1996-01-01 00:00:00,77.142
5114,2014-08-01 00:00:00,1996-01-01 00:00:00,77.143
5115,2018-07-31 00:00:00,1996-01-01 00:00:00,72.551
5116,2021-07-30 00:00:00,1996-01-01 00:00:00,72.41
5117,2023-09-29 00:00:00,1996-01-01 00:00:00,68.452
5118,2000-08-01 00:00:00,1996-02-01 00:00:00,99.14
5119,2003-12-23 00:00:00,1996-02-01 00:00:00,
5120,2004-01-05 00:00:00,1996-02-01 00:00:00,92.73
5121,2004-02-02 00:00:00,1996-02-01 00:00:00,92.726
5122,2009-08-04 00:00:00,1996-02-01 00:00:00,83.047
5123,2011-08-02 00:00:00,1996-02-01 00:00:00,83.085
5124,2013-08-02 00:00:00,1996-02-01 00:00:00,77.261
5125,2014-08-01 00:00:00,1996-02-01 00:00:00,77.263
5126,2018-07-31 00:00:00,1996-02-01 00:00:00,72.665
5127,2021-07-30 00:00:00,1996-02-01 00:00:00,72.524
5128,2023-09-29 00:00:00,1996-02-01 00:00:00,68.56
5129,2000-08-01 00:00:00,1996-03-01 00:00:00,99.41
5130,2003-12-23 00:00:00,1996-03-01 00:00:00,
5131,2004-01-05 00:00:00,1996-03-01 00:00:00,92.98
5132,2004-02-02 00:00:00,1996-03-01 00:00:00,92.984
5133,2009-08-04 00:00:00,1996-03-01 00:00:00,83.29
5134,2011-08-02 00:00:00,1996-03-01 00:00:00,83.328
5135,2013-08-02 00:00:00,1996-03-01 00:00:00,77.491
5136,2014-08-01 00:00:00,1996-03-01 00:00:00,77.492
5137,2018-07-31 00:00:00,1996-03-01 00:00:00,72.884
5138,2021-07-30 00:00:00,1996-03-01 00:00:00,72.743
5139,2023-09-29 00:00:00,1996-03-01 00:00:00,68.767
5140,2000-08-01 00:00:00,1996-04-01 00:00:00,99.68
5141,2003-12-23 00:00:00,1996-04-01 00:00:00,
5142,2004-01-05 00:00:00,1996-04-01 00:00:00,93.25
5143,2004-02-02 00:00:00,1996-04-01 00:00:00,93.246
5144,2009-08-04 00:00:00,1996-04-01 00:00:00,83.529
5145,2011-08-02 00:00:00,1996-04-01 00:00:00,83.567
5146,2013-08-02 00:00:00,1996-04-01 00:00:00,77.72
5147,2014-08-01 00:00:00,1996-04-01 00:00:00,77.721
5148,2018-07-31 00:00:00,1996-04-01 00:00:00,73.103
5149,2021-07-30 00:00:00,1996-04-01 00:00:00,72.961
5150,2023-09-29 00:00:00,1996-04-01 00:00:00,68.973
5151,2000-08-01 00:00:00,1996-05-01 00:00:00,99.83
5152,2003-12-23 00:00:00,1996-05-01 00:00:00,
5153,2004-01-05 00:00:00,1996-05-01 00:00:00,93.41
5154,2009-08-04 00:00:00,1996-05-01 00:00:00,83.668
5155,2011-08-02 00:00:00,1996-05-01 00:00:00,83.706
5156,2013-08-02 00:00:00,1996-05-01 00:00:00,77.853
5157,2014-08-01 00:00:00,1996-05-01 00:00:00,77.854
5158,2018-07-31 00:00:00,1996-05-01 00:00:00,73.229
5159,2021-07-30 00:00:00,1996-05-01 00:00:00,73.087
5160,2023-09-29 00:00:00,1996-05-01 00:00:00,69.092
5161,2000-08-01 00:00:00,1996-06-01 00:00:00,99.85
5162,2003-12-23 00:00:00,1996-06-01 00:00:00,
5163,2004-01-05 00:00:00,1996-06-01 00:00:00,93.4
5164,2004-02-02 00:00:00,1996-06-01 00:00:00,93.401
5165,2009-08-04 00:00:00,1996-06-01 00:00:00,83.674
5166,2011-08-02 00:00:00,1996-06-01 00:00:00,83.712
5167,2013-08-02 00:00:00,1996-06-01 00:00:00,77.853
5168,2014-08-01 00:00:00,1996-06-01 00:00:00,77.854
5169,2018-07-31 00:00:00,1996-06-01 00:00:00,73.228
5170,2021-07-30 00:00:00,1996-06-01 00:00:00,73.086
5171,2023-09-29 00:00:00,1996-06-01 00:00:00,69.091
5172,2000-08-01 00:00:00,1996-07-01 00:00:00,100.06
5173,2003-12-23 00:00:00,1996-07-01 00:00:00,
5174,2004-01-05 00:00:00,1996-07-01 00:00:00,93.59
5175,2004-02-02 00:00:00,1996-07-01 00:00:00,93.586
5176,2009-08-04 00:00:00,1996-07-01 00:00:00,83.868
5177,2011-08-02 00:00:00,1996-07-01 00:00:00,83.906
5178,2013-08-02 00:00:00,1996-07-01 00:00:00,78.019
5179,2014-08-01 00:00:00,1996-07-01 00:00:00,78.02
5180,2018-07-31 00:00:00,1996-07-01 00:00:00,73.383
5181,2021-07-30 00:00:00,1996-07-01 00:00:00,73.241
5182,2023-09-29 00:00:00,1996-07-01 00:00:00,69.237
5183,2000-08-01 00:00:00,1996-08-01 00:00:00,100.14
5184,2003-12-23 00:00:00,1996-08-01 00:00:00,
5185,2004-01-05 00:00:00,1996-08-01 00:00:00,93.67
5186,2004-02-02 00:00:00,1996-08-01 00:00:00,93.674
5187,2009-08-04 00:00:00,1996-08-01 00:00:00,83.96
5188,2011-08-02 00:00:00,1996-08-01 00:00:00,83.998
5189,2013-08-02 00:00:00,1996-08-01 00:00:00,78.095
5190,2014-08-01 00:00:00,1996-08-01 00:00:00,78.097
5191,2018-07-31 00:00:00,1996-08-01 00:00:00,73.453
5192,2021-07-30 00:00:00,1996-08-01 00:00:00,73.31
5193,2023-09-29 00:00:00,1996-08-01 00:00:00,69.303
5194,2000-08-01 00:00:00,1996-09-01 00:00:00,100.35
5195,2003-12-23 00:00:00,1996-09-01 00:00:00,
5196,2004-01-05 00:00:00,1996-09-01 00:00:00,93.92
5197,2004-02-02 00:00:00,1996-09-01 00:00:00,93.916
5198,2009-08-04 00:00:00,1996-09-01 00:00:00,84.193
5199,2011-08-02 00:00:00,1996-09-01 00:00:00,84.231
5200,2013-08-02 00:00:00,1996-09-01 00:00:00,78.309
5201,2014-08-01 00:00:00,1996-09-01 00:00:00,78.31
5202,2018-07-31 00:00:00,1996-09-01 00:00:00,73.66
5203,2021-07-30 00:00:00,1996-09-01 00:00:00,73.517
5204,2023-09-29 00:00:00,1996-09-01 00:00:00,69.499
5205,2000-08-01 00:00:00,1996-10-01 00:00:00,100.68
5206,2003-12-23 00:00:00,1996-10-01 00:00:00,
5207,2004-01-05 00:00:00,1996-10-01 00:00:00,94.19
5208,2004-02-02 00:00:00,1996-10-01 00:00:00,94.185
5209,2009-08-04 00:00:00,1996-10-01 00:00:00,84.441
5210,2011-08-02 00:00:00,1996-10-01 00:00:00,84.479
5211,2013-08-02 00:00:00,1996-10-01 00:00:00,78.543
5212,2014-08-01 00:00:00,1996-10-01 00:00:00,78.544
5213,2018-07-31 00:00:00,1996-10-01 00:00:00,73.883
5214,2021-07-30 00:00:00,1996-10-01 00:00:00,73.74
5215,2023-09-29 00:00:00,1996-10-01 00:00:00,69.709
5216,2000-08-01 00:00:00,1996-11-01 00:00:00,100.89
5217,2003-12-23 00:00:00,1996-11-01 00:00:00,
5218,2004-01-05 00:00:00,1996-11-01 00:00:00,94.37
5219,2004-02-02 00:00:00,1996-11-01 00:00:00,94.367
5220,2009-08-04 00:00:00,1996-11-01 00:00:00,84.604
5221,2011-08-02 00:00:00,1996-11-01 00:00:00,84.643
5222,2013-08-02 00:00:00,1996-11-01 00:00:00,78.688
5223,2014-08-01 00:00:00,1996-11-01 00:00:00,78.689
5224,2018-07-31 00:00:00,1996-11-01 00:00:00,74.015
5225,2021-07-30 00:00:00,1996-11-01 00:00:00,73.871
5226,2023-09-29 00:00:00,1996-11-01 00:00:00,69.833
5227,2000-08-01 00:00:00,1996-12-01 00:00:00,101.06
5228,2003-12-23 00:00:00,1996-12-01 00:00:00,
5229,2004-01-05 00:00:00,1996-12-01 00:00:00,94.5
5230,2004-02-02 00:00:00,1996-12-01 00:00:00,94.504
5231,2009-08-04 00:00:00,1996-12-01 00:00:00,84.722
5232,2011-08-02 00:00:00,1996-12-01 00:00:00,84.761
5233,2013-08-02 00:00:00,1996-12-01 00:00:00,78.779
5234,2014-08-01 00:00:00,1996-12-01 00:00:00,78.78
5235,2018-07-31 00:00:00,1996-12-01 00:00:00,74.1
5236,2021-07-30 00:00:00,1996-12-01 00:00:00,73.956
5237,2023-09-29 00:00:00,1996-12-01 00:00:00,69.914
5238,2000-08-01 00:00:00,1997-01-01 00:00:00,101.28
5239,2003-12-23 00:00:00,1997-01-01 00:00:00,
5240,2004-01-05 00:00:00,1997-01-01 00:00:00,94.62
5241,2004-02-02 00:00:00,1997-01-01 00:00:00,94.615
5242,2009-08-04 00:00:00,1997-01-01 00:00:00,84.862
5243,2011-08-02 00:00:00,1997-01-01 00:00:00,84.901
5244,2013-08-02 00:00:00,1997-01-01 00:00:00,78.88
5245,2014-08-01 00:00:00,1997-01-01 00:00:00,78.881
5246,2018-07-31 00:00:00,1997-01-01 00:00:00,74.196
5247,2021-07-30 00:00:00,1997-01-01 00:00:00,74.052
5248,2023-09-29 00:00:00,1997-01-01 00:00:00,70.005
5249,2000-08-01 00:00:00,1997-02-01 00:00:00,101.54
5250,2003-12-23 00:00:00,1997-02-01 00:00:00,
5251,2004-01-05 00:00:00,1997-02-01 00:00:00,94.83
5252,2004-02-02 00:00:00,1997-02-01 00:00:00,94.825
5253,2009-08-04 00:00:00,1997-02-01 00:00:00,85.06
5254,2011-08-02 00:00:00,1997-02-01 00:00:00,85.098
5255,2013-08-02 00:00:00,1997-02-01 00:00:00,79.044
5256,2014-08-01 00:00:00,1997-02-01 00:00:00,79.045
5257,2018-07-31 00:00:00,1997-02-01 00:00:00,74.352
5258,2021-07-30 00:00:00,1997-02-01 00:00:00,74.208
5259,2023-09-29 00:00:00,1997-02-01 00:00:00,70.151
5260,2000-08-01 00:00:00,1997-03-01 00:00:00,101.64
5261,2003-12-23 00:00:00,1997-03-01 00:00:00,
5262,2004-01-05 00:00:00,1997-03-01 00:00:00,94.9
5263,2004-02-02 00:00:00,1997-03-01 00:00:00,94.903
5264,2009-08-04 00:00:00,1997-03-01 00:00:00,85.156
5265,2011-08-02 00:00:00,1997-03-01 00:00:00,85.195
5266,2013-08-02 00:00:00,1997-03-01 00:00:00,79.125
5267,2014-08-01 00:00:00,1997-03-01 00:00:00,79.126
5268,2018-07-31 00:00:00,1997-03-01 00:00:00,74.43
5269,2021-07-30 00:00:00,1997-03-01 00:00:00,74.286
5270,2023-09-29 00:00:00,1997-03-01 00:00:00,70.225
5271,2000-08-01 00:00:00,1997-04-01 00:00:00,101.75
5272,2003-12-23 00:00:00,1997-04-01 00:00:00,
5273,2004-01-05 00:00:00,1997-04-01 00:00:00,94.96
5274,2004-02-02 00:00:00,1997-04-01 00:00:00,94.958
5275,2009-08-04 00:00:00,1997-04-01 00:00:00,85.238
5276,2011-08-02 00:00:00,1997-04-01 00:00:00,85.277
5277,2013-08-02 00:00:00,1997-04-01 00:00:00,79.199
5278,2014-08-01 00:00:00,1997-04-01 00:00:00,79.2
5279,2018-07-31 00:00:00,1997-04-01 00:00:00,74.503
5280,2021-07-30 00:00:00,1997-04-01 00:00:00,74.359
5281,2023-09-29 00:00:00,1997-04-01 00:00:00,70.294
5282,2000-08-01 00:00:00,1997-05-01 00:00:00,101.73
5283,2003-12-23 00:00:00,1997-05-01 00:00:00,
5284,2004-01-05 00:00:00,1997-05-01 00:00:00,94.91
5285,2004-02-02 00:00:00,1997-05-01 00:00:00,94.905
5286,2009-08-04 00:00:00,1997-05-01 00:00:00,85.207
5287,2011-08-02 00:00:00,1997-05-01 00:00:00,85.246
5288,2013-08-02 00:00:00,1997-05-01 00:00:00,79.168
5289,2014-08-01 00:00:00,1997-05-01 00:00:00,79.169
5290,2018-07-31 00:00:00,1997-05-01 00:00:00,74.469
5291,2021-07-30 00:00:00,1997-05-01 00:00:00,74.324
5292,2023-09-29 00:00:00,1997-05-01 00:00:00,70.262
5293,2000-08-01 00:00:00,1997-06-01 00:00:00,101.84
5294,2003-12-23 00:00:00,1997-06-01 00:00:00,
5295,2004-01-05 00:00:00,1997-06-01 00:00:00,95.02
5296,2009-08-04 00:00:00,1997-06-01 00:00:00,85.317
5297,2011-08-02 00:00:00,1997-06-01 00:00:00,85.356
5298,2013-08-02 00:00:00,1997-06-01 00:00:00,79.267
5299,2014-08-01 00:00:00,1997-06-01 00:00:00,79.268
5300,2018-07-31 00:00:00,1997-06-01 00:00:00,74.565
5301,2021-07-30 00:00:00,1997-06-01 00:00:00,74.42
5302,2023-09-29 00:00:00,1997-06-01 00:00:00,70.352
5303,2000-08-01 00:00:00,1997-07-01 00:00:00,101.96
5304,2003-12-23 00:00:00,1997-07-01 00:00:00,
5305,2004-01-05 00:00:00,1997-07-01 00:00:00,95.08
5306,2004-02-02 00:00:00,1997-07-01 00:00:00,95.084
5307,2009-08-04 00:00:00,1997-07-01 00:00:00,85.372
5308,2011-08-02 00:00:00,1997-07-01 00:00:00,85.411
5309,2013-08-02 00:00:00,1997-07-01 00:00:00,79.311
5310,2014-08-01 00:00:00,1997-07-01 00:00:00,79.312
5311,2018-07-31 00:00:00,1997-07-01 00:00:00,74.609
5312,2021-07-30 00:00:00,1997-07-01 00:00:00,74.464
5313,2023-09-29 00:00:00,1997-07-01 00:00:00,70.394
5314,2000-08-01 00:00:00,1997-08-01 00:00:00,102.05
5315,2003-12-23 00:00:00,1997-08-01 00:00:00,
5316,2004-01-05 00:00:00,1997-08-01 00:00:00,95.17
5317,2004-02-02 00:00:00,1997-08-01 00:00:00,95.169
5318,2009-08-04 00:00:00,1997-08-01 00:00:00,85.451
5319,2011-08-02 00:00:00,1997-08-01 00:00:00,85.49
5320,2013-08-02 00:00:00,1997-08-01 00:00:00,79.375
5321,2014-08-01 00:00:00,1997-08-01 00:00:00,79.377
5322,2018-07-31 00:00:00,1997-08-01 00:00:00,74.669
5323,2021-07-30 00:00:00,1997-08-01 00:00:00,74.524
5324,2023-09-29 00:00:00,1997-08-01 00:00:00,70.45
5325,2000-08-01 00:00:00,1997-09-01 00:00:00,102.25
5326,2003-12-23 00:00:00,1997-09-01 00:00:00,
5327,2004-01-05 00:00:00,1997-09-01 00:00:00,95.4
5328,2004-02-02 00:00:00,1997-09-01 00:00:00,95.402
5329,2009-08-04 00:00:00,1997-09-01 00:00:00,85.66
5330,2011-08-02 00:00:00,1997-09-01 00:00:00,85.699
5331,2013-08-02 00:00:00,1997-09-01 00:00:00,79.556
5332,2014-08-01 00:00:00,1997-09-01 00:00:00,79.557
5333,2018-07-31 00:00:00,1997-09-01 00:00:00,74.849
5334,2021-07-30 00:00:00,1997-09-01 00:00:00,74.704
5335,2023-09-29 00:00:00,1997-09-01 00:00:00,70.62
5336,2000-08-01 00:00:00,1997-10-01 00:00:00,102.4
5337,2003-12-23 00:00:00,1997-10-01 00:00:00,
5338,2004-01-05 00:00:00,1997-10-01 00:00:00,95.5
5339,2004-02-02 00:00:00,1997-10-01 00:00:00,95.497
5340,2009-08-04 00:00:00,1997-10-01 00:00:00,85.784
5341,2011-08-02 00:00:00,1997-10-01 00:00:00,85.823
5342,2013-08-02 00:00:00,1997-10-01 00:00:00,79.658
5343,2014-08-01 00:00:00,1997-10-01 00:00:00,79.66
5344,2018-07-31 00:00:00,1997-10-01 00:00:00,74.946
5345,2021-07-30 00:00:00,1997-10-01 00:00:00,74.801
5346,2023-09-29 00:00:00,1997-10-01 00:00:00,70.712
5347,2000-08-01 00:00:00,1997-11-01 00:00:00,102.43
5348,2003-12-23 00:00:00,1997-11-01 00:00:00,
5349,2004-01-05 00:00:00,1997-11-01 00:00:00,95.54
5350,2004-02-02 00:00:00,1997-11-01 00:00:00,95.536
5351,2009-08-04 00:00:00,1997-11-01 00:00:00,85.813
5352,2011-08-02 00:00:00,1997-11-01 00:00:00,85.852
5353,2013-08-02 00:00:00,1997-11-01 00:00:00,79.669
5354,2014-08-01 00:00:00,1997-11-01 00:00:00,79.67
5355,2018-07-31 00:00:00,1997-11-01 00:00:00,74.95
5356,2021-07-30 00:00:00,1997-11-01 00:00:00,74.804
5357,2023-09-29 00:00:00,1997-11-01 00:00:00,70.716
5358,2000-08-01 00:00:00,1997-12-01 00:00:00,102.44
5359,2003-06-27 00:00:00,1997-12-01 00:00:00,102.45
5360,2003-12-23 00:00:00,1997-12-01 00:00:00,
5361,2004-01-05 00:00:00,1997-12-01 00:00:00,95.57
5362,2004-02-02 00:00:00,1997-12-01 00:00:00,95.573
5363,2009-08-04 00:00:00,1997-12-01 00:00:00,85.814
5364,2011-08-02 00:00:00,1997-12-01 00:00:00,85.853
5365,2013-08-02 00:00:00,1997-12-01 00:00:00,79.656
5366,2014-08-01 00:00:00,1997-12-01 00:00:00,79.657
5367,2018-07-31 00:00:00,1997-12-01 00:00:00,74.934
5368,2021-07-30 00:00:00,1997-12-01 00:00:00,74.788
5369,2023-09-29 00:00:00,1997-12-01 00:00:00,70.701
5370,2000-08-01 00:00:00,1998-01-01 00:00:00,102.49
5371,2001-07-31 00:00:00,1998-01-01 00:00:00,102.55
5372,2003-12-23 00:00:00,1998-01-01 00:00:00,
5373,2004-01-05 00:00:00,1998-01-01 00:00:00,95.63
5374,2004-02-02 00:00:00,1998-01-01 00:00:00,95.634
5375,2009-08-04 00:00:00,1998-01-01 00:00:00,85.862
5376,2011-08-02 00:00:00,1998-01-01 00:00:00,85.901
5377,2013-08-02 00:00:00,1998-01-01 00:00:00,79.687
5378,2014-08-01 00:00:00,1998-01-01 00:00:00,79.688
5379,2018-07-31 00:00:00,1998-01-01 00:00:00,74.971
5380,2021-07-30 00:00:00,1998-01-01 00:00:00,74.825
5381,2023-09-29 00:00:00,1998-01-01 00:00:00,70.736
5382,2000-08-01 00:00:00,1998-02-01 00:00:00,102.53
5383,2001-07-31 00:00:00,1998-02-01 00:00:00,102.59
5384,2003-12-23 00:00:00,1998-02-01 00:00:00,
5385,2004-01-05 00:00:00,1998-02-01 00:00:00,95.59
5386,2004-02-02 00:00:00,1998-02-01 00:00:00,95.593
5387,2009-08-04 00:00:00,1998-02-01 00:00:00,85.824
5388,2011-08-02 00:00:00,1998-02-01 00:00:00,85.863
5389,2013-08-02 00:00:00,1998-02-01 00:00:00,79.637
5390,2014-08-01 00:00:00,1998-02-01 00:00:00,79.639
5391,2018-07-31 00:00:00,1998-02-01 00:00:00,74.932
5392,2021-07-30 00:00:00,1998-02-01 00:00:00,74.787
5393,2023-09-29 00:00:00,1998-02-01 00:00:00,70.699
5394,2000-08-01 00:00:00,1998-03-01 00:00:00,102.55
5395,2001-07-31 00:00:00,1998-03-01 00:00:00,102.6
5396,2003-12-23 00:00:00,1998-03-01 00:00:00,
5397,2004-01-05 00:00:00,1998-03-01 00:00:00,95.6
5398,2004-02-02 00:00:00,1998-03-01 00:00:00,95.602
5399,2009-08-04 00:00:00,1998-03-01 00:00:00,85.847
5400,2011-08-02 00:00:00,1998-03-01 00:00:00,85.886
5401,2013-08-02 00:00:00,1998-03-01 00:00:00,79.644
5402,2014-08-01 00:00:00,1998-03-01 00:00:00,79.645
5403,2018-07-31 00:00:00,1998-03-01 00:00:00,74.944
5404,2021-07-30 00:00:00,1998-03-01 00:00:00,74.799
5405,2023-09-29 00:00:00,1998-03-01 00:00:00,70.71
5406,2000-08-01 00:00:00,1998-04-01 00:00:00,102.74
5407,2001-07-31 00:00:00,1998-04-01 00:00:00,102.76
5408,2003-12-23 00:00:00,1998-04-01 00:00:00,
5409,2004-01-05 00:00:00,1998-04-01 00:00:00,95.71
5410,2004-02-02 00:00:00,1998-04-01 00:00:00,95.707
5411,2009-08-04 00:00:00,1998-04-01 00:00:00,85.976
5412,2011-08-02 00:00:00,1998-04-01 00:00:00,86.015
5413,2013-08-02 00:00:00,1998-04-01 00:00:00,79.745
5414,2014-08-01 00:00:00,1998-04-01 00:00:00,79.746
5415,2018-07-31 00:00:00,1998-04-01 00:00:00,75.037
5416,2021-07-30 00:00:00,1998-04-01 00:00:00,74.891
5417,2023-09-29 00:00:00,1998-04-01 00:00:00,70.798
5418,2000-08-01 00:00:00,1998-05-01 00:00:00,102.87
5419,2001-07-31 00:00:00,1998-05-01 00:00:00,102.88
5420,2003-12-23 00:00:00,1998-05-01 00:00:00,
5421,2004-01-05 00:00:00,1998-05-01 00:00:00,95.85
5422,2004-02-02 00:00:00,1998-05-01 00:00:00,95.852
5423,2009-08-04 00:00:00,1998-05-01 00:00:00,86.11
5424,2011-08-02 00:00:00,1998-05-01 00:00:00,86.149
5425,2013-08-02 00:00:00,1998-05-01 00:00:00,79.857
5426,2014-08-01 00:00:00,1998-05-01 00:00:00,79.858
5427,2018-07-31 00:00:00,1998-05-01 00:00:00,75.14
5428,2021-07-30 00:00:00,1998-05-01 00:00:00,74.994
5429,2023-09-29 00:00:00,1998-05-01 00:00:00,70.895
5430,2000-08-01 00:00:00,1998-06-01 00:00:00,102.89
5431,2001-07-31 00:00:00,1998-06-01 00:00:00,102.86
5432,2003-12-23 00:00:00,1998-06-01 00:00:00,
5433,2004-01-05 00:00:00,1998-06-01 00:00:00,95.76
5434,2004-02-02 00:00:00,1998-06-01 00:00:00,95.755
5435,2009-08-04 00:00:00,1998-06-01 00:00:00,86.05
5436,2011-08-02 00:00:00,1998-06-01 00:00:00,86.09
5437,2013-08-02 00:00:00,1998-06-01 00:00:00,79.792
5438,2014-08-01 00:00:00,1998-06-01 00:00:00,79.794
5439,2018-07-31 00:00:00,1998-06-01 00:00:00,75.076
5440,2021-07-30 00:00:00,1998-06-01 00:00:00,74.931
5441,2023-09-29 00:00:00,1998-06-01 00:00:00,70.835
5442,2000-08-01 00:00:00,1998-07-01 00:00:00,103.1
5443,2001-07-31 00:00:00,1998-07-01 00:00:00,103.08
5444,2003-12-23 00:00:00,1998-07-01 00:00:00,
5445,2004-01-05 00:00:00,1998-07-01 00:00:00,96.0
5446,2004-02-02 00:00:00,1998-07-01 00:00:00,95.997
5447,2009-08-04 00:00:00,1998-07-01 00:00:00,86.263
5448,2011-08-02 00:00:00,1998-07-01 00:00:00,86.302
5449,2013-08-02 00:00:00,1998-07-01 00:00:00,79.984
5450,2014-08-01 00:00:00,1998-07-01 00:00:00,79.986
5451,2018-07-31 00:00:00,1998-07-01 00:00:00,75.262
5452,2021-07-30 00:00:00,1998-07-01 00:00:00,75.116
5453,2023-09-29 00:00:00,1998-07-01 00:00:00,71.01
5454,2000-08-01 00:00:00,1998-08-01 00:00:00,103.24
5455,2001-07-31 00:00:00,1998-08-01 00:00:00,103.23
5456,2003-12-23 00:00:00,1998-08-01 00:00:00,
5457,2004-01-05 00:00:00,1998-08-01 00:00:00,96.15
5458,2004-02-02 00:00:00,1998-08-01 00:00:00,96.147
5459,2009-08-04 00:00:00,1998-08-01 00:00:00,86.39
5460,2011-08-02 00:00:00,1998-08-01 00:00:00,86.429
5461,2013-08-02 00:00:00,1998-08-01 00:00:00,80.093
5462,2014-08-01 00:00:00,1998-08-01 00:00:00,80.095
5463,2018-07-31 00:00:00,1998-08-01 00:00:00,75.366
5464,2021-07-30 00:00:00,1998-08-01 00:00:00,75.22
5465,2023-09-29 00:00:00,1998-08-01 00:00:00,71.108
5466,2000-08-01 00:00:00,1998-09-01 00:00:00,103.26
5467,2001-07-31 00:00:00,1998-09-01 00:00:00,103.23
5468,2003-12-23 00:00:00,1998-09-01 00:00:00,
5469,2004-01-05 00:00:00,1998-09-01 00:00:00,96.12
5470,2004-02-02 00:00:00,1998-09-01 00:00:00,96.121
5471,2009-08-04 00:00:00,1998-09-01 00:00:00,86.349
5472,2011-08-02 00:00:00,1998-09-01 00:00:00,86.388
5473,2013-08-02 00:00:00,1998-09-01 00:00:00,80.043
5474,2014-08-01 00:00:00,1998-09-01 00:00:00,80.044
5475,2018-07-31 00:00:00,1998-09-01 00:00:00,75.322
5476,2021-07-30 00:00:00,1998-09-01 00:00:00,75.176
5477,2023-09-29 00:00:00,1998-09-01 00:00:00,71.067
5478,2000-08-01 00:00:00,1998-10-01 00:00:00,103.47
5479,2003-12-23 00:00:00,1998-10-01 00:00:00,
5480,2004-01-05 00:00:00,1998-10-01 00:00:00,96.39
5481,2009-08-04 00:00:00,1998-10-01 00:00:00,86.55
5482,2011-08-02 00:00:00,1998-10-01 00:00:00,86.59
5483,2013-08-02 00:00:00,1998-10-01 00:00:00,80.214
5484,2014-08-01 00:00:00,1998-10-01 00:00:00,80.215
5485,2018-07-31 00:00:00,1998-10-01 00:00:00,75.487
5486,2021-07-30 00:00:00,1998-10-01 00:00:00,75.341
5487,2023-09-29 00:00:00,1998-10-01 00:00:00,71.223
5488,2000-08-01 00:00:00,1998-11-01 00:00:00,103.55
5489,2001-07-31 00:00:00,1998-11-01 00:00:00,103.53
5490,2003-12-23 00:00:00,1998-11-01 00:00:00,
5491,2004-01-05 00:00:00,1998-11-01 00:00:00,96.41
5492,2004-02-02 00:00:00,1998-11-01 00:00:00,96.411
5493,2009-08-04 00:00:00,1998-11-01 00:00:00,86.572
5494,2011-08-02 00:00:00,1998-11-01 00:00:00,86.611
5495,2013-08-02 00:00:00,1998-11-01 00:00:00,80.216
5496,2014-08-01 00:00:00,1998-11-01 00:00:00,80.217
5497,2018-07-31 00:00:00,1998-11-01 00:00:00,75.491
5498,2021-07-30 00:00:00,1998-11-01 00:00:00,75.345
5499,2023-09-29 00:00:00,1998-11-01 00:00:00,71.226
5500,2000-08-01 00:00:00,1998-12-01 00:00:00,103.71
5501,2001-07-31 00:00:00,1998-12-01 00:00:00,103.62
5502,2003-12-23 00:00:00,1998-12-01 00:00:00,
5503,2004-01-05 00:00:00,1998-12-01 00:00:00,96.53
5504,2004-02-02 00:00:00,1998-12-01 00:00:00,96.529
5505,2009-08-04 00:00:00,1998-12-01 00:00:00,86.684
5506,2011-08-02 00:00:00,1998-12-01 00:00:00,86.723
5507,2013-08-02 00:00:00,1998-12-01 00:00:00,80.301
5508,2014-08-01 00:00:00,1998-12-01 00:00:00,80.302
5509,2018-07-31 00:00:00,1998-12-01 00:00:00,75.567
5510,2021-07-30 00:00:00,1998-12-01 00:00:00,75.42
5511,2023-09-29 00:00:00,1998-12-01 00:00:00,71.298
5512,2000-08-01 00:00:00,1999-01-01 00:00:00,103.98
5513,2001-07-31 00:00:00,1999-01-01 00:00:00,103.86
5514,2002-08-02 00:00:00,1999-01-01 00:00:00,103.88
5515,2003-12-23 00:00:00,1999-01-01 00:00:00,
5516,2004-01-05 00:00:00,1999-01-01 00:00:00,96.68
5517,2004-02-02 00:00:00,1999-01-01 00:00:00,96.679
5518,2009-08-04 00:00:00,1999-01-01 00:00:00,86.855
5519,2011-08-02 00:00:00,1999-01-01 00:00:00,86.894
5520,2013-08-02 00:00:00,1999-01-01 00:00:00,80.448
5521,2018-07-31 00:00:00,1999-01-01 00:00:00,75.705
5522,2021-07-30 00:00:00,1999-01-01 00:00:00,75.527
5523,2023-09-29 00:00:00,1999-01-01 00:00:00,71.398
5524,2000-08-01 00:00:00,1999-02-01 00:00:00,104.02
5525,2001-07-31 00:00:00,1999-02-01 00:00:00,103.88
5526,2002-08-02 00:00:00,1999-02-01 00:00:00,103.83
5527,2003-12-23 00:00:00,1999-02-01 00:00:00,
5528,2004-01-05 00:00:00,1999-02-01 00:00:00,96.66
5529,2009-08-04 00:00:00,1999-02-01 00:00:00,86.848
5530,2011-08-02 00:00:00,1999-02-01 00:00:00,86.888
5531,2013-08-02 00:00:00,1999-02-01 00:00:00,80.428
5532,2018-07-31 00:00:00,1999-02-01 00:00:00,75.687
5533,2021-07-30 00:00:00,1999-02-01 00:00:00,75.484
5534,2023-09-29 00:00:00,1999-02-01 00:00:00,71.358
5535,2000-08-01 00:00:00,1999-03-01 00:00:00,104.06
5536,2001-07-31 00:00:00,1999-03-01 00:00:00,103.9
5537,2002-08-02 00:00:00,1999-03-01 00:00:00,103.86
5538,2003-12-23 00:00:00,1999-03-01 00:00:00,
5539,2004-01-05 00:00:00,1999-03-01 00:00:00,96.72
5540,2004-02-02 00:00:00,1999-03-01 00:00:00,96.723
5541,2009-08-04 00:00:00,1999-03-01 00:00:00,86.921
5542,2011-08-02 00:00:00,1999-03-01 00:00:00,86.961
5543,2013-08-02 00:00:00,1999-03-01 00:00:00,80.483
5544,2014-08-01 00:00:00,1999-03-01 00:00:00,80.484
5545,2018-07-31 00:00:00,1999-03-01 00:00:00,75.746
5546,2021-07-30 00:00:00,1999-03-01 00:00:00,75.541
5547,2023-09-29 00:00:00,1999-03-01 00:00:00,71.412
5548,2000-08-01 00:00:00,1999-04-01 00:00:00,104.6
5549,2001-07-31 00:00:00,1999-04-01 00:00:00,104.4
5550,2002-08-02 00:00:00,1999-04-01 00:00:00,104.39
5551,2003-12-23 00:00:00,1999-04-01 00:00:00,
5552,2004-01-05 00:00:00,1999-04-01 00:00:00,97.23
5553,2004-02-02 00:00:00,1999-04-01 00:00:00,97.231
5554,2009-08-04 00:00:00,1999-04-01 00:00:00,87.334
5555,2011-08-02 00:00:00,1999-04-01 00:00:00,87.374
5556,2013-08-02 00:00:00,1999-04-01 00:00:00,80.855
5557,2014-08-01 00:00:00,1999-04-01 00:00:00,80.856
5558,2018-07-31 00:00:00,1999-04-01 00:00:00,76.096
5559,2021-07-30 00:00:00,1999-04-01 00:00:00,75.906
5560,2023-09-29 00:00:00,1999-04-01 00:00:00,71.757
5561,2000-08-01 00:00:00,1999-05-01 00:00:00,104.6
5562,2001-07-31 00:00:00,1999-05-01 00:00:00,104.39
5563,2002-08-02 00:00:00,1999-05-01 00:00:00,104.44
5564,2003-12-23 00:00:00,1999-05-01 00:00:00,
5565,2004-01-05 00:00:00,1999-05-01 00:00:00,97.34
5566,2004-02-02 00:00:00,1999-05-01 00:00:00,97.342
5567,2009-08-04 00:00:00,1999-05-01 00:00:00,87.377
5568,2011-08-02 00:00:00,1999-05-01 00:00:00,87.417
5569,2013-08-02 00:00:00,1999-05-01 00:00:00,80.888
5570,2014-08-01 00:00:00,1999-05-01 00:00:00,80.889
5571,2018-07-31 00:00:00,1999-05-01 00:00:00,76.134
5572,2021-07-30 00:00:00,1999-05-01 00:00:00,75.955
5573,2023-09-29 00:00:00,1999-05-01 00:00:00,71.804
5574,2000-08-01 00:00:00,1999-06-01 00:00:00,104.62
5575,2001-07-31 00:00:00,1999-06-01 00:00:00,104.43
5576,2002-08-02 00:00:00,1999-06-01 00:00:00,104.49
5577,2003-12-23 00:00:00,1999-06-01 00:00:00,
5578,2004-01-05 00:00:00,1999-06-01 00:00:00,97.39
5579,2004-02-02 00:00:00,1999-06-01 00:00:00,97.385
5580,2009-08-04 00:00:00,1999-06-01 00:00:00,87.4
5581,2011-08-02 00:00:00,1999-06-01 00:00:00,87.44
5582,2013-08-02 00:00:00,1999-06-01 00:00:00,80.905
5583,2014-08-01 00:00:00,1999-06-01 00:00:00,80.906
5584,2018-07-31 00:00:00,1999-06-01 00:00:00,76.15
5585,2021-07-30 00:00:00,1999-06-01 00:00:00,75.979
5586,2023-09-29 00:00:00,1999-06-01 00:00:00,71.826
5587,2000-08-01 00:00:00,1999-07-01 00:00:00,104.86
5588,2001-07-31 00:00:00,1999-07-01 00:00:00,104.72
5589,2002-08-02 00:00:00,1999-07-01 00:00:00,104.73
5590,2003-12-23 00:00:00,1999-07-01 00:00:00,
5591,2004-01-05 00:00:00,1999-07-01 00:00:00,97.62
5592,2004-02-02 00:00:00,1999-07-01 00:00:00,97.624
5593,2009-08-04 00:00:00,1999-07-01 00:00:00,87.633
5594,2011-08-02 00:00:00,1999-07-01 00:00:00,87.673
5595,2013-08-02 00:00:00,1999-07-01 00:00:00,81.119
5596,2014-08-01 00:00:00,1999-07-01 00:00:00,81.12
5597,2018-07-31 00:00:00,1999-07-01 00:00:00,76.352
5598,2021-07-30 00:00:00,1999-07-01 00:00:00,76.181
5599,2023-09-29 00:00:00,1999-07-01 00:00:00,72.017
5600,2000-08-01 00:00:00,1999-08-01 00:00:00,105.04
5601,2001-07-31 00:00:00,1999-08-01 00:00:00,104.93
5602,2002-08-02 00:00:00,1999-08-01 00:00:00,104.96
5603,2003-12-23 00:00:00,1999-08-01 00:00:00,
5604,2004-01-05 00:00:00,1999-08-01 00:00:00,97.8
5605,2004-02-02 00:00:00,1999-08-01 00:00:00,97.795
5606,2009-08-04 00:00:00,1999-08-01 00:00:00,87.781
5607,2011-08-02 00:00:00,1999-08-01 00:00:00,87.821
5608,2013-08-02 00:00:00,1999-08-01 00:00:00,81.262
5609,2014-08-01 00:00:00,1999-08-01 00:00:00,81.263
5610,2018-07-31 00:00:00,1999-08-01 00:00:00,76.486
5611,2021-07-30 00:00:00,1999-08-01 00:00:00,76.319
5612,2023-09-29 00:00:00,1999-08-01 00:00:00,72.148
5613,2000-08-01 00:00:00,1999-09-01 00:00:00,105.4
5614,2001-07-31 00:00:00,1999-09-01 00:00:00,105.3
5615,2002-08-02 00:00:00,1999-09-01 00:00:00,105.31
5616,2003-12-23 00:00:00,1999-09-01 00:00:00,
5617,2004-01-05 00:00:00,1999-09-01 00:00:00,98.15
5618,2004-02-02 00:00:00,1999-09-01 00:00:00,98.146
5619,2009-08-04 00:00:00,1999-09-01 00:00:00,88.07
5620,2011-08-02 00:00:00,1999-09-01 00:00:00,88.11
5621,2013-08-02 00:00:00,1999-09-01 00:00:00,81.546
5622,2014-08-01 00:00:00,1999-09-01 00:00:00,81.547
5623,2018-07-31 00:00:00,1999-09-01 00:00:00,76.754
5624,2021-07-30 00:00:00,1999-09-01 00:00:00,76.593
5625,2023-09-29 00:00:00,1999-09-01 00:00:00,72.407
5626,2000-08-01 00:00:00,1999-10-01 00:00:00,105.57
5627,2001-07-31 00:00:00,1999-10-01 00:00:00,105.48
5628,2002-08-02 00:00:00,1999-10-01 00:00:00,105.5
5629,2003-12-23 00:00:00,1999-10-01 00:00:00,
5630,2004-01-05 00:00:00,1999-10-01 00:00:00,98.29
5631,2004-02-02 00:00:00,1999-10-01 00:00:00,98.292
5632,2009-08-04 00:00:00,1999-10-01 00:00:00,88.187
5633,2011-08-02 00:00:00,1999-10-01 00:00:00,88.227
5634,2013-08-02 00:00:00,1999-10-01 00:00:00,81.676
5635,2014-08-01 00:00:00,1999-10-01 00:00:00,81.677
5636,2018-07-31 00:00:00,1999-10-01 00:00:00,76.876
5637,2021-07-30 00:00:00,1999-10-01 00:00:00,76.723
5638,2023-09-29 00:00:00,1999-10-01 00:00:00,72.529
5639,2000-08-01 00:00:00,1999-11-01 00:00:00,105.63
5640,2001-07-31 00:00:00,1999-11-01 00:00:00,105.57
5641,2003-12-23 00:00:00,1999-11-01 00:00:00,
5642,2004-01-05 00:00:00,1999-11-01 00:00:00,98.38
5643,2004-02-02 00:00:00,1999-11-01 00:00:00,98.379
5644,2009-08-04 00:00:00,1999-11-01 00:00:00,88.258
5645,2011-08-02 00:00:00,1999-11-01 00:00:00,88.298
5646,2013-08-02 00:00:00,1999-11-01 00:00:00,81.749
5647,2018-07-31 00:00:00,1999-11-01 00:00:00,76.943
5648,2021-07-30 00:00:00,1999-11-01 00:00:00,76.792
5649,2023-09-29 00:00:00,1999-11-01 00:00:00,72.594
5650,2000-08-01 00:00:00,1999-12-01 00:00:00,105.8
5651,2003-12-23 00:00:00,1999-12-01 00:00:00,
5652,2004-01-05 00:00:00,1999-12-01 00:00:00,98.64
5653,2004-02-02 00:00:00,1999-12-01 00:00:00,98.642
5654,2009-08-04 00:00:00,1999-12-01 00:00:00,88.488
5655,2011-08-02 00:00:00,1999-12-01 00:00:00,88.528
5656,2013-08-02 00:00:00,1999-12-01 00:00:00,81.951
5657,2018-07-31 00:00:00,1999-12-01 00:00:00,77.128
5658,2021-07-30 00:00:00,1999-12-01 00:00:00,76.97
5659,2023-09-29 00:00:00,1999-12-01 00:00:00,72.763
5660,2000-08-01 00:00:00,2000-01-01 00:00:00,106.1
5661,2001-07-31 00:00:00,2000-01-01 00:00:00,106.2
5662,2002-08-02 00:00:00,2000-01-01 00:00:00,106.1
5663,2003-12-23 00:00:00,2000-01-01 00:00:00,
5664,2004-01-05 00:00:00,2000-01-01 00:00:00,98.97
5665,2004-02-02 00:00:00,2000-01-01 00:00:00,98.968
5666,2009-08-04 00:00:00,2000-01-01 00:00:00,88.769
5667,2011-08-02 00:00:00,2000-01-01 00:00:00,88.809
5668,2013-08-02 00:00:00,2000-01-01 00:00:00,82.185
5669,2014-08-01 00:00:00,2000-01-01 00:00:00,82.186
5670,2018-07-31 00:00:00,2000-01-01 00:00:00,77.348
5671,2021-07-30 00:00:00,2000-01-01 00:00:00,77.18
5672,2023-09-29 00:00:00,2000-01-01 00:00:00,72.961
5673,2000-08-01 00:00:00,2000-02-01 00:00:00,106.59
5674,2001-07-31 00:00:00,2000-02-01 00:00:00,106.64
5675,2002-08-02 00:00:00,2000-02-01 00:00:00,106.49
5676,2003-12-23 00:00:00,2000-02-01 00:00:00,
5677,2004-01-05 00:00:00,2000-02-01 00:00:00,99.26
5678,2004-02-02 00:00:00,2000-02-01 00:00:00,99.264
5679,2009-08-04 00:00:00,2000-02-01 00:00:00,89.07
5680,2011-08-02 00:00:00,2000-02-01 00:00:00,89.111
5681,2013-08-02 00:00:00,2000-02-01 00:00:00,82.444
5682,2014-08-01 00:00:00,2000-02-01 00:00:00,82.445
5683,2018-07-31 00:00:00,2000-02-01 00:00:00,77.597
5684,2021-07-30 00:00:00,2000-02-01 00:00:00,77.422
5685,2023-09-29 00:00:00,2000-02-01 00:00:00,73.191
5686,2000-08-01 00:00:00,2000-03-01 00:00:00,107.05
5687,2001-07-31 00:00:00,2000-03-01 00:00:00,107.12
5688,2002-08-02 00:00:00,2000-03-01 00:00:00,106.96
5689,2003-12-23 00:00:00,2000-03-01 00:00:00,
5690,2004-01-05 00:00:00,2000-03-01 00:00:00,99.66
5691,2004-02-02 00:00:00,2000-03-01 00:00:00,99.657
5692,2009-08-04 00:00:00,2000-03-01 00:00:00,89.458
5693,2011-08-02 00:00:00,2000-03-01 00:00:00,89.499
5694,2013-08-02 00:00:00,2000-03-01 00:00:00,82.795
5695,2014-08-01 00:00:00,2000-03-01 00:00:00,82.797
5696,2018-07-31 00:00:00,2000-03-01 00:00:00,77.928
5697,2021-07-30 00:00:00,2000-03-01 00:00:00,77.755
5698,2023-09-29 00:00:00,2000-03-01 00:00:00,73.505
5699,2000-08-01 00:00:00,2000-04-01 00:00:00,107.08
5700,2000-09-29 00:00:00,2000-04-01 00:00:00,107.05
5701,2001-07-31 00:00:00,2000-04-01 00:00:00,107.08
5702,2002-08-02 00:00:00,2000-04-01 00:00:00,107.0
5703,2003-12-23 00:00:00,2000-04-01 00:00:00,
5704,2004-01-05 00:00:00,2000-04-01 00:00:00,99.64
5705,2004-02-02 00:00:00,2000-04-01 00:00:00,99.643
5706,2009-08-04 00:00:00,2000-04-01 00:00:00,89.362
5707,2011-08-02 00:00:00,2000-04-01 00:00:00,89.402
5708,2013-08-02 00:00:00,2000-04-01 00:00:00,82.717
5709,2014-08-01 00:00:00,2000-04-01 00:00:00,82.72
5710,2018-07-31 00:00:00,2000-04-01 00:00:00,77.851
5711,2021-07-30 00:00:00,2000-04-01 00:00:00,77.69
5712,2023-09-29 00:00:00,2000-04-01 00:00:00,73.444
5713,2000-08-01 00:00:00,2000-05-01 00:00:00,107.1
5714,2000-08-28 00:00:00,2000-05-01 00:00:00,107.09
5715,2000-09-29 00:00:00,2000-05-01 00:00:00,107.02
5716,2001-07-31 00:00:00,2000-05-01 00:00:00,107.1
5717,2002-08-02 00:00:00,2000-05-01 00:00:00,107.01
5718,2003-12-23 00:00:00,2000-05-01 00:00:00,
5719,2004-01-05 00:00:00,2000-05-01 00:00:00,99.7
5720,2004-02-02 00:00:00,2000-05-01 00:00:00,99.698
5721,2009-08-04 00:00:00,2000-05-01 00:00:00,89.416
5722,2011-08-02 00:00:00,2000-05-01 00:00:00,89.456
5723,2013-08-02 00:00:00,2000-05-01 00:00:00,82.781
5724,2014-08-01 00:00:00,2000-05-01 00:00:00,82.784
5725,2018-07-31 00:00:00,2000-05-01 00:00:00,77.906
5726,2021-07-30 00:00:00,2000-05-01 00:00:00,77.755
5727,2023-09-29 00:00:00,2000-05-01 00:00:00,73.505
5728,2000-08-01 00:00:00,2000-06-01 00:00:00,107.39
5729,2000-08-28 00:00:00,2000-06-01 00:00:00,107.38
5730,2000-09-29 00:00:00,2000-06-01 00:00:00,107.31
5731,2001-07-31 00:00:00,2000-06-01 00:00:00,107.45
5732,2002-08-02 00:00:00,2000-06-01 00:00:00,107.33
5733,2003-12-23 00:00:00,2000-06-01 00:00:00,
5734,2004-01-05 00:00:00,2000-06-01 00:00:00,99.99
5735,2004-02-02 00:00:00,2000-06-01 00:00:00,99.991
5736,2009-08-04 00:00:00,2000-06-01 00:00:00,89.699
5737,2011-08-02 00:00:00,2000-06-01 00:00:00,89.74
5738,2013-08-02 00:00:00,2000-06-01 00:00:00,83.053
5739,2014-08-01 00:00:00,2000-06-01 00:00:00,83.056
5740,2018-07-31 00:00:00,2000-06-01 00:00:00,78.161
5741,2021-07-30 00:00:00,2000-06-01 00:00:00,78.019
5742,2023-09-29 00:00:00,2000-06-01 00:00:00,73.754
5743,2000-08-28 00:00:00,2000-07-01 00:00:00,107.6
5744,2000-09-29 00:00:00,2000-07-01 00:00:00,107.56
5745,2000-12-22 00:00:00,2000-07-01 00:00:00,107.58
5746,2001-07-31 00:00:00,2000-07-01 00:00:00,107.72
5747,2002-08-02 00:00:00,2000-07-01 00:00:00,107.53
5748,2003-12-23 00:00:00,2000-07-01 00:00:00,
5749,2004-01-05 00:00:00,2000-07-01 00:00:00,100.16
5750,2004-02-02 00:00:00,2000-07-01 00:00:00,100.163
5751,2009-08-04 00:00:00,2000-07-01 00:00:00,89.9
5752,2011-08-02 00:00:00,2000-07-01 00:00:00,89.941
5753,2013-08-02 00:00:00,2000-07-01 00:00:00,83.252
5754,2014-08-01 00:00:00,2000-07-01 00:00:00,83.256
5755,2018-07-31 00:00:00,2000-07-01 00:00:00,78.349
5756,2021-07-30 00:00:00,2000-07-01 00:00:00,78.214
5757,2023-09-29 00:00:00,2000-07-01 00:00:00,73.939
5758,2000-09-29 00:00:00,2000-08-01 00:00:00,107.56
5759,2000-10-30 00:00:00,2000-08-01 00:00:00,107.57
5760,2000-11-30 00:00:00,2000-08-01 00:00:00,107.56
5761,2000-12-22 00:00:00,2000-08-01 00:00:00,107.45
5762,2001-07-31 00:00:00,2000-08-01 00:00:00,107.7
5763,2002-08-02 00:00:00,2000-08-01 00:00:00,107.52
5764,2003-12-23 00:00:00,2000-08-01 00:00:00,
5765,2004-01-05 00:00:00,2000-08-01 00:00:00,100.08
5766,2004-02-02 00:00:00,2000-08-01 00:00:00,100.077
5767,2009-08-04 00:00:00,2000-08-01 00:00:00,89.873
5768,2011-08-02 00:00:00,2000-08-01 00:00:00,89.914
5769,2013-08-02 00:00:00,2000-08-01 00:00:00,83.239
5770,2014-08-01 00:00:00,2000-08-01 00:00:00,83.243
5771,2018-07-31 00:00:00,2000-08-01 00:00:00,78.34
5772,2021-07-30 00:00:00,2000-08-01 00:00:00,78.209
5773,2023-09-29 00:00:00,2000-08-01 00:00:00,73.934
5774,2000-10-30 00:00:00,2000-09-01 00:00:00,107.99
5775,2000-11-30 00:00:00,2000-09-01 00:00:00,107.96
5776,2000-12-22 00:00:00,2000-09-01 00:00:00,107.8
5777,2001-07-31 00:00:00,2000-09-01 00:00:00,108.12
5778,2002-08-02 00:00:00,2000-09-01 00:00:00,107.95
5779,2003-12-23 00:00:00,2000-09-01 00:00:00,
5780,2004-01-05 00:00:00,2000-09-01 00:00:00,100.48
5781,2004-02-02 00:00:00,2000-09-01 00:00:00,100.477
5782,2009-08-04 00:00:00,2000-09-01 00:00:00,90.259
5783,2011-08-02 00:00:00,2000-09-01 00:00:00,90.3
5784,2013-08-02 00:00:00,2000-09-01 00:00:00,83.6
5785,2014-08-01 00:00:00,2000-09-01 00:00:00,83.604
5786,2018-07-31 00:00:00,2000-09-01 00:00:00,78.676
5787,2021-07-30 00:00:00,2000-09-01 00:00:00,78.545
5788,2023-09-29 00:00:00,2000-09-01 00:00:00,74.252
5789,2000-11-30 00:00:00,2000-10-01 00:00:00,108.14
5790,2000-12-22 00:00:00,2000-10-01 00:00:00,107.97
5791,2001-03-01 00:00:00,2000-10-01 00:00:00,107.91
5792,2001-03-30 00:00:00,2000-10-01 00:00:00,107.98
5793,2001-07-31 00:00:00,2000-10-01 00:00:00,108.26
5794,2002-08-02 00:00:00,2000-10-01 00:00:00,108.12
5795,2003-12-23 00:00:00,2000-10-01 00:00:00,
5796,2004-01-05 00:00:00,2000-10-01 00:00:00,100.52
5797,2004-02-02 00:00:00,2000-10-01 00:00:00,100.524
5798,2009-08-04 00:00:00,2000-10-01 00:00:00,90.383
5799,2011-08-02 00:00:00,2000-10-01 00:00:00,90.424
5800,2013-08-02 00:00:00,2000-10-01 00:00:00,83.713
5801,2014-08-01 00:00:00,2000-10-01 00:00:00,83.718
5802,2018-07-31 00:00:00,2000-10-01 00:00:00,78.787
5803,2021-07-30 00:00:00,2000-10-01 00:00:00,78.652
5804,2023-09-29 00:00:00,2000-10-01 00:00:00,74.353
5805,2000-12-22 00:00:00,2000-11-01 00:00:00,108.19
5806,2001-02-01 00:00:00,2000-11-01 00:00:00,108.2
5807,2001-03-01 00:00:00,2000-11-01 00:00:00,108.13
5808,2001-03-30 00:00:00,2000-11-01 00:00:00,108.12
5809,2001-07-31 00:00:00,2000-11-01 00:00:00,108.37
5810,2002-08-02 00:00:00,2000-11-01 00:00:00,108.26
5811,2003-12-23 00:00:00,2000-11-01 00:00:00,
5812,2004-01-05 00:00:00,2000-11-01 00:00:00,100.69
5813,2009-08-04 00:00:00,2000-11-01 00:00:00,90.508
5814,2011-08-02 00:00:00,2000-11-01 00:00:00,90.55
5815,2013-08-02 00:00:00,2000-11-01 00:00:00,83.825
5816,2014-08-01 00:00:00,2000-11-01 00:00:00,83.83
5817,2018-07-31 00:00:00,2000-11-01 00:00:00,78.888
5818,2021-07-30 00:00:00,2000-11-01 00:00:00,78.762
5819,2023-09-29 00:00:00,2000-11-01 00:00:00,74.457
5820,2001-02-01 00:00:00,2000-12-01 00:00:00,108.39
5821,2001-03-01 00:00:00,2000-12-01 00:00:00,108.32
5822,2001-03-30 00:00:00,2000-12-01 00:00:00,108.27
5823,2001-07-31 00:00:00,2000-12-01 00:00:00,108.47
5824,2002-08-02 00:00:00,2000-12-01 00:00:00,108.4
5825,2003-12-23 00:00:00,2000-12-01 00:00:00,
5826,2004-01-05 00:00:00,2000-12-01 00:00:00,100.85
5827,2004-02-02 00:00:00,2000-12-01 00:00:00,100.847
5828,2009-08-04 00:00:00,2000-12-01 00:00:00,90.633
5829,2011-08-02 00:00:00,2000-12-01 00:00:00,90.674
5830,2013-08-02 00:00:00,2000-12-01 00:00:00,83.932
5831,2014-08-01 00:00:00,2000-12-01 00:00:00,83.938
5832,2018-07-31 00:00:00,2000-12-01 00:00:00,78.991
5833,2021-07-30 00:00:00,2000-12-01 00:00:00,78.883
5834,2023-09-29 00:00:00,2000-12-01 00:00:00,74.571
5835,2001-03-01 00:00:00,2001-01-01 00:00:00,108.84
5836,2001-03-30 00:00:00,2001-01-01 00:00:00,108.77
5837,2001-04-30 00:00:00,2001-01-01 00:00:00,108.78
5838,2001-07-02 00:00:00,2001-01-01 00:00:00,108.84
5839,2001-07-31 00:00:00,2001-01-01 00:00:00,109.08
5840,2002-08-02 00:00:00,2001-01-01 00:00:00,109.0
5841,2003-12-23 00:00:00,2001-01-01 00:00:00,
5842,2004-01-05 00:00:00,2001-01-01 00:00:00,101.33
5843,2004-02-02 00:00:00,2001-01-01 00:00:00,101.333
5844,2009-08-04 00:00:00,2001-01-01 00:00:00,91.051
5845,2011-08-02 00:00:00,2001-01-01 00:00:00,91.092
5846,2013-08-02 00:00:00,2001-01-01 00:00:00,84.307
5847,2014-08-01 00:00:00,2001-01-01 00:00:00,84.311
5848,2018-07-31 00:00:00,2001-01-01 00:00:00,79.348
5849,2021-07-30 00:00:00,2001-01-01 00:00:00,79.265
5850,2023-09-29 00:00:00,2001-01-01 00:00:00,74.932
5851,2001-03-30 00:00:00,2001-02-01 00:00:00,109.03
5852,2001-04-30 00:00:00,2001-02-01 00:00:00,109.07
5853,2001-05-29 00:00:00,2001-02-01 00:00:00,109.06
5854,2001-07-02 00:00:00,2001-02-01 00:00:00,109.02
5855,2001-07-31 00:00:00,2001-02-01 00:00:00,109.32
5856,2002-08-02 00:00:00,2001-02-01 00:00:00,109.21
5857,2003-12-23 00:00:00,2001-02-01 00:00:00,
5858,2004-01-05 00:00:00,2001-02-01 00:00:00,101.51
5859,2004-02-02 00:00:00,2001-02-01 00:00:00,101.514
5860,2009-08-04 00:00:00,2001-02-01 00:00:00,91.183
5861,2011-08-02 00:00:00,2001-02-01 00:00:00,91.224
5862,2013-08-02 00:00:00,2001-02-01 00:00:00,84.419
5863,2014-08-01 00:00:00,2001-02-01 00:00:00,84.424
5864,2018-07-31 00:00:00,2001-02-01 00:00:00,79.458
5865,2021-07-30 00:00:00,2001-02-01 00:00:00,79.388
5866,2023-09-29 00:00:00,2001-02-01 00:00:00,75.048
5867,2001-04-30 00:00:00,2001-03-01 00:00:00,109.12
5868,2001-05-29 00:00:00,2001-03-01 00:00:00,109.08
5869,2001-07-02 00:00:00,2001-03-01 00:00:00,109.04
5870,2001-07-31 00:00:00,2001-03-01 00:00:00,109.28
5871,2002-08-02 00:00:00,2001-03-01 00:00:00,109.24
5872,2003-12-23 00:00:00,2001-03-01 00:00:00,
5873,2004-01-05 00:00:00,2001-03-01 00:00:00,101.58
5874,2004-02-02 00:00:00,2001-03-01 00:00:00,101.577
5875,2009-08-04 00:00:00,2001-03-01 00:00:00,91.192
5876,2011-08-02 00:00:00,2001-03-01 00:00:00,91.233
5877,2013-08-02 00:00:00,2001-03-01 00:00:00,84.422
5878,2014-08-01 00:00:00,2001-03-01 00:00:00,84.427
5879,2018-07-31 00:00:00,2001-03-01 00:00:00,79.462
5880,2021-07-30 00:00:00,2001-03-01 00:00:00,79.395
5881,2023-09-29 00:00:00,2001-03-01 00:00:00,75.055
5882,2001-05-29 00:00:00,2001-04-01 00:00:00,109.36
5883,2001-07-02 00:00:00,2001-04-01 00:00:00,109.31
5884,2001-07-31 00:00:00,2001-04-01 00:00:00,109.53
5885,2001-08-30 00:00:00,2001-04-01 00:00:00,109.48
5886,2002-08-02 00:00:00,2001-04-01 00:00:00,109.43
5887,2003-12-23 00:00:00,2001-04-01 00:00:00,
5888,2004-01-05 00:00:00,2001-04-01 00:00:00,101.79
5889,2004-02-02 00:00:00,2001-04-01 00:00:00,101.788
5890,2004-08-03 00:00:00,2001-04-01 00:00:00,101.862
5891,2009-08-04 00:00:00,2001-04-01 00:00:00,91.359
5892,2011-08-02 00:00:00,2001-04-01 00:00:00,91.401
5893,2013-08-02 00:00:00,2001-04-01 00:00:00,84.578
5894,2014-08-01 00:00:00,2001-04-01 00:00:00,84.584
5895,2018-07-31 00:00:00,2001-04-01 00:00:00,79.605
5896,2021-07-30 00:00:00,2001-04-01 00:00:00,79.534
5897,2023-09-29 00:00:00,2001-04-01 00:00:00,75.187
5898,2001-07-02 00:00:00,2001-05-01 00:00:00,109.45
5899,2001-07-31 00:00:00,2001-05-01 00:00:00,109.68
5900,2001-08-30 00:00:00,2001-05-01 00:00:00,109.64
5901,2001-10-01 00:00:00,2001-05-01 00:00:00,109.57
5902,2002-08-02 00:00:00,2001-05-01 00:00:00,109.69
5903,2003-12-23 00:00:00,2001-05-01 00:00:00,
5904,2004-01-05 00:00:00,2001-05-01 00:00:00,102.17
5905,2004-02-02 00:00:00,2001-05-01 00:00:00,102.172
5906,2004-08-03 00:00:00,2001-05-01 00:00:00,102.178
5907,2009-08-04 00:00:00,2001-05-01 00:00:00,91.608
5908,2011-08-02 00:00:00,2001-05-01 00:00:00,91.65
5909,2013-08-02 00:00:00,2001-05-01 00:00:00,84.808
5910,2014-08-01 00:00:00,2001-05-01 00:00:00,84.814
5911,2018-07-31 00:00:00,2001-05-01 00:00:00,79.818
5912,2021-07-30 00:00:00,2001-05-01 00:00:00,79.743
5913,2023-09-29 00:00:00,2001-05-01 00:00:00,75.385
5914,2001-07-31 00:00:00,2001-06-01 00:00:00,109.88
5915,2001-08-30 00:00:00,2001-06-01 00:00:00,109.83
5916,2001-10-01 00:00:00,2001-06-01 00:00:00,109.73
5917,2002-08-02 00:00:00,2001-06-01 00:00:00,109.8
5918,2003-12-23 00:00:00,2001-06-01 00:00:00,
5919,2004-01-05 00:00:00,2001-06-01 00:00:00,102.38
5920,2004-02-02 00:00:00,2001-06-01 00:00:00,102.384
5921,2004-08-03 00:00:00,2001-06-01 00:00:00,102.397
5922,2009-08-04 00:00:00,2001-06-01 00:00:00,91.763
5923,2011-08-02 00:00:00,2001-06-01 00:00:00,91.804
5924,2013-08-02 00:00:00,2001-06-01 00:00:00,84.968
5925,2014-08-01 00:00:00,2001-06-01 00:00:00,84.974
5926,2018-07-31 00:00:00,2001-06-01 00:00:00,79.962
5927,2021-07-30 00:00:00,2001-06-01 00:00:00,79.885
5928,2023-09-29 00:00:00,2001-06-01 00:00:00,75.518
5929,2001-08-30 00:00:00,2001-07-01 00:00:00,109.76
5930,2001-10-01 00:00:00,2001-07-01 00:00:00,109.64
5931,2001-11-01 00:00:00,2001-07-01 00:00:00,109.68
5932,2001-12-03 00:00:00,2001-07-01 00:00:00,109.71
5933,2002-08-02 00:00:00,2001-07-01 00:00:00,109.79
5934,2003-12-23 00:00:00,2001-07-01 00:00:00,
5935,2004-01-05 00:00:00,2001-07-01 00:00:00,102.3
5936,2004-02-02 00:00:00,2001-07-01 00:00:00,102.302
5937,2004-08-03 00:00:00,2001-07-01 00:00:00,102.362
5938,2009-08-04 00:00:00,2001-07-01 00:00:00,91.707
5939,2011-08-02 00:00:00,2001-07-01 00:00:00,91.748
5940,2013-08-02 00:00:00,2001-07-01 00:00:00,84.944
5941,2014-08-01 00:00:00,2001-07-01 00:00:00,84.949
5942,2018-07-31 00:00:00,2001-07-01 00:00:00,79.935
5943,2021-07-30 00:00:00,2001-07-01 00:00:00,79.858
5944,2023-09-29 00:00:00,2001-07-01 00:00:00,75.493
5945,2001-10-01 00:00:00,2001-08-01 00:00:00,109.64
5946,2001-11-01 00:00:00,2001-08-01 00:00:00,109.71
5947,2001-12-03 00:00:00,2001-08-01 00:00:00,109.72
5948,2001-12-21 00:00:00,2001-08-01 00:00:00,109.71
5949,2002-08-02 00:00:00,2001-08-01 00:00:00,109.79
5950,2003-12-23 00:00:00,2001-08-01 00:00:00,
5951,2004-01-05 00:00:00,2001-08-01 00:00:00,102.3
5952,2004-02-02 00:00:00,2001-08-01 00:00:00,102.295
5953,2004-08-03 00:00:00,2001-08-01 00:00:00,102.384
5954,2009-08-04 00:00:00,2001-08-01 00:00:00,91.687
5955,2011-08-02 00:00:00,2001-08-01 00:00:00,91.728
5956,2013-08-02 00:00:00,2001-08-01 00:00:00,84.941
5957,2014-08-01 00:00:00,2001-08-01 00:00:00,84.946
5958,2018-07-31 00:00:00,2001-08-01 00:00:00,79.929
5959,2021-07-30 00:00:00,2001-08-01 00:00:00,79.848
5960,2023-09-29 00:00:00,2001-08-01 00:00:00,75.484
5961,2001-11-01 00:00:00,2001-09-01 00:00:00,109.07
5962,2001-12-03 00:00:00,2001-09-01 00:00:00,109.11
5963,2001-12-21 00:00:00,2001-09-01 00:00:00,109.17
5964,2002-08-02 00:00:00,2001-09-01 00:00:00,109.28
5965,2003-12-23 00:00:00,2001-09-01 00:00:00,
5966,2004-01-05 00:00:00,2001-09-01 00:00:00,102.1
5967,2004-02-02 00:00:00,2001-09-01 00:00:00,102.095
5968,2004-08-03 00:00:00,2001-09-01 00:00:00,102.128
5969,2009-08-04 00:00:00,2001-09-01 00:00:00,91.385
5970,2011-08-02 00:00:00,2001-09-01 00:00:00,91.427
5971,2013-08-02 00:00:00,2001-09-01 00:00:00,84.666
5972,2014-08-01 00:00:00,2001-09-01 00:00:00,84.67
5973,2018-07-31 00:00:00,2001-09-01 00:00:00,79.663
5974,2021-07-30 00:00:00,2001-09-01 00:00:00,79.577
5975,2023-09-29 00:00:00,2001-09-01 00:00:00,75.227
5976,2001-12-03 00:00:00,2001-10-01 00:00:00,109.87
5977,2001-12-21 00:00:00,2001-10-01 00:00:00,109.88
5978,2002-01-31 00:00:00,2001-10-01 00:00:00,109.86
5979,2002-03-01 00:00:00,2001-10-01 00:00:00,109.85
5980,2002-03-29 00:00:00,2001-10-01 00:00:00,109.88
5981,2002-08-02 00:00:00,2001-10-01 00:00:00,109.92
5982,2003-12-23 00:00:00,2001-10-01 00:00:00,
5983,2004-01-05 00:00:00,2001-10-01 00:00:00,102.39
5984,2004-02-02 00:00:00,2001-10-01 00:00:00,102.393
5985,2004-08-03 00:00:00,2001-10-01 00:00:00,102.514
5986,2009-08-04 00:00:00,2001-10-01 00:00:00,91.711
5987,2011-08-02 00:00:00,2001-10-01 00:00:00,91.753
5988,2013-08-02 00:00:00,2001-10-01 00:00:00,84.975
5989,2014-08-01 00:00:00,2001-10-01 00:00:00,84.978
5990,2018-07-31 00:00:00,2001-10-01 00:00:00,79.952
5991,2021-07-30 00:00:00,2001-10-01 00:00:00,79.857
5992,2023-09-29 00:00:00,2001-10-01 00:00:00,75.492
5993,2001-12-21 00:00:00,2001-11-01 00:00:00,109.77
5994,2002-01-31 00:00:00,2001-11-01 00:00:00,109.79
5995,2002-03-01 00:00:00,2001-11-01 00:00:00,109.75
5996,2002-03-29 00:00:00,2001-11-01 00:00:00,109.78
5997,2002-08-02 00:00:00,2001-11-01 00:00:00,109.88
5998,2003-12-23 00:00:00,2001-11-01 00:00:00,
5999,2004-01-05 00:00:00,2001-11-01 00:00:00,102.34
6000,2004-02-02 00:00:00,2001-11-01 00:00:00,102.336
6001,2004-08-03 00:00:00,2001-11-01 00:00:00,102.482
6002,2009-08-04 00:00:00,2001-11-01 00:00:00,91.648
6003,2011-08-02 00:00:00,2001-11-01 00:00:00,91.69
6004,2013-08-02 00:00:00,2001-11-01 00:00:00,84.918
6005,2014-08-01 00:00:00,2001-11-01 00:00:00,84.921
6006,2018-07-31 00:00:00,2001-11-01 00:00:00,79.903
6007,2021-07-30 00:00:00,2001-11-01 00:00:00,79.803
6008,2023-09-29 00:00:00,2001-11-01 00:00:00,75.441
6009,2002-01-31 00:00:00,2001-12-01 00:00:00,109.62
6010,2002-03-01 00:00:00,2001-12-01 00:00:00,109.58
6011,2002-03-29 00:00:00,2001-12-01 00:00:00,109.62
6012,2002-08-02 00:00:00,2001-12-01 00:00:00,109.72
6013,2003-12-23 00:00:00,2001-12-01 00:00:00,
6014,2004-01-05 00:00:00,2001-12-01 00:00:00,102.27
6015,2004-02-02 00:00:00,2001-12-01 00:00:00,102.274
6016,2004-08-03 00:00:00,2001-12-01 00:00:00,102.315
6017,2009-08-04 00:00:00,2001-12-01 00:00:00,91.569
6018,2011-08-02 00:00:00,2001-12-01 00:00:00,91.61
6019,2013-08-02 00:00:00,2001-12-01 00:00:00,84.83
6020,2014-08-01 00:00:00,2001-12-01 00:00:00,84.833
6021,2018-07-31 00:00:00,2001-12-01 00:00:00,79.819
6022,2021-07-30 00:00:00,2001-12-01 00:00:00,79.721
6023,2023-09-29 00:00:00,2001-12-01 00:00:00,75.363
6024,2002-03-01 00:00:00,2002-01-01 00:00:00,109.72
6025,2002-03-29 00:00:00,2002-01-01 00:00:00,109.78
6026,2002-05-28 00:00:00,2002-01-01 00:00:00,109.77
6027,2002-06-28 00:00:00,2002-01-01 00:00:00,109.8
6028,2002-08-02 00:00:00,2002-01-01 00:00:00,109.92
6029,2003-12-23 00:00:00,2002-01-01 00:00:00,
6030,2004-01-05 00:00:00,2002-01-01 00:00:00,102.28
6031,2004-02-02 00:00:00,2002-01-01 00:00:00,102.283
6032,2004-08-03 00:00:00,2002-01-01 00:00:00,102.458
6033,2005-08-02 00:00:00,2002-01-01 00:00:00,102.48
6034,2009-08-04 00:00:00,2002-01-01 00:00:00,91.659
6035,2011-08-02 00:00:00,2002-01-01 00:00:00,91.701
6036,2013-08-02 00:00:00,2002-01-01 00:00:00,84.89
6037,2014-08-01 00:00:00,2002-01-01 00:00:00,84.893
6038,2018-07-31 00:00:00,2002-01-01 00:00:00,79.879
6039,2021-07-30 00:00:00,2002-01-01 00:00:00,79.793
6040,2023-09-29 00:00:00,2002-01-01 00:00:00,75.431
6041,2002-03-29 00:00:00,2002-02-01 00:00:00,109.87
6042,2002-04-29 00:00:00,2002-02-01 00:00:00,109.88
6043,2002-05-28 00:00:00,2002-02-01 00:00:00,109.9
6044,2002-06-28 00:00:00,2002-02-01 00:00:00,110.0
6045,2002-08-02 00:00:00,2002-02-01 00:00:00,110.13
6046,2003-12-23 00:00:00,2002-02-01 00:00:00,
6047,2004-01-05 00:00:00,2002-02-01 00:00:00,102.49
6048,2004-02-02 00:00:00,2002-02-01 00:00:00,102.491
6049,2004-08-03 00:00:00,2002-02-01 00:00:00,102.605
6050,2005-08-02 00:00:00,2002-02-01 00:00:00,102.62
6051,2009-08-04 00:00:00,2002-02-01 00:00:00,91.816
6052,2011-08-02 00:00:00,2002-02-01 00:00:00,91.858
6053,2013-08-02 00:00:00,2002-02-01 00:00:00,85.032
6054,2014-08-01 00:00:00,2002-02-01 00:00:00,85.035
6055,2018-07-31 00:00:00,2002-02-01 00:00:00,80.011
6056,2021-07-30 00:00:00,2002-02-01 00:00:00,79.926
6057,2023-09-29 00:00:00,2002-02-01 00:00:00,75.558
6058,2002-04-29 00:00:00,2002-03-01 00:00:00,110.12
6059,2002-05-28 00:00:00,2002-03-01 00:00:00,110.2
6060,2002-06-28 00:00:00,2002-03-01 00:00:00,110.32
6061,2002-08-02 00:00:00,2002-03-01 00:00:00,110.38
6062,2003-12-23 00:00:00,2002-03-01 00:00:00,
6063,2004-01-05 00:00:00,2002-03-01 00:00:00,102.75
6064,2004-02-02 00:00:00,2002-03-01 00:00:00,102.748
6065,2004-08-03 00:00:00,2002-03-01 00:00:00,102.917
6066,2005-08-02 00:00:00,2002-03-01 00:00:00,102.921
6067,2009-08-04 00:00:00,2002-03-01 00:00:00,92.089
6068,2011-08-02 00:00:00,2002-03-01 00:00:00,92.131
6069,2013-08-02 00:00:00,2002-03-01 00:00:00,85.269
6070,2014-08-01 00:00:00,2002-03-01 00:00:00,85.272
6071,2018-07-31 00:00:00,2002-03-01 00:00:00,80.233
6072,2021-07-30 00:00:00,2002-03-01 00:00:00,80.144
6073,2023-09-29 00:00:00,2002-03-01 00:00:00,75.763
6074,2002-05-28 00:00:00,2002-04-01 00:00:00,110.62
6075,2002-06-28 00:00:00,2002-04-01 00:00:00,110.78
6076,2002-08-02 00:00:00,2002-04-01 00:00:00,110.85
6077,2002-08-30 00:00:00,2002-04-01 00:00:00,110.82
6078,2002-09-30 00:00:00,2002-04-01 00:00:00,110.86
6079,2003-12-23 00:00:00,2002-04-01 00:00:00,
6080,2004-01-05 00:00:00,2002-04-01 00:00:00,103.15
6081,2004-02-02 00:00:00,2002-04-01 00:00:00,103.154
6082,2004-08-03 00:00:00,2002-04-01 00:00:00,103.329
6083,2005-08-02 00:00:00,2002-04-01 00:00:00,103.357
6084,2009-08-04 00:00:00,2002-04-01 00:00:00,92.492
6085,2011-08-02 00:00:00,2002-04-01 00:00:00,92.534
6086,2013-08-02 00:00:00,2002-04-01 00:00:00,85.638
6087,2014-08-01 00:00:00,2002-04-01 00:00:00,85.64
6088,2018-07-31 00:00:00,2002-04-01 00:00:00,80.58
6089,2021-07-30 00:00:00,2002-04-01 00:00:00,80.479
6090,2023-09-29 00:00:00,2002-04-01 00:00:00,76.08
6091,2002-06-28 00:00:00,2002-05-01 00:00:00,110.68
6092,2002-08-02 00:00:00,2002-05-01 00:00:00,110.78
6093,2002-09-30 00:00:00,2002-05-01 00:00:00,110.83
6094,2003-12-23 00:00:00,2002-05-01 00:00:00,
6095,2004-01-05 00:00:00,2002-05-01 00:00:00,103.22
6096,2004-02-02 00:00:00,2002-05-01 00:00:00,103.218
6097,2004-08-03 00:00:00,2002-05-01 00:00:00,103.348
6098,2005-08-02 00:00:00,2002-05-01 00:00:00,103.349
6099,2009-08-04 00:00:00,2002-05-01 00:00:00,92.555
6100,2011-08-02 00:00:00,2002-05-01 00:00:00,92.597
6101,2013-08-02 00:00:00,2002-05-01 00:00:00,85.707
6102,2014-08-01 00:00:00,2002-05-01 00:00:00,85.709
6103,2018-07-31 00:00:00,2002-05-01 00:00:00,80.637
6104,2021-07-30 00:00:00,2002-05-01 00:00:00,80.531
6105,2023-09-29 00:00:00,2002-05-01 00:00:00,76.13
6106,2002-08-02 00:00:00,2002-06-01 00:00:00,110.88
6107,2002-08-30 00:00:00,2002-06-01 00:00:00,110.89
6108,2002-09-30 00:00:00,2002-06-01 00:00:00,110.97
6109,2003-12-23 00:00:00,2002-06-01 00:00:00,
6110,2004-01-05 00:00:00,2002-06-01 00:00:00,103.36
6111,2004-02-02 00:00:00,2002-06-01 00:00:00,103.362
6112,2004-08-03 00:00:00,2002-06-01 00:00:00,103.481
6113,2005-08-02 00:00:00,2002-06-01 00:00:00,103.448
6114,2009-08-04 00:00:00,2002-06-01 00:00:00,92.668
6115,2011-08-02 00:00:00,2002-06-01 00:00:00,92.71
6116,2013-08-02 00:00:00,2002-06-01 00:00:00,85.817
6117,2014-08-01 00:00:00,2002-06-01 00:00:00,85.818
6118,2018-07-31 00:00:00,2002-06-01 00:00:00,80.735
6119,2021-07-30 00:00:00,2002-06-01 00:00:00,80.632
6120,2023-09-29 00:00:00,2002-06-01 00:00:00,76.225
6121,2002-08-30 00:00:00,2002-07-01 00:00:00,111.06
6122,2002-09-30 00:00:00,2002-07-01 00:00:00,111.12
6123,2002-11-01 00:00:00,2002-07-01 00:00:00,111.14
6124,2002-11-27 00:00:00,2002-07-01 00:00:00,111.12
6125,2003-12-23 00:00:00,2002-07-01 00:00:00,
6126,2004-01-05 00:00:00,2002-07-01 00:00:00,103.55
6127,2004-02-02 00:00:00,2002-07-01 00:00:00,103.552
6128,2004-08-03 00:00:00,2002-07-01 00:00:00,103.693
6129,2005-08-02 00:00:00,2002-07-01 00:00:00,103.621
6130,2009-08-04 00:00:00,2002-07-01 00:00:00,92.869
6131,2011-08-02 00:00:00,2002-07-01 00:00:00,92.911
6132,2013-08-02 00:00:00,2002-07-01 00:00:00,85.996
6133,2018-07-31 00:00:00,2002-07-01 00:00:00,80.897
6134,2021-07-30 00:00:00,2002-07-01 00:00:00,80.81
6135,2023-09-29 00:00:00,2002-07-01 00:00:00,76.393
6136,2002-09-30 00:00:00,2002-08-01 00:00:00,111.38
6137,2002-11-01 00:00:00,2002-08-01 00:00:00,111.41
6138,2002-11-27 00:00:00,2002-08-01 00:00:00,111.38
6139,2002-12-23 00:00:00,2002-08-01 00:00:00,111.37
6140,2003-12-23 00:00:00,2002-08-01 00:00:00,
6141,2004-01-05 00:00:00,2002-08-01 00:00:00,103.75
6142,2004-02-02 00:00:00,2002-08-01 00:00:00,103.753
6143,2004-08-03 00:00:00,2002-08-01 00:00:00,103.909
6144,2005-08-02 00:00:00,2002-08-01 00:00:00,103.853
6145,2009-08-04 00:00:00,2002-08-01 00:00:00,93.044
6146,2011-08-02 00:00:00,2002-08-01 00:00:00,93.086
6147,2013-08-02 00:00:00,2002-08-01 00:00:00,86.162
6148,2014-08-01 00:00:00,2002-08-01 00:00:00,86.161
6149,2018-07-31 00:00:00,2002-08-01 00:00:00,81.048
6150,2021-07-30 00:00:00,2002-08-01 00:00:00,80.969
6151,2023-09-29 00:00:00,2002-08-01 00:00:00,76.543
6152,2002-11-01 00:00:00,2002-09-01 00:00:00,111.64
6153,2002-11-27 00:00:00,2002-09-01 00:00:00,111.61
6154,2002-12-23 00:00:00,2002-09-01 00:00:00,111.59
6155,2003-12-23 00:00:00,2002-09-01 00:00:00,
6156,2004-01-05 00:00:00,2002-09-01 00:00:00,103.98
6157,2004-02-02 00:00:00,2002-09-01 00:00:00,103.979
6158,2004-08-03 00:00:00,2002-09-01 00:00:00,104.08
6159,2005-08-02 00:00:00,2002-09-01 00:00:00,104.05
6160,2009-08-04 00:00:00,2002-09-01 00:00:00,93.206
6161,2011-08-02 00:00:00,2002-09-01 00:00:00,93.249
6162,2013-08-02 00:00:00,2002-09-01 00:00:00,86.308
6163,2018-07-31 00:00:00,2002-09-01 00:00:00,81.191
6164,2021-07-30 00:00:00,2002-09-01 00:00:00,81.115
6165,2023-09-29 00:00:00,2002-09-01 00:00:00,76.681
6166,2002-11-27 00:00:00,2002-10-01 00:00:00,111.84
6167,2002-12-23 00:00:00,2002-10-01 00:00:00,111.82
6168,2003-01-31 00:00:00,2002-10-01 00:00:00,111.83
6169,2003-03-03 00:00:00,2002-10-01 00:00:00,111.74
6170,2003-03-28 00:00:00,2002-10-01 00:00:00,111.79
6171,2003-12-23 00:00:00,2002-10-01 00:00:00,
6172,2004-01-05 00:00:00,2002-10-01 00:00:00,104.0
6173,2004-08-03 00:00:00,2002-10-01 00:00:00,104.039
6174,2005-08-02 00:00:00,2002-10-01 00:00:00,104.174
6175,2009-08-04 00:00:00,2002-10-01 00:00:00,93.385
6176,2011-08-02 00:00:00,2002-10-01 00:00:00,93.427
6177,2013-08-02 00:00:00,2002-10-01 00:00:00,86.468
6178,2014-08-01 00:00:00,2002-10-01 00:00:00,86.469
6179,2018-07-31 00:00:00,2002-10-01 00:00:00,81.342
6180,2021-07-30 00:00:00,2002-10-01 00:00:00,81.262
6181,2023-09-29 00:00:00,2002-10-01 00:00:00,76.821
6182,2002-12-23 00:00:00,2002-11-01 00:00:00,111.88
6183,2003-01-31 00:00:00,2002-11-01 00:00:00,111.91
6184,2003-03-03 00:00:00,2002-11-01 00:00:00,111.82
6185,2003-03-28 00:00:00,2002-11-01 00:00:00,111.86
6186,2003-12-23 00:00:00,2002-11-01 00:00:00,
6187,2004-01-05 00:00:00,2002-11-01 00:00:00,104.17
6188,2004-02-02 00:00:00,2002-11-01 00:00:00,104.165
6189,2004-08-03 00:00:00,2002-11-01 00:00:00,104.211
6190,2005-08-02 00:00:00,2002-11-01 00:00:00,104.273
6191,2009-08-04 00:00:00,2002-11-01 00:00:00,93.485
6192,2011-08-02 00:00:00,2002-11-01 00:00:00,93.528
6193,2013-08-02 00:00:00,2002-11-01 00:00:00,86.553
6194,2014-08-01 00:00:00,2002-11-01 00:00:00,86.555
6195,2018-07-31 00:00:00,2002-11-01 00:00:00,81.423
6196,2021-07-30 00:00:00,2002-11-01 00:00:00,81.343
6197,2023-09-29 00:00:00,2002-11-01 00:00:00,76.897
6198,2003-01-31 00:00:00,2002-12-01 00:00:00,111.95
6199,2003-03-03 00:00:00,2002-12-01 00:00:00,111.89
6200,2003-03-28 00:00:00,2002-12-01 00:00:00,111.95
6201,2003-12-23 00:00:00,2002-12-01 00:00:00,
6202,2004-01-05 00:00:00,2002-12-01 00:00:00,104.45
6203,2004-02-02 00:00:00,2002-12-01 00:00:00,104.445
6204,2004-08-03 00:00:00,2002-12-01 00:00:00,104.499
6205,2005-08-02 00:00:00,2002-12-01 00:00:00,104.357
6206,2009-08-04 00:00:00,2002-12-01 00:00:00,93.564
6207,2011-08-02 00:00:00,2002-12-01 00:00:00,93.606
6208,2013-08-02 00:00:00,2002-12-01 00:00:00,86.622
6209,2014-08-01 00:00:00,2002-12-01 00:00:00,86.625
6210,2018-07-31 00:00:00,2002-12-01 00:00:00,81.494
6211,2021-07-30 00:00:00,2002-12-01 00:00:00,81.421
6212,2023-09-29 00:00:00,2002-12-01 00:00:00,76.971
6213,2003-03-03 00:00:00,2003-01-01 00:00:00,112.05
6214,2003-03-28 00:00:00,2003-01-01 00:00:00,112.15
6215,2003-04-28 00:00:00,2003-01-01 00:00:00,112.16
6216,2003-05-30 00:00:00,2003-01-01 00:00:00,112.13
6217,2003-06-27 00:00:00,2003-01-01 00:00:00,112.17
6218,2003-12-23 00:00:00,2003-01-01 00:00:00,
6219,2004-01-05 00:00:00,2003-01-01 00:00:00,104.58
6220,2004-02-02 00:00:00,2003-01-01 00:00:00,104.581
6221,2004-08-03 00:00:00,2003-01-01 00:00:00,104.725
6222,2005-08-02 00:00:00,2003-01-01 00:00:00,104.589
6223,2006-08-01 00:00:00,2003-01-01 00:00:00,104.591
6224,2009-08-04 00:00:00,2003-01-01 00:00:00,93.811
6225,2011-08-02 00:00:00,2003-01-01 00:00:00,93.853
6226,2013-08-02 00:00:00,2003-01-01 00:00:00,86.851
6227,2014-08-01 00:00:00,2003-01-01 00:00:00,86.853
6228,2018-07-31 00:00:00,2003-01-01 00:00:00,81.716
6229,2021-07-30 00:00:00,2003-01-01 00:00:00,81.664
6230,2023-09-29 00:00:00,2003-01-01 00:00:00,77.201
6231,2003-03-28 00:00:00,2003-02-01 00:00:00,112.65
6232,2003-04-28 00:00:00,2003-02-01 00:00:00,112.7
6233,2003-05-30 00:00:00,2003-02-01 00:00:00,112.66
6234,2003-06-27 00:00:00,2003-02-01 00:00:00,112.64
6235,2003-12-23 00:00:00,2003-02-01 00:00:00,
6236,2004-01-05 00:00:00,2003-02-01 00:00:00,104.97
6237,2004-02-02 00:00:00,2003-02-01 00:00:00,104.972
6238,2004-08-03 00:00:00,2003-02-01 00:00:00,105.091
6239,2005-08-02 00:00:00,2003-02-01 00:00:00,105.064
6240,2006-08-01 00:00:00,2003-02-01 00:00:00,105.085
6241,2009-08-04 00:00:00,2003-02-01 00:00:00,94.204
6242,2011-08-02 00:00:00,2003-02-01 00:00:00,94.245
6243,2013-08-02 00:00:00,2003-02-01 00:00:00,87.207
6244,2014-08-01 00:00:00,2003-02-01 00:00:00,87.209
6245,2018-07-31 00:00:00,2003-02-01 00:00:00,82.039
6246,2021-07-30 00:00:00,2003-02-01 00:00:00,82.009
6247,2023-09-29 00:00:00,2003-02-01 00:00:00,77.526
6248,2003-04-28 00:00:00,2003-03-01 00:00:00,113.08
6249,2003-05-30 00:00:00,2003-03-01 00:00:00,113.06
6250,2003-06-27 00:00:00,2003-03-01 00:00:00,113.04
6251,2003-12-23 00:00:00,2003-03-01 00:00:00,
6252,2004-01-05 00:00:00,2003-03-01 00:00:00,105.23
6253,2004-02-02 00:00:00,2003-03-01 00:00:00,105.228
6254,2004-08-03 00:00:00,2003-03-01 00:00:00,105.425
6255,2005-08-02 00:00:00,2003-03-01 00:00:00,105.499
6256,2006-08-01 00:00:00,2003-03-01 00:00:00,105.5
6257,2009-08-04 00:00:00,2003-03-01 00:00:00,94.44
6258,2011-08-02 00:00:00,2003-03-01 00:00:00,94.479
6259,2013-08-02 00:00:00,2003-03-01 00:00:00,87.421
6260,2018-07-31 00:00:00,2003-03-01 00:00:00,82.227
6261,2021-07-30 00:00:00,2003-03-01 00:00:00,82.219
6262,2023-09-29 00:00:00,2003-03-01 00:00:00,77.725
6263,2003-05-30 00:00:00,2003-04-01 00:00:00,112.81
6264,2003-06-27 00:00:00,2003-04-01 00:00:00,112.83
6265,2003-08-01 00:00:00,2003-04-01 00:00:00,112.84
6266,2003-08-29 00:00:00,2003-04-01 00:00:00,112.8
6267,2003-09-29 00:00:00,2003-04-01 00:00:00,112.83
6268,2003-12-23 00:00:00,2003-04-01 00:00:00,104.99
6269,2004-02-02 00:00:00,2003-04-01 00:00:00,104.987
6270,2004-08-03 00:00:00,2003-04-01 00:00:00,105.246
6271,2005-08-02 00:00:00,2003-04-01 00:00:00,105.275
6272,2006-08-01 00:00:00,2003-04-01 00:00:00,105.256
6273,2009-08-04 00:00:00,2003-04-01 00:00:00,94.275
6274,2011-08-02 00:00:00,2003-04-01 00:00:00,94.315
6275,2013-08-02 00:00:00,2003-04-01 00:00:00,87.273
6276,2014-08-01 00:00:00,2003-04-01 00:00:00,87.271
6277,2018-07-31 00:00:00,2003-04-01 00:00:00,82.063
6278,2021-07-30 00:00:00,2003-04-01 00:00:00,82.08
6279,2023-09-29 00:00:00,2003-04-01 00:00:00,77.593
6280,2003-06-27 00:00:00,2003-05-01 00:00:00,112.7
6281,2003-08-01 00:00:00,2003-05-01 00:00:00,112.75
6282,2003-08-29 00:00:00,2003-05-01 00:00:00,112.69
6283,2003-09-29 00:00:00,2003-05-01 00:00:00,112.72
6284,2003-12-23 00:00:00,2003-05-01 00:00:00,105.0
6285,2004-02-02 00:00:00,2003-05-01 00:00:00,104.998
6286,2004-08-03 00:00:00,2003-05-01 00:00:00,105.202
6287,2005-08-02 00:00:00,2003-05-01 00:00:00,105.151
6288,2006-08-01 00:00:00,2003-05-01 00:00:00,105.167
6289,2009-08-04 00:00:00,2003-05-01 00:00:00,94.142
6290,2011-08-02 00:00:00,2003-05-01 00:00:00,94.182
6291,2013-08-02 00:00:00,2003-05-01 00:00:00,87.172
6292,2014-08-01 00:00:00,2003-05-01 00:00:00,87.17
6293,2018-07-31 00:00:00,2003-05-01 00:00:00,81.953
6294,2021-07-30 00:00:00,2003-05-01 00:00:00,81.986
6295,2023-09-29 00:00:00,2003-05-01 00:00:00,77.504
6296,2003-08-01 00:00:00,2003-06-01 00:00:00,113.01
6297,2003-08-29 00:00:00,2003-06-01 00:00:00,112.94
6298,2003-09-29 00:00:00,2003-06-01 00:00:00,112.98
6299,2003-12-23 00:00:00,2003-06-01 00:00:00,105.21
6300,2004-02-02 00:00:00,2003-06-01 00:00:00,105.209
6301,2004-08-03 00:00:00,2003-06-01 00:00:00,105.36
6302,2005-08-02 00:00:00,2003-06-01 00:00:00,105.234
6303,2006-08-01 00:00:00,2003-06-01 00:00:00,105.281
6304,2009-08-04 00:00:00,2003-06-01 00:00:00,94.252
6305,2011-08-02 00:00:00,2003-06-01 00:00:00,94.291
6306,2013-08-02 00:00:00,2003-06-01 00:00:00,87.267
6307,2014-08-01 00:00:00,2003-06-01 00:00:00,87.265
6308,2018-07-31 00:00:00,2003-06-01 00:00:00,82.03
6309,2021-07-30 00:00:00,2003-06-01 00:00:00,82.074
6310,2023-09-29 00:00:00,2003-06-01 00:00:00,77.588
6311,2003-08-29 00:00:00,2003-07-01 00:00:00,113.16
6312,2003-09-29 00:00:00,2003-07-01 00:00:00,113.22
6313,2003-10-31 00:00:00,2003-07-01 00:00:00,113.21
6314,2003-11-26 00:00:00,2003-07-01 00:00:00,113.18
6315,2003-12-23 00:00:00,2003-07-01 00:00:00,105.35
6316,2004-02-02 00:00:00,2003-07-01 00:00:00,105.345
6317,2004-08-03 00:00:00,2003-07-01 00:00:00,105.454
6318,2005-08-02 00:00:00,2003-07-01 00:00:00,105.422
6319,2006-08-01 00:00:00,2003-07-01 00:00:00,105.529
6320,2009-08-04 00:00:00,2003-07-01 00:00:00,94.517
6321,2011-08-02 00:00:00,2003-07-01 00:00:00,94.554
6322,2013-08-02 00:00:00,2003-07-01 00:00:00,87.503
6323,2014-08-01 00:00:00,2003-07-01 00:00:00,87.502
6324,2018-07-31 00:00:00,2003-07-01 00:00:00,82.263
6325,2021-07-30 00:00:00,2003-07-01 00:00:00,82.315
6326,2023-09-29 00:00:00,2003-07-01 00:00:00,77.816
6327,2003-09-29 00:00:00,2003-08-01 00:00:00,113.52
6328,2003-11-26 00:00:00,2003-08-01 00:00:00,113.49
6329,2003-12-23 00:00:00,2003-08-01 00:00:00,105.52
6330,2004-02-02 00:00:00,2003-08-01 00:00:00,105.518
6331,2004-08-03 00:00:00,2003-08-01 00:00:00,105.708
6332,2005-08-02 00:00:00,2003-08-01 00:00:00,105.751
6333,2006-08-01 00:00:00,2003-08-01 00:00:00,105.866
6334,2009-08-04 00:00:00,2003-08-01 00:00:00,94.845
6335,2011-08-02 00:00:00,2003-08-01 00:00:00,94.879
6336,2013-08-02 00:00:00,2003-08-01 00:00:00,87.78
6337,2014-08-01 00:00:00,2003-08-01 00:00:00,87.778
6338,2018-07-31 00:00:00,2003-08-01 00:00:00,82.529
6339,2021-07-30 00:00:00,2003-08-01 00:00:00,82.593
6340,2023-09-29 00:00:00,2003-08-01 00:00:00,78.079
6341,2003-10-31 00:00:00,2003-09-01 00:00:00,113.8
6342,2003-11-26 00:00:00,2003-09-01 00:00:00,113.79
6343,2003-12-23 00:00:00,2003-09-01 00:00:00,105.7
6344,2004-02-02 00:00:00,2003-09-01 00:00:00,105.703
6345,2004-08-03 00:00:00,2003-09-01 00:00:00,105.905
6346,2005-08-02 00:00:00,2003-09-01 00:00:00,106.029
6347,2006-08-01 00:00:00,2003-09-01 00:00:00,106.158
6348,2009-08-04 00:00:00,2003-09-01 00:00:00,95.148
6349,2011-08-02 00:00:00,2003-09-01 00:00:00,95.181
6350,2013-08-02 00:00:00,2003-09-01 00:00:00,88.028
6351,2014-08-01 00:00:00,2003-09-01 00:00:00,88.026
6352,2018-07-31 00:00:00,2003-09-01 00:00:00,82.773
6353,2021-07-30 00:00:00,2003-09-01 00:00:00,82.852
6354,2023-09-29 00:00:00,2003-09-01 00:00:00,78.323
6355,2003-11-26 00:00:00,2003-10-01 00:00:00,113.73
6356,2003-12-23 00:00:00,2003-10-01 00:00:00,105.67
6357,2004-02-02 00:00:00,2003-10-01 00:00:00,105.684
6358,2004-03-01 00:00:00,2003-10-01 00:00:00,105.682
6359,2004-03-26 00:00:00,2003-10-01 00:00:00,105.733
6360,2004-08-03 00:00:00,2003-10-01 00:00:00,105.936
6361,2005-08-02 00:00:00,2003-10-01 00:00:00,106.016
6362,2006-08-01 00:00:00,2003-10-01 00:00:00,106.18
6363,2009-08-04 00:00:00,2003-10-01 00:00:00,95.131
6364,2011-08-02 00:00:00,2003-10-01 00:00:00,95.162
6365,2013-08-02 00:00:00,2003-10-01 00:00:00,87.998
6366,2018-07-31 00:00:00,2003-10-01 00:00:00,82.767
6367,2021-07-30 00:00:00,2003-10-01 00:00:00,82.862
6368,2023-09-29 00:00:00,2003-10-01 00:00:00,78.333
6369,2003-12-23 00:00:00,2003-11-01 00:00:00,105.54
6370,2004-02-02 00:00:00,2003-11-01 00:00:00,105.567
6371,2004-03-01 00:00:00,2003-11-01 00:00:00,105.599
6372,2004-03-26 00:00:00,2003-11-01 00:00:00,105.705
6373,2004-08-03 00:00:00,2003-11-01 00:00:00,105.926
6374,2005-08-02 00:00:00,2003-11-01 00:00:00,105.988
6375,2006-08-01 00:00:00,2003-11-01 00:00:00,106.144
6376,2009-08-04 00:00:00,2003-11-01 00:00:00,95.236
6377,2011-08-02 00:00:00,2003-11-01 00:00:00,95.266
6378,2013-08-02 00:00:00,2003-11-01 00:00:00,88.089
6379,2018-07-31 00:00:00,2003-11-01 00:00:00,82.87
6380,2021-07-30 00:00:00,2003-11-01 00:00:00,82.967
6381,2023-09-29 00:00:00,2003-11-01 00:00:00,78.432
6382,2004-02-02 00:00:00,2003-12-01 00:00:00,105.788
6383,2004-03-01 00:00:00,2003-12-01 00:00:00,105.805
6384,2004-03-26 00:00:00,2003-12-01 00:00:00,105.924
6385,2004-08-03 00:00:00,2003-12-01 00:00:00,106.152
6386,2005-08-02 00:00:00,2003-12-01 00:00:00,106.224
6387,2006-08-01 00:00:00,2003-12-01 00:00:00,106.401
6388,2009-08-04 00:00:00,2003-12-01 00:00:00,95.466
6389,2011-08-02 00:00:00,2003-12-01 00:00:00,95.496
6390,2013-08-02 00:00:00,2003-12-01 00:00:00,88.285
6391,2014-08-01 00:00:00,2003-12-01 00:00:00,88.286
6392,2018-07-31 00:00:00,2003-12-01 00:00:00,83.064
6393,2021-07-30 00:00:00,2003-12-01 00:00:00,83.15
6394,2023-09-29 00:00:00,2003-12-01 00:00:00,78.605
6395,2004-03-01 00:00:00,2004-01-01 00:00:00,106.154
6396,2004-03-26 00:00:00,2004-01-01 00:00:00,106.283
6397,2004-04-30 00:00:00,2004-01-01 00:00:00,106.378
6398,2004-05-28 00:00:00,2004-01-01 00:00:00,106.328
6399,2004-06-28 00:00:00,2004-01-01 00:00:00,106.373
6400,2004-08-03 00:00:00,2004-01-01 00:00:00,106.566
6401,2005-08-02 00:00:00,2004-01-01 00:00:00,106.72
6402,2006-08-01 00:00:00,2004-01-01 00:00:00,106.833
6403,2007-07-31 00:00:00,2004-01-01 00:00:00,106.801
6404,2009-08-04 00:00:00,2004-01-01 00:00:00,95.843
6405,2011-08-02 00:00:00,2004-01-01 00:00:00,95.872
6406,2013-08-02 00:00:00,2004-01-01 00:00:00,88.607
6407,2014-08-01 00:00:00,2004-01-01 00:00:00,88.606
6408,2018-07-31 00:00:00,2004-01-01 00:00:00,83.412
6409,2021-07-30 00:00:00,2004-01-01 00:00:00,83.471
6410,2023-09-29 00:00:00,2004-01-01 00:00:00,78.909
6411,2004-03-26 00:00:00,2004-02-01 00:00:00,106.496
6412,2004-04-30 00:00:00,2004-02-01 00:00:00,106.59
6413,2004-05-28 00:00:00,2004-02-01 00:00:00,106.533
6414,2004-06-28 00:00:00,2004-02-01 00:00:00,106.583
6415,2004-08-03 00:00:00,2004-02-01 00:00:00,106.841
6416,2005-08-02 00:00:00,2004-02-01 00:00:00,107.068
6417,2006-08-01 00:00:00,2004-02-01 00:00:00,107.199
6418,2007-07-31 00:00:00,2004-02-01 00:00:00,107.187
6419,2009-08-04 00:00:00,2004-02-01 00:00:00,96.087
6420,2011-08-02 00:00:00,2004-02-01 00:00:00,96.114
6421,2013-08-02 00:00:00,2004-02-01 00:00:00,88.816
6422,2014-08-01 00:00:00,2004-02-01 00:00:00,88.815
6423,2018-07-31 00:00:00,2004-02-01 00:00:00,83.608
6424,2021-07-30 00:00:00,2004-02-01 00:00:00,83.649
6425,2023-09-29 00:00:00,2004-02-01 00:00:00,79.077
6426,2004-04-30 00:00:00,2004-03-01 00:00:00,106.892
6427,2004-05-28 00:00:00,2004-03-01 00:00:00,106.832
6428,2004-06-28 00:00:00,2004-03-01 00:00:00,106.896
6429,2004-08-03 00:00:00,2004-03-01 00:00:00,107.174
6430,2005-08-02 00:00:00,2004-03-01 00:00:00,107.464
6431,2006-08-01 00:00:00,2004-03-01 00:00:00,107.575
6432,2007-07-31 00:00:00,2004-03-01 00:00:00,107.502
6433,2009-08-04 00:00:00,2004-03-01 00:00:00,96.275
6434,2011-08-02 00:00:00,2004-03-01 00:00:00,96.3
6435,2013-08-02 00:00:00,2004-03-01 00:00:00,88.97
6436,2014-08-01 00:00:00,2004-03-01 00:00:00,88.969
6437,2018-07-31 00:00:00,2004-03-01 00:00:00,83.746
6438,2021-07-30 00:00:00,2004-03-01 00:00:00,83.778
6439,2023-09-29 00:00:00,2004-03-01 00:00:00,79.199
6440,2004-05-28 00:00:00,2004-04-01 00:00:00,106.97
6441,2004-06-28 00:00:00,2004-04-01 00:00:00,107.107
6442,2004-08-03 00:00:00,2004-04-01 00:00:00,107.343
6443,2004-08-30 00:00:00,2004-04-01 00:00:00,107.307
6444,2004-09-30 00:00:00,2004-04-01 00:00:00,107.326
6445,2005-08-02 00:00:00,2004-04-01 00:00:00,107.677
6446,2006-08-01 00:00:00,2004-04-01 00:00:00,107.75
6447,2007-07-31 00:00:00,2004-04-01 00:00:00,107.731
6448,2009-08-04 00:00:00,2004-04-01 00:00:00,96.433
6449,2011-08-02 00:00:00,2004-04-01 00:00:00,96.459
6450,2013-08-02 00:00:00,2004-04-01 00:00:00,89.123
6451,2018-07-31 00:00:00,2004-04-01 00:00:00,83.898
6452,2021-07-30 00:00:00,2004-04-01 00:00:00,83.934
6453,2023-09-29 00:00:00,2004-04-01 00:00:00,79.346
6454,2004-06-28 00:00:00,2004-05-01 00:00:00,107.667
6455,2004-08-03 00:00:00,2004-05-01 00:00:00,107.785
6456,2004-08-30 00:00:00,2004-05-01 00:00:00,107.752
6457,2004-09-30 00:00:00,2004-05-01 00:00:00,107.732
6458,2005-08-02 00:00:00,2004-05-01 00:00:00,108.165
6459,2006-08-01 00:00:00,2004-05-01 00:00:00,108.219
6460,2007-07-31 00:00:00,2004-05-01 00:00:00,108.252
6461,2009-08-04 00:00:00,2004-05-01 00:00:00,96.787
6462,2011-08-02 00:00:00,2004-05-01 00:00:00,96.811
6463,2013-08-02 00:00:00,2004-05-01 00:00:00,89.426
6464,2018-07-31 00:00:00,2004-05-01 00:00:00,84.172
6465,2021-07-30 00:00:00,2004-05-01 00:00:00,84.206
6466,2023-09-29 00:00:00,2004-05-01 00:00:00,79.604
6467,2004-08-03 00:00:00,2004-06-01 00:00:00,108.045
6468,2004-08-30 00:00:00,2004-06-01 00:00:00,108.019
6469,2004-09-30 00:00:00,2004-06-01 00:00:00,107.989
6470,2005-08-02 00:00:00,2004-06-01 00:00:00,108.425
6471,2006-08-01 00:00:00,2004-06-01 00:00:00,108.495
6472,2007-07-31 00:00:00,2004-06-01 00:00:00,108.553
6473,2009-08-04 00:00:00,2004-06-01 00:00:00,97.118
6474,2011-08-02 00:00:00,2004-06-01 00:00:00,97.141
6475,2013-08-02 00:00:00,2004-06-01 00:00:00,89.714
6476,2014-08-01 00:00:00,2004-06-01 00:00:00,89.715
6477,2018-07-31 00:00:00,2004-06-01 00:00:00,84.415
6478,2021-07-30 00:00:00,2004-06-01 00:00:00,84.447
6479,2023-09-29 00:00:00,2004-06-01 00:00:00,79.831
6480,2004-08-30 00:00:00,2004-07-01 00:00:00,107.971
6481,2004-09-30 00:00:00,2004-07-01 00:00:00,107.944
6482,2004-11-01 00:00:00,2004-07-01 00:00:00,107.946
6483,2004-12-01 00:00:00,2004-07-01 00:00:00,107.943
6484,2005-08-02 00:00:00,2004-07-01 00:00:00,108.389
6485,2006-08-01 00:00:00,2004-07-01 00:00:00,108.555
6486,2007-07-31 00:00:00,2004-07-01 00:00:00,108.617
6487,2009-08-04 00:00:00,2004-07-01 00:00:00,97.268
6488,2011-08-02 00:00:00,2004-07-01 00:00:00,97.291
6489,2013-08-02 00:00:00,2004-07-01 00:00:00,89.834
6490,2018-07-31 00:00:00,2004-07-01 00:00:00,84.499
6491,2021-07-30 00:00:00,2004-07-01 00:00:00,84.525
6492,2023-09-29 00:00:00,2004-07-01 00:00:00,79.905
6493,2004-09-30 00:00:00,2004-08-01 00:00:00,107.942
6494,2004-11-01 00:00:00,2004-08-01 00:00:00,107.954
6495,2004-12-01 00:00:00,2004-08-01 00:00:00,107.956
6496,2004-12-23 00:00:00,2004-08-01 00:00:00,108.004
6497,2005-08-02 00:00:00,2004-08-01 00:00:00,108.462
6498,2006-08-01 00:00:00,2004-08-01 00:00:00,108.645
6499,2007-07-31 00:00:00,2004-08-01 00:00:00,108.686
6500,2009-08-04 00:00:00,2004-08-01 00:00:00,97.345
6501,2011-08-02 00:00:00,2004-08-01 00:00:00,97.369
6502,2013-08-02 00:00:00,2004-08-01 00:00:00,89.908
6503,2018-07-31 00:00:00,2004-08-01 00:00:00,84.546
6504,2021-07-30 00:00:00,2004-08-01 00:00:00,84.569
6505,2023-09-29 00:00:00,2004-08-01 00:00:00,79.946
6506,2004-11-01 00:00:00,2004-09-01 00:00:00,108.041
6507,2004-12-01 00:00:00,2004-09-01 00:00:00,108.042
6508,2004-12-23 00:00:00,2004-09-01 00:00:00,108.116
6509,2005-08-02 00:00:00,2004-09-01 00:00:00,108.601
6510,2006-08-01 00:00:00,2004-09-01 00:00:00,108.774
6511,2007-07-31 00:00:00,2004-09-01 00:00:00,108.807
6512,2009-08-04 00:00:00,2004-09-01 00:00:00,97.516
6513,2011-08-02 00:00:00,2004-09-01 00:00:00,97.54
6514,2013-08-02 00:00:00,2004-09-01 00:00:00,90.083
6515,2018-07-31 00:00:00,2004-09-01 00:00:00,84.714
6516,2021-07-30 00:00:00,2004-09-01 00:00:00,84.735
6517,2023-09-29 00:00:00,2004-09-01 00:00:00,80.104
6518,2004-12-01 00:00:00,2004-10-01 00:00:00,108.475
6519,2004-12-23 00:00:00,2004-10-01 00:00:00,108.539
6520,2005-01-31 00:00:00,2004-10-01 00:00:00,108.588
6521,2005-02-28 00:00:00,2004-10-01 00:00:00,108.56
6522,2005-03-31 00:00:00,2004-10-01 00:00:00,108.596
6523,2005-08-02 00:00:00,2004-10-01 00:00:00,109.146
6524,2006-08-01 00:00:00,2004-10-01 00:00:00,109.319
6525,2007-07-31 00:00:00,2004-10-01 00:00:00,109.355
6526,2009-08-04 00:00:00,2004-10-01 00:00:00,97.909
6527,2011-08-02 00:00:00,2004-10-01 00:00:00,97.929
6528,2013-08-02 00:00:00,2004-10-01 00:00:00,90.43
6529,2018-07-31 00:00:00,2004-10-01 00:00:00,85.077
6530,2021-07-30 00:00:00,2004-10-01 00:00:00,85.099
6531,2023-09-29 00:00:00,2004-10-01 00:00:00,80.448
6532,2004-12-23 00:00:00,2004-11-01 00:00:00,108.685
6533,2005-01-31 00:00:00,2004-11-01 00:00:00,108.78
6534,2005-02-28 00:00:00,2004-11-01 00:00:00,108.799
6535,2005-03-31 00:00:00,2004-11-01 00:00:00,108.827
6536,2005-08-02 00:00:00,2004-11-01 00:00:00,109.42
6537,2006-08-01 00:00:00,2004-11-01 00:00:00,109.554
6538,2007-07-31 00:00:00,2004-11-01 00:00:00,109.606
6539,2009-08-04 00:00:00,2004-11-01 00:00:00,98.265
6540,2011-08-02 00:00:00,2004-11-01 00:00:00,98.281
6541,2013-08-02 00:00:00,2004-11-01 00:00:00,90.734
6542,2018-07-31 00:00:00,2004-11-01 00:00:00,85.403
6543,2021-07-30 00:00:00,2004-11-01 00:00:00,85.427
6544,2023-09-29 00:00:00,2004-11-01 00:00:00,80.758
6545,2005-01-31 00:00:00,2004-12-01 00:00:00,108.664
6546,2005-02-28 00:00:00,2004-12-01 00:00:00,108.748
6547,2005-03-31 00:00:00,2004-12-01 00:00:00,108.777
6548,2005-08-02 00:00:00,2004-12-01 00:00:00,109.411
6549,2006-08-01 00:00:00,2004-12-01 00:00:00,109.555
6550,2007-07-31 00:00:00,2004-12-01 00:00:00,109.601
6551,2009-08-04 00:00:00,2004-12-01 00:00:00,98.327
6552,2011-08-02 00:00:00,2004-12-01 00:00:00,98.34
6553,2013-08-02 00:00:00,2004-12-01 00:00:00,90.793
6554,2018-07-31 00:00:00,2004-12-01 00:00:00,85.446
6555,2021-07-30 00:00:00,2004-12-01 00:00:00,85.473
6556,2023-09-29 00:00:00,2004-12-01 00:00:00,80.801
6557,2005-02-28 00:00:00,2005-01-01 00:00:00,108.949
6558,2005-03-31 00:00:00,2005-01-01 00:00:00,108.954
6559,2005-04-29 00:00:00,2005-01-01 00:00:00,108.945
6560,2005-05-27 00:00:00,2005-01-01 00:00:00,108.931
6561,2005-06-30 00:00:00,2005-01-01 00:00:00,108.956
6562,2005-08-02 00:00:00,2005-01-01 00:00:00,109.599
6563,2006-08-01 00:00:00,2005-01-01 00:00:00,109.713
6564,2007-07-31 00:00:00,2005-01-01 00:00:00,109.75
6565,2008-08-04 00:00:00,2005-01-01 00:00:00,109.912
6566,2009-08-04 00:00:00,2005-01-01 00:00:00,98.454
6567,2011-08-02 00:00:00,2005-01-01 00:00:00,98.465
6568,2013-08-02 00:00:00,2005-01-01 00:00:00,90.855
6569,2014-08-01 00:00:00,2005-01-01 00:00:00,90.854
6570,2018-07-31 00:00:00,2005-01-01 00:00:00,85.556
6571,2021-07-30 00:00:00,2005-01-01 00:00:00,85.585
6572,2023-09-29 00:00:00,2005-01-01 00:00:00,80.907
6573,2005-03-31 00:00:00,2005-02-01 00:00:00,109.245
6574,2005-04-29 00:00:00,2005-02-01 00:00:00,109.239
6575,2005-05-27 00:00:00,2005-02-01 00:00:00,109.224
6576,2005-06-30 00:00:00,2005-02-01 00:00:00,109.158
6577,2005-08-02 00:00:00,2005-02-01 00:00:00,109.878
6578,2006-08-01 00:00:00,2005-02-01 00:00:00,110.036
6579,2007-07-31 00:00:00,2005-02-01 00:00:00,110.089
6580,2008-08-04 00:00:00,2005-02-01 00:00:00,110.171
6581,2009-08-04 00:00:00,2005-02-01 00:00:00,98.745
6582,2011-08-02 00:00:00,2005-02-01 00:00:00,98.759
6583,2013-08-02 00:00:00,2005-02-01 00:00:00,91.121
6584,2014-08-01 00:00:00,2005-02-01 00:00:00,91.12
6585,2018-07-31 00:00:00,2005-02-01 00:00:00,85.791
6586,2021-07-30 00:00:00,2005-02-01 00:00:00,85.823
6587,2023-09-29 00:00:00,2005-02-01 00:00:00,81.132
6588,2005-04-29 00:00:00,2005-03-01 00:00:00,109.744
6589,2005-05-27 00:00:00,2005-03-01 00:00:00,109.731
6590,2005-06-30 00:00:00,2005-03-01 00:00:00,109.639
6591,2005-08-02 00:00:00,2005-03-01 00:00:00,110.329
6592,2006-08-01 00:00:00,2005-03-01 00:00:00,110.524
6593,2007-07-31 00:00:00,2005-03-01 00:00:00,110.518
6594,2008-08-04 00:00:00,2005-03-01 00:00:00,110.477
6595,2009-08-04 00:00:00,2005-03-01 00:00:00,99.062
6596,2011-08-02 00:00:00,2005-03-01 00:00:00,99.071
6597,2013-08-02 00:00:00,2005-03-01 00:00:00,91.392
6598,2018-07-31 00:00:00,2005-03-01 00:00:00,86.038
6599,2021-07-30 00:00:00,2005-03-01 00:00:00,86.08
6600,2023-09-29 00:00:00,2005-03-01 00:00:00,81.375
6601,2005-05-27 00:00:00,2005-04-01 00:00:00,110.193
6602,2005-06-30 00:00:00,2005-04-01 00:00:00,110.091
6603,2005-08-02 00:00:00,2005-04-01 00:00:00,110.81
6604,2005-09-01 00:00:00,2005-04-01 00:00:00,110.774
6605,2005-09-30 00:00:00,2005-04-01 00:00:00,110.792
6606,2006-08-01 00:00:00,2005-04-01 00:00:00,110.908
6607,2007-07-31 00:00:00,2005-04-01 00:00:00,110.94
6608,2008-08-04 00:00:00,2005-04-01 00:00:00,110.854
6609,2009-08-04 00:00:00,2005-04-01 00:00:00,99.377
6610,2011-08-02 00:00:00,2005-04-01 00:00:00,99.376
6611,2013-08-02 00:00:00,2005-04-01 00:00:00,91.654
6612,2014-08-01 00:00:00,2005-04-01 00:00:00,91.655
6613,2018-07-31 00:00:00,2005-04-01 00:00:00,86.266
6614,2021-07-30 00:00:00,2005-04-01 00:00:00,86.321
6615,2023-09-29 00:00:00,2005-04-01 00:00:00,81.603
6616,2005-06-30 00:00:00,2005-05-01 00:00:00,110.14
6617,2005-08-02 00:00:00,2005-05-01 00:00:00,110.857
6618,2005-09-01 00:00:00,2005-05-01 00:00:00,110.82
6619,2005-09-30 00:00:00,2005-05-01 00:00:00,110.847
6620,2006-08-01 00:00:00,2005-05-01 00:00:00,110.948
6621,2007-07-31 00:00:00,2005-05-01 00:00:00,111.063
6622,2008-08-04 00:00:00,2005-05-01 00:00:00,110.852
6623,2009-08-04 00:00:00,2005-05-01 00:00:00,99.347
6624,2011-08-02 00:00:00,2005-05-01 00:00:00,99.343
6625,2013-08-02 00:00:00,2005-05-01 00:00:00,91.737
6626,2014-08-01 00:00:00,2005-05-01 00:00:00,91.738
6627,2018-07-31 00:00:00,2005-05-01 00:00:00,86.308
6628,2021-07-30 00:00:00,2005-05-01 00:00:00,86.37
6629,2023-09-29 00:00:00,2005-05-01 00:00:00,81.649
6630,2005-08-02 00:00:00,2005-06-01 00:00:00,110.856
6631,2005-09-01 00:00:00,2005-06-01 00:00:00,110.813
6632,2005-09-30 00:00:00,2005-06-01 00:00:00,110.858
6633,2006-08-01 00:00:00,2005-06-01 00:00:00,110.964
6634,2007-07-31 00:00:00,2005-06-01 00:00:00,111.107
6635,2008-08-04 00:00:00,2005-06-01 00:00:00,110.938
6636,2009-08-04 00:00:00,2005-06-01 00:00:00,99.399
6637,2011-08-02 00:00:00,2005-06-01 00:00:00,99.398
6638,2013-08-02 00:00:00,2005-06-01 00:00:00,91.791
6639,2014-08-01 00:00:00,2005-06-01 00:00:00,91.792
6640,2018-07-31 00:00:00,2005-06-01 00:00:00,86.357
6641,2021-07-30 00:00:00,2005-06-01 00:00:00,86.423
6642,2023-09-29 00:00:00,2005-06-01 00:00:00,81.7
6643,2005-09-01 00:00:00,2005-07-01 00:00:00,111.143
6644,2005-09-30 00:00:00,2005-07-01 00:00:00,111.19
6645,2005-10-31 00:00:00,2005-07-01 00:00:00,111.191
6646,2005-12-01 00:00:00,2005-07-01 00:00:00,111.165
6647,2005-12-22 00:00:00,2005-07-01 00:00:00,111.181
6648,2006-08-01 00:00:00,2005-07-01 00:00:00,111.412
6649,2007-07-31 00:00:00,2005-07-01 00:00:00,111.57
6650,2008-08-04 00:00:00,2005-07-01 00:00:00,111.451
6651,2009-08-04 00:00:00,2005-07-01 00:00:00,99.83
6652,2011-08-02 00:00:00,2005-07-01 00:00:00,99.828
6653,2013-08-02 00:00:00,2005-07-01 00:00:00,92.178
6654,2014-08-01 00:00:00,2005-07-01 00:00:00,92.181
6655,2018-07-31 00:00:00,2005-07-01 00:00:00,86.722
6656,2021-07-30 00:00:00,2005-07-01 00:00:00,86.79
6657,2023-09-29 00:00:00,2005-07-01 00:00:00,82.046
6658,2005-09-30 00:00:00,2005-08-01 00:00:00,111.696
6659,2005-10-31 00:00:00,2005-08-01 00:00:00,111.647
6660,2005-12-01 00:00:00,2005-08-01 00:00:00,111.622
6661,2005-12-22 00:00:00,2005-08-01 00:00:00,111.651
6662,2006-08-01 00:00:00,2005-08-01 00:00:00,111.875
6663,2007-07-31 00:00:00,2005-08-01 00:00:00,112.013
6664,2008-08-04 00:00:00,2005-08-01 00:00:00,111.965
6665,2009-08-04 00:00:00,2005-08-01 00:00:00,100.288
6666,2011-08-02 00:00:00,2005-08-01 00:00:00,100.283
6667,2013-08-02 00:00:00,2005-08-01 00:00:00,92.561
6668,2014-08-01 00:00:00,2005-08-01 00:00:00,92.563
6669,2018-07-31 00:00:00,2005-08-01 00:00:00,87.069
6670,2021-07-30 00:00:00,2005-08-01 00:00:00,87.14
6671,2023-09-29 00:00:00,2005-08-01 00:00:00,82.377
6672,2005-10-31 00:00:00,2005-09-01 00:00:00,112.684
6673,2005-12-01 00:00:00,2005-09-01 00:00:00,112.657
6674,2005-12-22 00:00:00,2005-09-01 00:00:00,112.707
6675,2006-08-01 00:00:00,2005-09-01 00:00:00,112.912
6676,2007-07-31 00:00:00,2005-09-01 00:00:00,113.033
6677,2008-08-04 00:00:00,2005-09-01 00:00:00,113.086
6678,2009-08-04 00:00:00,2005-09-01 00:00:00,101.367
6679,2011-08-02 00:00:00,2005-09-01 00:00:00,101.363
6680,2013-08-02 00:00:00,2005-09-01 00:00:00,93.456
6681,2014-08-01 00:00:00,2005-09-01 00:00:00,93.458
6682,2018-07-31 00:00:00,2005-09-01 00:00:00,87.905
6683,2021-07-30 00:00:00,2005-09-01 00:00:00,87.981
6684,2023-09-29 00:00:00,2005-09-01 00:00:00,83.172
6685,2005-12-01 00:00:00,2005-10-01 00:00:00,112.771
6686,2005-12-22 00:00:00,2005-10-01 00:00:00,112.835
6687,2006-01-30 00:00:00,2005-10-01 00:00:00,112.86
6688,2006-03-01 00:00:00,2005-10-01 00:00:00,112.89
6689,2006-03-31 00:00:00,2005-10-01 00:00:00,112.964
6690,2006-08-01 00:00:00,2005-10-01 00:00:00,113.167
6691,2007-07-31 00:00:00,2005-10-01 00:00:00,113.289
6692,2008-08-04 00:00:00,2005-10-01 00:00:00,113.286
6693,2009-08-04 00:00:00,2005-10-01 00:00:00,101.561
6694,2011-08-02 00:00:00,2005-10-01 00:00:00,101.554
6695,2013-08-02 00:00:00,2005-10-01 00:00:00,93.593
6696,2014-08-01 00:00:00,2005-10-01 00:00:00,93.594
6697,2018-07-31 00:00:00,2005-10-01 00:00:00,88.038
6698,2021-07-30 00:00:00,2005-10-01 00:00:00,88.121
6699,2023-09-29 00:00:00,2005-10-01 00:00:00,83.305
6700,2005-12-22 00:00:00,2005-11-01 00:00:00,112.351
6701,2006-01-30 00:00:00,2005-11-01 00:00:00,112.445
6702,2006-03-01 00:00:00,2005-11-01 00:00:00,112.432
6703,2006-03-31 00:00:00,2005-11-01 00:00:00,112.477
6704,2006-08-01 00:00:00,2005-11-01 00:00:00,112.737
6705,2007-07-31 00:00:00,2005-11-01 00:00:00,112.862
6706,2008-08-04 00:00:00,2005-11-01 00:00:00,112.993
6707,2009-08-04 00:00:00,2005-11-01 00:00:00,101.297
6708,2011-08-02 00:00:00,2005-11-01 00:00:00,101.291
6709,2013-08-02 00:00:00,2005-11-01 00:00:00,93.381
6710,2018-07-31 00:00:00,2005-11-01 00:00:00,87.85
6711,2021-07-30 00:00:00,2005-11-01 00:00:00,87.938
6712,2023-09-29 00:00:00,2005-11-01 00:00:00,83.131
6713,2006-01-30 00:00:00,2005-12-01 00:00:00,112.424
6714,2006-03-01 00:00:00,2005-12-01 00:00:00,112.426
6715,2006-03-31 00:00:00,2005-12-01 00:00:00,112.47
6716,2006-08-01 00:00:00,2005-12-01 00:00:00,112.715
6717,2007-07-31 00:00:00,2005-12-01 00:00:00,112.816
6718,2008-08-04 00:00:00,2005-12-01 00:00:00,112.988
6719,2009-08-04 00:00:00,2005-12-01 00:00:00,101.273
6720,2011-08-02 00:00:00,2005-12-01 00:00:00,101.269
6721,2013-08-02 00:00:00,2005-12-01 00:00:00,93.4
6722,2018-07-31 00:00:00,2005-12-01 00:00:00,87.851
6723,2021-07-30 00:00:00,2005-12-01 00:00:00,87.938
6724,2023-09-29 00:00:00,2005-12-01 00:00:00,83.131
6725,2006-03-01 00:00:00,2006-01-01 00:00:00,112.969
6726,2006-03-31 00:00:00,2006-01-01 00:00:00,113.014
6727,2006-05-01 00:00:00,2006-01-01 00:00:00,113.02
6728,2006-05-26 00:00:00,2006-01-01 00:00:00,112.997
6729,2006-06-30 00:00:00,2006-01-01 00:00:00,113.026
6730,2006-08-01 00:00:00,2006-01-01 00:00:00,113.258
6731,2007-07-31 00:00:00,2006-01-01 00:00:00,113.322
6732,2008-08-04 00:00:00,2006-01-01 00:00:00,113.506
6733,2009-08-04 00:00:00,2006-01-01 00:00:00,101.725
6734,2011-08-02 00:00:00,2006-01-01 00:00:00,101.716
6735,2013-08-02 00:00:00,2006-01-01 00:00:00,93.81
6736,2014-08-01 00:00:00,2006-01-01 00:00:00,93.811
6737,2018-07-31 00:00:00,2006-01-01 00:00:00,88.279
6738,2021-07-30 00:00:00,2006-01-01 00:00:00,88.364
6739,2023-09-29 00:00:00,2006-01-01 00:00:00,83.534
6740,2006-03-31 00:00:00,2006-02-01 00:00:00,113.064
6741,2006-05-01 00:00:00,2006-02-01 00:00:00,113.079
6742,2006-05-26 00:00:00,2006-02-01 00:00:00,113.068
6743,2006-06-30 00:00:00,2006-02-01 00:00:00,113.069
6744,2006-08-01 00:00:00,2006-02-01 00:00:00,113.34
6745,2007-07-31 00:00:00,2006-02-01 00:00:00,113.41
6746,2008-08-04 00:00:00,2006-02-01 00:00:00,113.529
6747,2009-08-04 00:00:00,2006-02-01 00:00:00,101.764
6748,2011-08-02 00:00:00,2006-02-01 00:00:00,101.756
6749,2013-08-02 00:00:00,2006-02-01 00:00:00,93.852
6750,2018-07-31 00:00:00,2006-02-01 00:00:00,88.323
6751,2021-07-30 00:00:00,2006-02-01 00:00:00,88.417
6752,2023-09-29 00:00:00,2006-02-01 00:00:00,83.584
6753,2006-05-01 00:00:00,2006-03-01 00:00:00,113.49
6754,2006-05-26 00:00:00,2006-03-01 00:00:00,113.493
6755,2006-06-30 00:00:00,2006-03-01 00:00:00,113.489
6756,2006-08-01 00:00:00,2006-03-01 00:00:00,113.737
6757,2007-07-31 00:00:00,2006-03-01 00:00:00,113.708
6758,2009-08-04 00:00:00,2006-03-01 00:00:00,101.921
6759,2011-08-02 00:00:00,2006-03-01 00:00:00,101.909
6760,2013-08-02 00:00:00,2006-03-01 00:00:00,94.007
6761,2018-07-31 00:00:00,2006-03-01 00:00:00,88.473
6762,2021-07-30 00:00:00,2006-03-01 00:00:00,88.588
6763,2023-09-29 00:00:00,2006-03-01 00:00:00,83.746
6764,2006-05-26 00:00:00,2006-04-01 00:00:00,114.037
6765,2006-06-30 00:00:00,2006-04-01 00:00:00,114.033
6766,2006-08-01 00:00:00,2006-04-01 00:00:00,114.253
6767,2006-08-31 00:00:00,2006-04-01 00:00:00,114.265
6768,2006-09-29 00:00:00,2006-04-01 00:00:00,114.254
6769,2007-07-31 00:00:00,2006-04-01 00:00:00,114.266
6770,2008-08-04 00:00:00,2006-04-01 00:00:00,114.189
6771,2009-08-04 00:00:00,2006-04-01 00:00:00,102.328
6772,2011-08-02 00:00:00,2006-04-01 00:00:00,102.314
6773,2013-08-02 00:00:00,2006-04-01 00:00:00,94.397
6774,2014-08-01 00:00:00,2006-04-01 00:00:00,94.398
6775,2018-07-31 00:00:00,2006-04-01 00:00:00,88.85
6776,2021-07-30 00:00:00,2006-04-01 00:00:00,88.999
6777,2023-09-29 00:00:00,2006-04-01 00:00:00,84.135
6778,2006-06-30 00:00:00,2006-05-01 00:00:00,114.453
6779,2006-08-01 00:00:00,2006-05-01 00:00:00,114.678
6780,2006-08-31 00:00:00,2006-05-01 00:00:00,114.676
6781,2006-09-29 00:00:00,2006-05-01 00:00:00,114.65
6782,2007-07-31 00:00:00,2006-05-01 00:00:00,114.756
6783,2008-08-04 00:00:00,2006-05-01 00:00:00,114.51
6784,2009-08-04 00:00:00,2006-05-01 00:00:00,102.588
6785,2011-08-02 00:00:00,2006-05-01 00:00:00,102.569
6786,2013-08-02 00:00:00,2006-05-01 00:00:00,94.607
6787,2014-08-01 00:00:00,2006-05-01 00:00:00,94.609
6788,2018-07-31 00:00:00,2006-05-01 00:00:00,89.07
6789,2021-07-30 00:00:00,2006-05-01 00:00:00,89.239
6790,2023-09-29 00:00:00,2006-05-01 00:00:00,84.361
6791,2006-08-01 00:00:00,2006-06-01 00:00:00,114.877
6792,2006-08-31 00:00:00,2006-06-01 00:00:00,114.842
6793,2006-09-29 00:00:00,2006-06-01 00:00:00,114.815
6794,2007-07-31 00:00:00,2006-06-01 00:00:00,114.989
6795,2008-08-04 00:00:00,2006-06-01 00:00:00,114.796
6796,2009-08-04 00:00:00,2006-06-01 00:00:00,102.787
6797,2011-08-02 00:00:00,2006-06-01 00:00:00,102.761
6798,2013-08-02 00:00:00,2006-06-01 00:00:00,94.83
6799,2014-08-01 00:00:00,2006-06-01 00:00:00,94.832
6800,2018-07-31 00:00:00,2006-06-01 00:00:00,89.285
6801,2021-07-30 00:00:00,2006-06-01 00:00:00,89.459
6802,2023-09-29 00:00:00,2006-06-01 00:00:00,84.569
6803,2006-08-31 00:00:00,2006-07-01 00:00:00,115.223
6804,2006-09-29 00:00:00,2006-07-01 00:00:00,115.199
6805,2006-10-30 00:00:00,2006-07-01 00:00:00,115.193
6806,2006-11-30 00:00:00,2006-07-01 00:00:00,115.176
6807,2006-12-22 00:00:00,2006-07-01 00:00:00,115.16
6808,2007-07-31 00:00:00,2006-07-01 00:00:00,115.336
6809,2008-08-04 00:00:00,2006-07-01 00:00:00,115.213
6810,2009-08-04 00:00:00,2006-07-01 00:00:00,103.119
6811,2011-08-02 00:00:00,2006-07-01 00:00:00,103.09
6812,2013-08-02 00:00:00,2006-07-01 00:00:00,95.165
6813,2014-08-01 00:00:00,2006-07-01 00:00:00,95.167
6814,2018-07-31 00:00:00,2006-07-01 00:00:00,89.601
6815,2021-07-30 00:00:00,2006-07-01 00:00:00,89.765
6816,2023-09-29 00:00:00,2006-07-01 00:00:00,84.858
6817,2006-09-29 00:00:00,2006-08-01 00:00:00,115.477
6818,2006-10-30 00:00:00,2006-08-01 00:00:00,115.502
6819,2006-11-30 00:00:00,2006-08-01 00:00:00,115.486
6820,2006-12-22 00:00:00,2006-08-01 00:00:00,115.465
6821,2007-07-31 00:00:00,2006-08-01 00:00:00,115.619
6822,2008-08-04 00:00:00,2006-08-01 00:00:00,115.594
6823,2009-08-04 00:00:00,2006-08-01 00:00:00,103.517
6824,2011-08-02 00:00:00,2006-08-01 00:00:00,103.489
6825,2013-08-02 00:00:00,2006-08-01 00:00:00,95.465
6826,2014-08-01 00:00:00,2006-08-01 00:00:00,95.467
6827,2018-07-31 00:00:00,2006-08-01 00:00:00,89.885
6828,2021-07-30 00:00:00,2006-08-01 00:00:00,90.047
6829,2023-09-29 00:00:00,2006-08-01 00:00:00,85.125
6830,2006-10-30 00:00:00,2006-09-01 00:00:00,115.14
6831,2006-11-30 00:00:00,2006-09-01 00:00:00,115.116
6832,2006-12-22 00:00:00,2006-09-01 00:00:00,115.098
6833,2007-07-31 00:00:00,2006-09-01 00:00:00,115.263
6834,2008-08-04 00:00:00,2006-09-01 00:00:00,115.337
6835,2009-08-04 00:00:00,2006-09-01 00:00:00,103.312
6836,2011-08-02 00:00:00,2006-09-01 00:00:00,103.279
6837,2013-08-02 00:00:00,2006-09-01 00:00:00,95.231
6838,2014-08-01 00:00:00,2006-09-01 00:00:00,95.232
6839,2018-07-31 00:00:00,2006-09-01 00:00:00,89.646
6840,2021-07-30 00:00:00,2006-09-01 00:00:00,89.812
6841,2023-09-29 00:00:00,2006-09-01 00:00:00,84.902
6842,2006-11-30 00:00:00,2006-10-01 00:00:00,114.861
6843,2006-12-22 00:00:00,2006-10-01 00:00:00,114.852
6844,2007-02-01 00:00:00,2006-10-01 00:00:00,114.867
6845,2007-03-01 00:00:00,2006-10-01 00:00:00,114.842
6846,2007-03-30 00:00:00,2006-10-01 00:00:00,114.83
6847,2007-07-31 00:00:00,2006-10-01 00:00:00,114.992
6848,2008-08-04 00:00:00,2006-10-01 00:00:00,115.016
6849,2009-08-04 00:00:00,2006-10-01 00:00:00,103.079
6850,2011-08-02 00:00:00,2006-10-01 00:00:00,103.042
6851,2013-08-02 00:00:00,2006-10-01 00:00:00,94.979
6852,2018-07-31 00:00:00,2006-10-01 00:00:00,89.428
6853,2021-07-30 00:00:00,2006-10-01 00:00:00,89.599
6854,2023-09-29 00:00:00,2006-10-01 00:00:00,84.702
6855,2006-12-22 00:00:00,2006-11-01 00:00:00,114.861
6856,2007-02-01 00:00:00,2006-11-01 00:00:00,114.875
6857,2007-03-01 00:00:00,2006-11-01 00:00:00,114.873
6858,2007-03-30 00:00:00,2006-11-01 00:00:00,114.844
6859,2007-07-31 00:00:00,2006-11-01 00:00:00,115.021
6860,2008-08-04 00:00:00,2006-11-01 00:00:00,115.121
6861,2009-08-04 00:00:00,2006-11-01 00:00:00,103.211
6862,2011-08-02 00:00:00,2006-11-01 00:00:00,103.173
6863,2013-08-02 00:00:00,2006-11-01 00:00:00,95.004
6864,2018-07-31 00:00:00,2006-11-01 00:00:00,89.461
6865,2021-07-30 00:00:00,2006-11-01 00:00:00,89.63
6866,2023-09-29 00:00:00,2006-11-01 00:00:00,84.731
6867,2007-02-01 00:00:00,2006-12-01 00:00:00,115.294
6868,2007-03-01 00:00:00,2006-12-01 00:00:00,115.26
6869,2007-03-30 00:00:00,2006-12-01 00:00:00,115.225
6870,2007-07-31 00:00:00,2006-12-01 00:00:00,115.417
6871,2008-08-04 00:00:00,2006-12-01 00:00:00,115.58
6872,2009-08-04 00:00:00,2006-12-01 00:00:00,103.605
6873,2011-08-02 00:00:00,2006-12-01 00:00:00,103.575
6874,2013-08-02 00:00:00,2006-12-01 00:00:00,95.392
6875,2014-08-01 00:00:00,2006-12-01 00:00:00,95.393
6876,2018-07-31 00:00:00,2006-12-01 00:00:00,89.789
6877,2021-07-30 00:00:00,2006-12-01 00:00:00,89.949
6878,2023-09-29 00:00:00,2006-12-01 00:00:00,85.032
6879,2007-03-01 00:00:00,2007-01-01 00:00:00,115.496
6880,2007-03-30 00:00:00,2007-01-01 00:00:00,115.445
6881,2007-04-30 00:00:00,2007-01-01 00:00:00,115.434
6882,2007-06-01 00:00:00,2007-01-01 00:00:00,115.431
6883,2007-06-29 00:00:00,2007-01-01 00:00:00,115.562
6884,2007-07-31 00:00:00,2007-01-01 00:00:00,115.74
6885,2008-08-04 00:00:00,2007-01-01 00:00:00,115.869
6886,2009-08-04 00:00:00,2007-01-01 00:00:00,103.889
6887,2010-08-03 00:00:00,2007-01-01 00:00:00,103.919
6888,2011-08-02 00:00:00,2007-01-01 00:00:00,103.881
6889,2013-08-02 00:00:00,2007-01-01 00:00:00,95.689
6890,2018-07-31 00:00:00,2007-01-01 00:00:00,90.109
6891,2021-07-30 00:00:00,2007-01-01 00:00:00,90.249
6892,2023-09-29 00:00:00,2007-01-01 00:00:00,85.316
6893,2007-03-30 00:00:00,2007-02-01 00:00:00,115.914
6894,2007-04-30 00:00:00,2007-02-01 00:00:00,115.902
6895,2007-06-01 00:00:00,2007-02-01 00:00:00,115.9
6896,2007-06-29 00:00:00,2007-02-01 00:00:00,115.901
6897,2007-07-31 00:00:00,2007-02-01 00:00:00,116.064
6898,2008-08-04 00:00:00,2007-02-01 00:00:00,116.155
6899,2009-08-04 00:00:00,2007-02-01 00:00:00,104.234
6900,2010-08-03 00:00:00,2007-02-01 00:00:00,104.298
6901,2011-08-02 00:00:00,2007-02-01 00:00:00,104.256
6902,2013-08-02 00:00:00,2007-02-01 00:00:00,96.005
6903,2018-07-31 00:00:00,2007-02-01 00:00:00,90.394
6904,2021-07-30 00:00:00,2007-02-01 00:00:00,90.529
6905,2023-09-29 00:00:00,2007-02-01 00:00:00,85.581
6906,2007-04-30 00:00:00,2007-03-01 00:00:00,116.415
6907,2007-06-01 00:00:00,2007-03-01 00:00:00,116.4
6908,2007-07-31 00:00:00,2007-03-01 00:00:00,116.582
6909,2008-08-04 00:00:00,2007-03-01 00:00:00,116.581
6910,2009-08-04 00:00:00,2007-03-01 00:00:00,104.627
6911,2010-08-03 00:00:00,2007-03-01 00:00:00,104.715
6912,2011-08-02 00:00:00,2007-03-01 00:00:00,104.663
6913,2013-08-02 00:00:00,2007-03-01 00:00:00,96.34
6914,2018-07-31 00:00:00,2007-03-01 00:00:00,90.715
6915,2021-07-30 00:00:00,2007-03-01 00:00:00,90.861
6916,2023-09-29 00:00:00,2007-03-01 00:00:00,85.894
6917,2007-06-01 00:00:00,2007-04-01 00:00:00,116.742
6918,2007-06-29 00:00:00,2007-04-01 00:00:00,116.75
6919,2007-07-31 00:00:00,2007-04-01 00:00:00,116.927
6920,2007-08-31 00:00:00,2007-04-01 00:00:00,116.91
6921,2007-09-28 00:00:00,2007-04-01 00:00:00,116.917
6922,2008-08-04 00:00:00,2007-04-01 00:00:00,116.894
6923,2009-08-04 00:00:00,2007-04-01 00:00:00,104.835
6924,2010-08-03 00:00:00,2007-04-01 00:00:00,104.955
6925,2011-08-02 00:00:00,2007-04-01 00:00:00,104.899
6926,2013-08-02 00:00:00,2007-04-01 00:00:00,96.526
6927,2014-08-01 00:00:00,2007-04-01 00:00:00,96.527
6928,2018-07-31 00:00:00,2007-04-01 00:00:00,90.906
6929,2021-07-30 00:00:00,2007-04-01 00:00:00,91.074
6930,2023-09-29 00:00:00,2007-04-01 00:00:00,86.096
6931,2007-06-29 00:00:00,2007-05-01 00:00:00,117.301
6932,2007-07-31 00:00:00,2007-05-01 00:00:00,117.494
6933,2007-08-31 00:00:00,2007-05-01 00:00:00,117.464
6934,2007-09-28 00:00:00,2007-05-01 00:00:00,117.474
6935,2008-08-04 00:00:00,2007-05-01 00:00:00,117.289
6936,2009-08-04 00:00:00,2007-05-01 00:00:00,105.108
6937,2010-08-03 00:00:00,2007-05-01 00:00:00,105.259
6938,2011-08-02 00:00:00,2007-05-01 00:00:00,105.204
6939,2013-08-02 00:00:00,2007-05-01 00:00:00,96.796
6940,2014-08-01 00:00:00,2007-05-01 00:00:00,96.798
6941,2018-07-31 00:00:00,2007-05-01 00:00:00,91.16
6942,2021-07-30 00:00:00,2007-05-01 00:00:00,91.339
6943,2023-09-29 00:00:00,2007-05-01 00:00:00,86.346
6944,2007-07-31 00:00:00,2007-06-01 00:00:00,117.663
6945,2007-08-31 00:00:00,2007-06-01 00:00:00,117.641
6946,2007-09-28 00:00:00,2007-06-01 00:00:00,117.644
6947,2008-08-04 00:00:00,2007-06-01 00:00:00,117.554
6948,2009-08-04 00:00:00,2007-06-01 00:00:00,105.279
6949,2010-08-03 00:00:00,2007-06-01 00:00:00,105.424
6950,2011-08-02 00:00:00,2007-06-01 00:00:00,105.371
6951,2013-08-02 00:00:00,2007-06-01 00:00:00,96.995
6952,2014-08-01 00:00:00,2007-06-01 00:00:00,96.997
6953,2018-07-31 00:00:00,2007-06-01 00:00:00,91.352
6954,2021-07-30 00:00:00,2007-06-01 00:00:00,91.532
6955,2023-09-29 00:00:00,2007-06-01 00:00:00,86.529
6956,2007-08-31 00:00:00,2007-07-01 00:00:00,117.741
6957,2007-09-28 00:00:00,2007-07-01 00:00:00,117.743
6958,2007-11-01 00:00:00,2007-07-01 00:00:00,117.772
6959,2007-11-30 00:00:00,2007-07-01 00:00:00,117.757
6960,2007-12-21 00:00:00,2007-07-01 00:00:00,117.776
6961,2008-08-04 00:00:00,2007-07-01 00:00:00,117.756
6962,2009-08-04 00:00:00,2007-07-01 00:00:00,105.45
6963,2010-08-03 00:00:00,2007-07-01 00:00:00,105.615
6964,2011-08-02 00:00:00,2007-07-01 00:00:00,105.551
6965,2013-08-02 00:00:00,2007-07-01 00:00:00,97.138
6966,2014-08-01 00:00:00,2007-07-01 00:00:00,97.141
6967,2018-07-31 00:00:00,2007-07-01 00:00:00,91.499
6968,2021-07-30 00:00:00,2007-07-01 00:00:00,91.672
6969,2023-09-29 00:00:00,2007-07-01 00:00:00,86.661
6970,2007-09-28 00:00:00,2007-08-01 00:00:00,117.651
6971,2007-11-01 00:00:00,2007-08-01 00:00:00,117.725
6972,2007-11-30 00:00:00,2007-08-01 00:00:00,117.711
6973,2007-12-21 00:00:00,2007-08-01 00:00:00,117.755
6974,2008-08-04 00:00:00,2007-08-01 00:00:00,117.859
6975,2009-08-04 00:00:00,2007-08-01 00:00:00,105.589
6976,2010-08-03 00:00:00,2007-08-01 00:00:00,105.705
6977,2011-08-02 00:00:00,2007-08-01 00:00:00,105.627
6978,2013-08-02 00:00:00,2007-08-01 00:00:00,97.222
6979,2014-08-01 00:00:00,2007-08-01 00:00:00,97.225
6980,2018-07-31 00:00:00,2007-08-01 00:00:00,91.558
6981,2021-07-30 00:00:00,2007-08-01 00:00:00,91.734
6982,2023-09-29 00:00:00,2007-08-01 00:00:00,86.72
6983,2007-11-01 00:00:00,2007-09-01 00:00:00,117.987
6984,2007-11-30 00:00:00,2007-09-01 00:00:00,118.027
6985,2007-12-21 00:00:00,2007-09-01 00:00:00,118.087
6986,2008-08-04 00:00:00,2007-09-01 00:00:00,118.293
6987,2009-08-04 00:00:00,2007-09-01 00:00:00,106.003
6988,2010-08-03 00:00:00,2007-09-01 00:00:00,106.119
6989,2011-08-02 00:00:00,2007-09-01 00:00:00,106.038
6990,2013-08-02 00:00:00,2007-09-01 00:00:00,97.598
6991,2014-08-01 00:00:00,2007-09-01 00:00:00,97.601
6992,2018-07-31 00:00:00,2007-09-01 00:00:00,91.901
6993,2021-07-30 00:00:00,2007-09-01 00:00:00,92.088
6994,2023-09-29 00:00:00,2007-09-01 00:00:00,87.054
6995,2007-11-30 00:00:00,2007-10-01 00:00:00,118.356
6996,2007-12-21 00:00:00,2007-10-01 00:00:00,118.461
6997,2008-01-31 00:00:00,2007-10-01 00:00:00,118.465
6998,2008-02-29 00:00:00,2007-10-01 00:00:00,118.428
6999,2008-03-28 00:00:00,2007-10-01 00:00:00,118.412
7000,2008-08-04 00:00:00,2007-10-01 00:00:00,118.635
7001,2009-08-04 00:00:00,2007-10-01 00:00:00,106.427
7002,2010-08-03 00:00:00,2007-10-01 00:00:00,106.421
7003,2011-08-02 00:00:00,2007-10-01 00:00:00,106.335
7004,2013-08-02 00:00:00,2007-10-01 00:00:00,97.88
7005,2014-08-01 00:00:00,2007-10-01 00:00:00,97.883
7006,2018-07-31 00:00:00,2007-10-01 00:00:00,92.162
7007,2021-07-30 00:00:00,2007-10-01 00:00:00,92.367
7008,2023-09-29 00:00:00,2007-10-01 00:00:00,87.318
7009,2007-12-21 00:00:00,2007-11-01 00:00:00,119.137
7010,2008-01-31 00:00:00,2007-11-01 00:00:00,119.129
7011,2008-02-29 00:00:00,2007-11-01 00:00:00,119.187
7012,2008-03-28 00:00:00,2007-11-01 00:00:00,119.158
7013,2008-08-04 00:00:00,2007-11-01 00:00:00,119.349
7014,2009-08-04 00:00:00,2007-11-01 00:00:00,107.142
7015,2010-08-03 00:00:00,2007-11-01 00:00:00,107.001
7016,2011-08-02 00:00:00,2007-11-01 00:00:00,106.916
7017,2013-08-02 00:00:00,2007-11-01 00:00:00,98.369
7018,2014-08-01 00:00:00,2007-11-01 00:00:00,98.373
7019,2018-07-31 00:00:00,2007-11-01 00:00:00,92.642
7020,2021-07-30 00:00:00,2007-11-01 00:00:00,92.856
7021,2023-09-29 00:00:00,2007-11-01 00:00:00,87.781
7022,2008-01-31 00:00:00,2007-12-01 00:00:00,119.425
7023,2008-02-29 00:00:00,2007-12-01 00:00:00,119.559
7024,2008-03-28 00:00:00,2007-12-01 00:00:00,119.488
7025,2008-08-04 00:00:00,2007-12-01 00:00:00,119.678
7026,2009-08-04 00:00:00,2007-12-01 00:00:00,107.445
7027,2010-08-03 00:00:00,2007-12-01 00:00:00,107.335
7028,2011-08-02 00:00:00,2007-12-01 00:00:00,107.248
7029,2013-08-02 00:00:00,2007-12-01 00:00:00,98.634
7030,2014-08-01 00:00:00,2007-12-01 00:00:00,98.638
7031,2018-07-31 00:00:00,2007-12-01 00:00:00,92.855
7032,2021-07-30 00:00:00,2007-12-01 00:00:00,93.072
7033,2023-09-29 00:00:00,2007-12-01 00:00:00,87.984
7034,2008-02-29 00:00:00,2008-01-01 00:00:00,120.0
7035,2008-03-28 00:00:00,2008-01-01 00:00:00,119.844
7036,2008-05-01 00:00:00,2008-01-01 00:00:00,119.82
7037,2008-05-30 00:00:00,2008-01-01 00:00:00,119.802
7038,2008-06-27 00:00:00,2008-01-01 00:00:00,119.837
7039,2008-08-04 00:00:00,2008-01-01 00:00:00,120.052
7040,2009-08-04 00:00:00,2008-01-01 00:00:00,107.721
7041,2010-08-03 00:00:00,2008-01-01 00:00:00,107.655
7042,2011-08-02 00:00:00,2008-01-01 00:00:00,107.566
7043,2013-08-02 00:00:00,2008-01-01 00:00:00,98.891
7044,2014-08-01 00:00:00,2008-01-01 00:00:00,98.894
7045,2018-07-31 00:00:00,2008-01-01 00:00:00,93.102
7046,2021-07-30 00:00:00,2008-01-01 00:00:00,93.307
7047,2023-09-29 00:00:00,2008-01-01 00:00:00,88.206
7048,2008-03-28 00:00:00,2008-02-01 00:00:00,119.988
7049,2008-05-01 00:00:00,2008-02-01 00:00:00,119.989
7050,2008-05-30 00:00:00,2008-02-01 00:00:00,119.967
7051,2008-06-27 00:00:00,2008-02-01 00:00:00,120.011
7052,2008-08-04 00:00:00,2008-02-01 00:00:00,120.212
7053,2009-08-04 00:00:00,2008-02-01 00:00:00,107.926
7054,2010-08-03 00:00:00,2008-02-01 00:00:00,107.893
7055,2011-08-02 00:00:00,2008-02-01 00:00:00,107.807
7056,2013-08-02 00:00:00,2008-02-01 00:00:00,99.106
7057,2014-08-01 00:00:00,2008-02-01 00:00:00,99.11
7058,2018-07-31 00:00:00,2008-02-01 00:00:00,93.298
7059,2021-07-30 00:00:00,2008-02-01 00:00:00,93.492
7060,2023-09-29 00:00:00,2008-02-01 00:00:00,88.382
7061,2008-05-01 00:00:00,2008-03-01 00:00:00,120.348
7062,2008-05-30 00:00:00,2008-03-01 00:00:00,120.335
7063,2008-06-27 00:00:00,2008-03-01 00:00:00,120.388
7064,2008-08-04 00:00:00,2008-03-01 00:00:00,120.585
7065,2009-08-04 00:00:00,2008-03-01 00:00:00,108.276
7066,2010-08-03 00:00:00,2008-03-01 00:00:00,108.315
7067,2011-08-02 00:00:00,2008-03-01 00:00:00,108.184
7068,2013-08-02 00:00:00,2008-03-01 00:00:00,99.411
7069,2014-08-01 00:00:00,2008-03-01 00:00:00,99.416
7070,2018-07-31 00:00:00,2008-03-01 00:00:00,93.587
7071,2021-07-30 00:00:00,2008-03-01 00:00:00,93.76
7072,2023-09-29 00:00:00,2008-03-01 00:00:00,88.635
7073,2008-05-30 00:00:00,2008-04-01 00:00:00,120.615
7074,2008-06-27 00:00:00,2008-04-01 00:00:00,120.664
7075,2008-08-04 00:00:00,2008-04-01 00:00:00,120.86
7076,2008-08-29 00:00:00,2008-04-01 00:00:00,120.873
7077,2008-09-29 00:00:00,2008-04-01 00:00:00,120.869
7078,2009-08-04 00:00:00,2008-04-01 00:00:00,108.513
7079,2010-08-03 00:00:00,2008-04-01 00:00:00,108.646
7080,2011-08-02 00:00:00,2008-04-01 00:00:00,108.529
7081,2013-08-02 00:00:00,2008-04-01 00:00:00,99.649
7082,2014-08-01 00:00:00,2008-04-01 00:00:00,99.654
7083,2018-07-31 00:00:00,2008-04-01 00:00:00,93.785
7084,2021-07-30 00:00:00,2008-04-01 00:00:00,93.934
7085,2023-09-29 00:00:00,2008-04-01 00:00:00,88.799
7086,2008-06-27 00:00:00,2008-05-01 00:00:00,121.151
7087,2008-08-04 00:00:00,2008-05-01 00:00:00,121.405
7088,2008-08-29 00:00:00,2008-05-01 00:00:00,121.407
7089,2008-09-29 00:00:00,2008-05-01 00:00:00,121.419
7090,2009-08-04 00:00:00,2008-05-01 00:00:00,108.918
7091,2010-08-03 00:00:00,2008-05-01 00:00:00,109.098
7092,2011-08-02 00:00:00,2008-05-01 00:00:00,108.977
7093,2013-08-02 00:00:00,2008-05-01 00:00:00,100.086
7094,2014-08-01 00:00:00,2008-05-01 00:00:00,100.091
7095,2018-07-31 00:00:00,2008-05-01 00:00:00,94.206
7096,2021-07-30 00:00:00,2008-05-01 00:00:00,94.337
7097,2023-09-29 00:00:00,2008-05-01 00:00:00,89.18
7098,2008-08-04 00:00:00,2008-06-01 00:00:00,122.325
7099,2008-08-29 00:00:00,2008-06-01 00:00:00,122.312
7100,2008-09-29 00:00:00,2008-06-01 00:00:00,122.346
7101,2009-08-04 00:00:00,2008-06-01 00:00:00,109.632
7102,2010-08-03 00:00:00,2008-06-01 00:00:00,109.811
7103,2011-08-02 00:00:00,2008-06-01 00:00:00,109.65
7104,2013-08-02 00:00:00,2008-06-01 00:00:00,100.782
7105,2014-08-01 00:00:00,2008-06-01 00:00:00,100.786
7106,2018-07-31 00:00:00,2008-06-01 00:00:00,94.876
7107,2021-07-30 00:00:00,2008-06-01 00:00:00,95.021
7108,2023-09-29 00:00:00,2008-06-01 00:00:00,89.827
7109,2008-08-29 00:00:00,2008-07-01 00:00:00,123.087
7110,2008-09-29 00:00:00,2008-07-01 00:00:00,123.129
7111,2008-10-31 00:00:00,2008-07-01 00:00:00,123.092
7112,2008-11-26 00:00:00,2008-07-01 00:00:00,123.05
7113,2008-12-24 00:00:00,2008-07-01 00:00:00,123.017
7114,2009-08-04 00:00:00,2008-07-01 00:00:00,110.202
7115,2010-08-03 00:00:00,2008-07-01 00:00:00,110.394
7116,2011-08-02 00:00:00,2008-07-01 00:00:00,110.235
7117,2013-08-02 00:00:00,2008-07-01 00:00:00,101.215
7118,2014-08-01 00:00:00,2008-07-01 00:00:00,101.218
7119,2018-07-31 00:00:00,2008-07-01 00:00:00,95.285
7120,2021-07-30 00:00:00,2008-07-01 00:00:00,95.463
7121,2023-09-29 00:00:00,2008-07-01 00:00:00,90.245
7122,2008-09-29 00:00:00,2008-08-01 00:00:00,123.171
7123,2008-10-31 00:00:00,2008-08-01 00:00:00,123.118
7124,2008-11-26 00:00:00,2008-08-01 00:00:00,123.05
7125,2008-12-24 00:00:00,2008-08-01 00:00:00,123.002
7126,2009-08-04 00:00:00,2008-08-01 00:00:00,110.242
7127,2010-08-03 00:00:00,2008-08-01 00:00:00,110.297
7128,2011-08-02 00:00:00,2008-08-01 00:00:00,110.143
7129,2013-08-02 00:00:00,2008-08-01 00:00:00,101.134
7130,2014-08-01 00:00:00,2008-08-01 00:00:00,101.135
7131,2018-07-31 00:00:00,2008-08-01 00:00:00,95.204
7132,2021-07-30 00:00:00,2008-08-01 00:00:00,95.386
7133,2023-09-29 00:00:00,2008-08-01 00:00:00,90.172
7134,2008-10-31 00:00:00,2008-09-01 00:00:00,123.247
7135,2008-11-26 00:00:00,2008-09-01 00:00:00,123.173
7136,2008-12-24 00:00:00,2008-09-01 00:00:00,123.106
7137,2009-08-04 00:00:00,2008-09-01 00:00:00,110.375
7138,2010-08-03 00:00:00,2008-09-01 00:00:00,110.41
7139,2011-08-02 00:00:00,2008-09-01 00:00:00,110.275
7140,2013-08-02 00:00:00,2008-09-01 00:00:00,101.234
7141,2014-08-01 00:00:00,2008-09-01 00:00:00,101.236
7142,2018-07-31 00:00:00,2008-09-01 00:00:00,95.307
7143,2021-07-30 00:00:00,2008-09-01 00:00:00,95.465
7144,2023-09-29 00:00:00,2008-09-01 00:00:00,90.247
7145,2008-11-26 00:00:00,2008-10-01 00:00:00,122.479
7146,2008-12-24 00:00:00,2008-10-01 00:00:00,122.433
7147,2009-02-02 00:00:00,2008-10-01 00:00:00,122.419
7148,2009-03-02 00:00:00,2008-10-01 00:00:00,122.57
7149,2009-03-27 00:00:00,2008-10-01 00:00:00,122.602
7150,2009-08-04 00:00:00,2008-10-01 00:00:00,109.86
7151,2010-08-03 00:00:00,2008-10-01 00:00:00,109.773
7152,2011-08-02 00:00:00,2008-10-01 00:00:00,109.71
7153,2013-08-02 00:00:00,2008-10-01 00:00:00,100.685
7154,2014-08-01 00:00:00,2008-10-01 00:00:00,100.684
7155,2018-07-31 00:00:00,2008-10-01 00:00:00,94.727
7156,2021-07-30 00:00:00,2008-10-01 00:00:00,94.835
7157,2023-09-29 00:00:00,2008-10-01 00:00:00,89.651
7158,2008-12-24 00:00:00,2008-11-01 00:00:00,121.075
7159,2009-02-02 00:00:00,2008-11-01 00:00:00,121.047
7160,2009-03-02 00:00:00,2008-11-01 00:00:00,121.234
7161,2009-03-27 00:00:00,2008-11-01 00:00:00,121.275
7162,2009-08-04 00:00:00,2008-11-01 00:00:00,108.625
7163,2010-08-03 00:00:00,2008-11-01 00:00:00,108.477
7164,2011-08-02 00:00:00,2008-11-01 00:00:00,108.395
7165,2013-08-02 00:00:00,2008-11-01 00:00:00,99.548
7166,2014-08-01 00:00:00,2008-11-01 00:00:00,99.545
7167,2018-07-31 00:00:00,2008-11-01 00:00:00,93.643
7168,2021-07-30 00:00:00,2008-11-01 00:00:00,93.716
7169,2023-09-29 00:00:00,2008-11-01 00:00:00,88.593
7170,2009-02-02 00:00:00,2008-12-01 00:00:00,120.434
7171,2009-03-02 00:00:00,2008-12-01 00:00:00,120.606
7172,2009-03-27 00:00:00,2008-12-01 00:00:00,120.665
7173,2009-08-04 00:00:00,2008-12-01 00:00:00,108.079
7174,2010-08-03 00:00:00,2008-12-01 00:00:00,107.959
7175,2011-08-02 00:00:00,2008-12-01 00:00:00,107.847
7176,2013-08-02 00:00:00,2008-12-01 00:00:00,99.01
7177,2014-08-01 00:00:00,2008-12-01 00:00:00,99.007
7178,2018-07-31 00:00:00,2008-12-01 00:00:00,93.139
7179,2021-07-30 00:00:00,2008-12-01 00:00:00,93.192
7180,2023-09-29 00:00:00,2008-12-01 00:00:00,88.098
7181,2009-03-02 00:00:00,2009-01-01 00:00:00,120.847
7182,2009-03-27 00:00:00,2009-01-01 00:00:00,120.974
7183,2009-04-30 00:00:00,2009-01-01 00:00:00,120.944
7184,2009-06-01 00:00:00,2009-01-01 00:00:00,120.946
7185,2009-06-26 00:00:00,2009-01-01 00:00:00,120.962
7186,2009-08-04 00:00:00,2009-01-01 00:00:00,108.272
7187,2010-08-03 00:00:00,2009-01-01 00:00:00,108.118
7188,2011-08-02 00:00:00,2009-01-01 00:00:00,108.014
7189,2012-07-31 00:00:00,2009-01-01 00:00:00,107.947
7190,2013-08-02 00:00:00,2009-01-01 00:00:00,99.071
7191,2014-08-01 00:00:00,2009-01-01 00:00:00,99.068
7192,2018-07-31 00:00:00,2009-01-01 00:00:00,93.173
7193,2021-07-30 00:00:00,2009-01-01 00:00:00,93.203
7194,2023-09-29 00:00:00,2009-01-01 00:00:00,88.108
7195,2009-03-27 00:00:00,2009-02-01 00:00:00,121.397
7196,2009-04-30 00:00:00,2009-02-01 00:00:00,121.353
7197,2009-06-01 00:00:00,2009-02-01 00:00:00,121.36
7198,2009-06-26 00:00:00,2009-02-01 00:00:00,121.386
7199,2009-08-04 00:00:00,2009-02-01 00:00:00,108.592
7200,2010-08-03 00:00:00,2009-02-01 00:00:00,108.409
7201,2011-08-02 00:00:00,2009-02-01 00:00:00,108.333
7202,2012-07-31 00:00:00,2009-02-01 00:00:00,108.188
7203,2013-08-02 00:00:00,2009-02-01 00:00:00,99.286
7204,2014-08-01 00:00:00,2009-02-01 00:00:00,99.284
7205,2018-07-31 00:00:00,2009-02-01 00:00:00,93.363
7206,2021-07-30 00:00:00,2009-02-01 00:00:00,93.369
7207,2023-09-29 00:00:00,2009-02-01 00:00:00,88.266
7208,2009-04-30 00:00:00,2009-03-01 00:00:00,121.323
7209,2009-06-01 00:00:00,2009-03-01 00:00:00,121.319
7210,2009-06-26 00:00:00,2009-03-01 00:00:00,121.357
7211,2009-08-04 00:00:00,2009-03-01 00:00:00,108.485
7212,2010-08-03 00:00:00,2009-03-01 00:00:00,108.342
7213,2011-08-02 00:00:00,2009-03-01 00:00:00,108.235
7214,2012-07-31 00:00:00,2009-03-01 00:00:00,108.055
7215,2013-08-02 00:00:00,2009-03-01 00:00:00,99.194
7216,2014-08-01 00:00:00,2009-03-01 00:00:00,99.193
7217,2018-07-31 00:00:00,2009-03-01 00:00:00,93.284
7218,2021-07-30 00:00:00,2009-03-01 00:00:00,93.267
7219,2023-09-29 00:00:00,2009-03-01 00:00:00,88.169
7220,2009-06-01 00:00:00,2009-04-01 00:00:00,121.4
7221,2009-06-26 00:00:00,2009-04-01 00:00:00,121.452
7222,2009-08-04 00:00:00,2009-04-01 00:00:00,108.566
7223,2009-08-28 00:00:00,2009-04-01 00:00:00,108.569
7224,2009-10-01 00:00:00,2009-04-01 00:00:00,108.571
7225,2010-08-03 00:00:00,2009-04-01 00:00:00,108.516
7226,2011-08-02 00:00:00,2009-04-01 00:00:00,108.42
7227,2012-07-31 00:00:00,2009-04-01 00:00:00,108.178
7228,2013-08-02 00:00:00,2009-04-01 00:00:00,99.34
7229,2018-07-31 00:00:00,2009-04-01 00:00:00,93.432
7230,2021-07-30 00:00:00,2009-04-01 00:00:00,93.401
7231,2023-09-29 00:00:00,2009-04-01 00:00:00,88.295
7232,2009-06-26 00:00:00,2009-05-01 00:00:00,121.527
7233,2009-08-04 00:00:00,2009-05-01 00:00:00,108.626
7234,2009-08-28 00:00:00,2009-05-01 00:00:00,108.639
7235,2009-10-01 00:00:00,2009-05-01 00:00:00,108.644
7236,2010-08-03 00:00:00,2009-05-01 00:00:00,108.657
7237,2011-08-02 00:00:00,2009-05-01 00:00:00,108.557
7238,2012-07-31 00:00:00,2009-05-01 00:00:00,108.306
7239,2013-08-02 00:00:00,2009-05-01 00:00:00,99.473
7240,2014-08-01 00:00:00,2009-05-01 00:00:00,99.474
7241,2018-07-31 00:00:00,2009-05-01 00:00:00,93.546
7242,2021-07-30 00:00:00,2009-05-01 00:00:00,93.498
7243,2023-09-29 00:00:00,2009-05-01 00:00:00,88.387
7244,2009-08-04 00:00:00,2009-06-01 00:00:00,109.219
7245,2009-08-28 00:00:00,2009-06-01 00:00:00,109.228
7246,2010-08-03 00:00:00,2009-06-01 00:00:00,109.258
7247,2011-08-02 00:00:00,2009-06-01 00:00:00,109.133
7248,2012-07-31 00:00:00,2009-06-01 00:00:00,109.005
7249,2013-08-02 00:00:00,2009-06-01 00:00:00,100.066
7250,2014-08-01 00:00:00,2009-06-01 00:00:00,100.067
7251,2018-07-31 00:00:00,2009-06-01 00:00:00,94.1
7252,2021-07-30 00:00:00,2009-06-01 00:00:00,94.053
7253,2023-09-29 00:00:00,2009-06-01 00:00:00,88.912
7254,2009-08-28 00:00:00,2009-07-01 00:00:00,109.267
7255,2009-10-01 00:00:00,2009-07-01 00:00:00,109.27
7256,2009-11-25 00:00:00,2009-07-01 00:00:00,109.252
7257,2009-12-23 00:00:00,2009-07-01 00:00:00,109.236
7258,2010-08-03 00:00:00,2009-07-01 00:00:00,109.331
7259,2011-08-02 00:00:00,2009-07-01 00:00:00,109.229
7260,2012-07-31 00:00:00,2009-07-01 00:00:00,109.027
7261,2013-08-02 00:00:00,2009-07-01 00:00:00,100.018
7262,2014-08-01 00:00:00,2009-07-01 00:00:00,100.02
7263,2018-07-31 00:00:00,2009-07-01 00:00:00,94.106
7264,2021-07-30 00:00:00,2009-07-01 00:00:00,94.063
7265,2023-09-29 00:00:00,2009-07-01 00:00:00,88.922
7266,2009-10-01 00:00:00,2009-08-01 00:00:00,109.641
7267,2009-10-30 00:00:00,2009-08-01 00:00:00,109.645
7268,2009-11-25 00:00:00,2009-08-01 00:00:00,109.634
7269,2009-12-23 00:00:00,2009-08-01 00:00:00,109.594
7270,2010-08-03 00:00:00,2009-08-01 00:00:00,109.656
7271,2011-08-02 00:00:00,2009-08-01 00:00:00,109.56
7272,2012-07-31 00:00:00,2009-08-01 00:00:00,109.362
7273,2013-08-02 00:00:00,2009-08-01 00:00:00,100.286
7274,2014-08-01 00:00:00,2009-08-01 00:00:00,100.288
7275,2018-07-31 00:00:00,2009-08-01 00:00:00,94.378
7276,2021-07-30 00:00:00,2009-08-01 00:00:00,94.336
7277,2023-09-29 00:00:00,2009-08-01 00:00:00,89.18
7278,2009-10-30 00:00:00,2009-09-01 00:00:00,109.775
7279,2009-11-25 00:00:00,2009-09-01 00:00:00,109.757
7280,2009-12-23 00:00:00,2009-09-01 00:00:00,109.701
7281,2010-08-03 00:00:00,2009-09-01 00:00:00,109.806
7282,2011-08-02 00:00:00,2009-09-01 00:00:00,109.75
7283,2012-07-31 00:00:00,2009-09-01 00:00:00,109.557
7284,2013-08-02 00:00:00,2009-09-01 00:00:00,100.453
7285,2014-08-01 00:00:00,2009-09-01 00:00:00,100.454
7286,2018-07-31 00:00:00,2009-09-01 00:00:00,94.536
7287,2021-07-30 00:00:00,2009-09-01 00:00:00,94.489
7288,2023-09-29 00:00:00,2009-09-01 00:00:00,89.324
7289,2009-11-25 00:00:00,2009-10-01 00:00:00,110.046
7290,2009-12-23 00:00:00,2009-10-01 00:00:00,109.977
7291,2010-02-01 00:00:00,2009-10-01 00:00:00,110.01
7292,2010-03-01 00:00:00,2009-10-01 00:00:00,109.961
7293,2010-03-29 00:00:00,2009-10-01 00:00:00,109.994
7294,2010-08-03 00:00:00,2009-10-01 00:00:00,110.11
7295,2011-08-02 00:00:00,2009-10-01 00:00:00,110.101
7296,2012-07-31 00:00:00,2009-10-01 00:00:00,109.935
7297,2013-08-02 00:00:00,2009-10-01 00:00:00,100.763
7298,2014-08-01 00:00:00,2009-10-01 00:00:00,100.764
7299,2018-07-31 00:00:00,2009-10-01 00:00:00,94.899
7300,2021-07-30 00:00:00,2009-10-01 00:00:00,94.847
7301,2023-09-29 00:00:00,2009-10-01 00:00:00,89.663
7302,2009-12-23 00:00:00,2009-11-01 00:00:00,110.251
7303,2010-02-01 00:00:00,2009-11-01 00:00:00,110.294
7304,2010-03-01 00:00:00,2009-11-01 00:00:00,110.155
7305,2010-03-29 00:00:00,2009-11-01 00:00:00,110.202
7306,2010-08-03 00:00:00,2009-11-01 00:00:00,110.353
7307,2011-08-02 00:00:00,2009-11-01 00:00:00,110.316
7308,2012-07-31 00:00:00,2009-11-01 00:00:00,110.2
7309,2013-08-02 00:00:00,2009-11-01 00:00:00,100.997
7310,2018-07-31 00:00:00,2009-11-01 00:00:00,95.135
7311,2021-07-30 00:00:00,2009-11-01 00:00:00,95.084
7312,2023-09-29 00:00:00,2009-11-01 00:00:00,89.887
7313,2010-02-01 00:00:00,2009-12-01 00:00:00,110.401
7314,2010-03-01 00:00:00,2009-12-01 00:00:00,110.307
7315,2010-03-29 00:00:00,2009-12-01 00:00:00,110.374
7316,2010-08-03 00:00:00,2009-12-01 00:00:00,110.536
7317,2011-08-02 00:00:00,2009-12-01 00:00:00,110.38
7318,2012-07-31 00:00:00,2009-12-01 00:00:00,110.29
7319,2013-08-02 00:00:00,2009-12-01 00:00:00,101.052
7320,2018-07-31 00:00:00,2009-12-01 00:00:00,95.175
7321,2021-07-30 00:00:00,2009-12-01 00:00:00,95.14
7322,2023-09-29 00:00:00,2009-12-01 00:00:00,89.939
7323,2010-03-01 00:00:00,2010-01-01 00:00:00,110.501
7324,2010-03-29 00:00:00,2010-01-01 00:00:00,110.555
7325,2010-05-03 00:00:00,2010-01-01 00:00:00,110.566
7326,2010-05-28 00:00:00,2010-01-01 00:00:00,110.559
7327,2010-06-28 00:00:00,2010-01-01 00:00:00,110.57
7328,2010-08-03 00:00:00,2010-01-01 00:00:00,110.815
7329,2011-08-02 00:00:00,2010-01-01 00:00:00,110.654
7330,2012-07-31 00:00:00,2010-01-01 00:00:00,110.535
7331,2013-08-02 00:00:00,2010-01-01 00:00:00,101.235
7332,2014-08-01 00:00:00,2010-01-01 00:00:00,101.234
7333,2018-07-31 00:00:00,2010-01-01 00:00:00,95.366
7334,2021-07-30 00:00:00,2010-01-01 00:00:00,95.348
7335,2023-09-29 00:00:00,2010-01-01 00:00:00,90.136
7336,2010-03-29 00:00:00,2010-02-01 00:00:00,110.552
7337,2010-05-03 00:00:00,2010-02-01 00:00:00,110.577
7338,2010-05-28 00:00:00,2010-02-01 00:00:00,110.565
7339,2010-06-28 00:00:00,2010-02-01 00:00:00,110.585
7340,2010-08-03 00:00:00,2010-02-01 00:00:00,110.858
7341,2011-08-02 00:00:00,2010-02-01 00:00:00,110.747
7342,2012-07-31 00:00:00,2010-02-01 00:00:00,110.601
7343,2013-08-02 00:00:00,2010-02-01 00:00:00,101.248
7344,2018-07-31 00:00:00,2010-02-01 00:00:00,95.351
7345,2021-07-30 00:00:00,2010-02-01 00:00:00,95.345
7346,2023-09-29 00:00:00,2010-02-01 00:00:00,90.134
7347,2010-05-03 00:00:00,2010-03-01 00:00:00,110.677
7348,2010-05-28 00:00:00,2010-03-01 00:00:00,110.682
7349,2010-06-28 00:00:00,2010-03-01 00:00:00,110.716
7350,2010-08-03 00:00:00,2010-03-01 00:00:00,111.032
7351,2011-08-02 00:00:00,2010-03-01 00:00:00,110.921
7352,2012-07-31 00:00:00,2010-03-01 00:00:00,110.791
7353,2013-08-02 00:00:00,2010-03-01 00:00:00,101.364
7354,2014-08-01 00:00:00,2010-03-01 00:00:00,101.363
7355,2018-07-31 00:00:00,2010-03-01 00:00:00,95.468
7356,2021-07-30 00:00:00,2010-03-01 00:00:00,95.48
7357,2023-09-29 00:00:00,2010-03-01 00:00:00,90.261
7358,2010-05-28 00:00:00,2010-04-01 00:00:00,110.698
7359,2010-06-28 00:00:00,2010-04-01 00:00:00,110.736
7360,2010-08-03 00:00:00,2010-04-01 00:00:00,111.023
7361,2010-08-30 00:00:00,2010-04-01 00:00:00,111.008
7362,2010-10-01 00:00:00,2010-04-01 00:00:00,111.0
7363,2011-08-02 00:00:00,2010-04-01 00:00:00,110.962
7364,2012-07-31 00:00:00,2010-04-01 00:00:00,110.801
7365,2013-08-02 00:00:00,2010-04-01 00:00:00,101.351
7366,2014-08-01 00:00:00,2010-04-01 00:00:00,101.349
7367,2018-07-31 00:00:00,2010-04-01 00:00:00,95.507
7368,2021-07-30 00:00:00,2010-04-01 00:00:00,95.532
7369,2023-09-29 00:00:00,2010-04-01 00:00:00,90.31
7370,2010-06-28 00:00:00,2010-05-01 00:00:00,110.697
7371,2010-08-03 00:00:00,2010-05-01 00:00:00,110.942
7372,2010-08-30 00:00:00,2010-05-01 00:00:00,110.909
7373,2010-10-01 00:00:00,2010-05-01 00:00:00,110.902
7374,2011-08-02 00:00:00,2010-05-01 00:00:00,110.906
7375,2012-07-31 00:00:00,2010-05-01 00:00:00,110.79
7376,2013-08-02 00:00:00,2010-05-01 00:00:00,101.394
7377,2014-08-01 00:00:00,2010-05-01 00:00:00,101.392
7378,2018-07-31 00:00:00,2010-05-01 00:00:00,95.527
7379,2021-07-30 00:00:00,2010-05-01 00:00:00,95.562
7380,2023-09-29 00:00:00,2010-05-01 00:00:00,90.339
7381,2010-08-03 00:00:00,2010-06-01 00:00:00,110.782
7382,2010-08-30 00:00:00,2010-06-01 00:00:00,110.753
7383,2010-10-01 00:00:00,2010-06-01 00:00:00,110.762
7384,2011-08-02 00:00:00,2010-06-01 00:00:00,110.726
7385,2012-07-31 00:00:00,2010-06-01 00:00:00,110.81
7386,2013-08-02 00:00:00,2010-06-01 00:00:00,101.449
7387,2014-08-01 00:00:00,2010-06-01 00:00:00,101.447
7388,2018-07-31 00:00:00,2010-06-01 00:00:00,95.474
7389,2021-07-30 00:00:00,2010-06-01 00:00:00,95.522
7390,2023-09-29 00:00:00,2010-06-01 00:00:00,90.301
7391,2010-08-30 00:00:00,2010-07-01 00:00:00,111.014
7392,2010-10-01 00:00:00,2010-07-01 00:00:00,111.01
7393,2010-11-01 00:00:00,2010-07-01 00:00:00,110.993
7394,2010-12-23 00:00:00,2010-07-01 00:00:00,110.962
7395,2011-08-02 00:00:00,2010-07-01 00:00:00,110.974
7396,2012-07-31 00:00:00,2010-07-01 00:00:00,110.98
7397,2013-08-02 00:00:00,2010-07-01 00:00:00,101.571
7398,2014-08-01 00:00:00,2010-07-01 00:00:00,101.569
7399,2018-07-31 00:00:00,2010-07-01 00:00:00,95.556
7400,2021-07-30 00:00:00,2010-07-01 00:00:00,95.604
7401,2023-09-29 00:00:00,2010-07-01 00:00:00,90.378
7402,2010-10-01 00:00:00,2010-08-01 00:00:00,111.27
7403,2010-11-01 00:00:00,2010-08-01 00:00:00,111.206
7404,2010-11-24 00:00:00,2010-08-01 00:00:00,111.208
7405,2010-12-23 00:00:00,2010-08-01 00:00:00,111.137
7406,2011-08-02 00:00:00,2010-08-01 00:00:00,111.153
7407,2012-07-31 00:00:00,2010-08-01 00:00:00,111.169
7408,2013-08-02 00:00:00,2010-08-01 00:00:00,101.715
7409,2014-08-01 00:00:00,2010-08-01 00:00:00,101.713
7410,2018-07-31 00:00:00,2010-08-01 00:00:00,95.684
7411,2021-07-30 00:00:00,2010-08-01 00:00:00,95.735
7412,2023-09-29 00:00:00,2010-08-01 00:00:00,90.502
7413,2010-11-01 00:00:00,2010-09-01 00:00:00,111.298
7414,2010-11-24 00:00:00,2010-09-01 00:00:00,111.316
7415,2010-12-23 00:00:00,2010-09-01 00:00:00,111.207
7416,2011-08-02 00:00:00,2010-09-01 00:00:00,111.281
7417,2012-07-31 00:00:00,2010-09-01 00:00:00,111.312
7418,2013-08-02 00:00:00,2010-09-01 00:00:00,101.808
7419,2014-08-01 00:00:00,2010-09-01 00:00:00,101.807
7420,2018-07-31 00:00:00,2010-09-01 00:00:00,95.773
7421,2021-07-30 00:00:00,2010-09-01 00:00:00,95.83
7422,2023-09-29 00:00:00,2010-09-01 00:00:00,90.592
7423,2010-11-24 00:00:00,2010-10-01 00:00:00,111.499
7424,2010-12-23 00:00:00,2010-10-01 00:00:00,111.394
7425,2011-01-31 00:00:00,2010-10-01 00:00:00,111.414
7426,2011-02-28 00:00:00,2010-10-01 00:00:00,111.446
7427,2011-03-28 00:00:00,2010-10-01 00:00:00,111.432
7428,2011-08-02 00:00:00,2010-10-01 00:00:00,111.522
7429,2012-07-31 00:00:00,2010-10-01 00:00:00,111.58
7430,2013-08-02 00:00:00,2010-10-01 00:00:00,102.047
7431,2014-08-01 00:00:00,2010-10-01 00:00:00,102.045
7432,2018-07-31 00:00:00,2010-10-01 00:00:00,96.057
7433,2021-07-30 00:00:00,2010-10-01 00:00:00,96.135
7434,2023-09-29 00:00:00,2010-10-01 00:00:00,90.881
7435,2010-12-23 00:00:00,2010-11-01 00:00:00,111.493
7436,2011-01-31 00:00:00,2010-11-01 00:00:00,111.524
7437,2011-02-28 00:00:00,2010-11-01 00:00:00,111.537
7438,2011-03-28 00:00:00,2010-11-01 00:00:00,111.51
7439,2011-08-02 00:00:00,2010-11-01 00:00:00,111.609
7440,2012-07-31 00:00:00,2010-11-01 00:00:00,111.709
7441,2013-08-02 00:00:00,2010-11-01 00:00:00,102.213
7442,2014-08-01 00:00:00,2010-11-01 00:00:00,102.211
7443,2018-07-31 00:00:00,2010-11-01 00:00:00,96.238
7444,2021-07-30 00:00:00,2010-11-01 00:00:00,96.327
7445,2023-09-29 00:00:00,2010-11-01 00:00:00,91.062
7446,2011-01-31 00:00:00,2010-12-01 00:00:00,111.869
7447,2011-02-28 00:00:00,2010-12-01 00:00:00,111.841
7448,2011-03-28 00:00:00,2010-12-01 00:00:00,111.792
7449,2011-08-02 00:00:00,2010-12-01 00:00:00,111.889
7450,2012-07-31 00:00:00,2010-12-01 00:00:00,111.963
7451,2013-08-02 00:00:00,2010-12-01 00:00:00,102.457
7452,2014-08-01 00:00:00,2010-12-01 00:00:00,102.455
7453,2018-07-31 00:00:00,2010-12-01 00:00:00,96.456
7454,2021-07-30 00:00:00,2010-12-01 00:00:00,96.545
7455,2023-09-29 00:00:00,2010-12-01 00:00:00,91.268
7456,2011-02-28 00:00:00,2011-01-01 00:00:00,112.166
7457,2011-03-28 00:00:00,2011-01-01 00:00:00,112.153
7458,2011-04-29 00:00:00,2011-01-01 00:00:00,112.165
7459,2011-05-27 00:00:00,2011-01-01 00:00:00,112.166
7460,2011-06-27 00:00:00,2011-01-01 00:00:00,112.182
7461,2011-08-02 00:00:00,2011-01-01 00:00:00,112.299
7462,2012-07-31 00:00:00,2011-01-01 00:00:00,112.243
7463,2013-08-02 00:00:00,2011-01-01 00:00:00,102.674
7464,2014-08-01 00:00:00,2011-01-01 00:00:00,102.685
7465,2018-07-31 00:00:00,2011-01-01 00:00:00,96.774
7466,2021-07-30 00:00:00,2011-01-01 00:00:00,96.835
7467,2023-09-29 00:00:00,2011-01-01 00:00:00,91.542
7468,2011-03-28 00:00:00,2011-02-01 00:00:00,112.601
7469,2011-04-29 00:00:00,2011-02-01 00:00:00,112.628
7470,2011-05-27 00:00:00,2011-02-01 00:00:00,112.62
7471,2011-06-27 00:00:00,2011-02-01 00:00:00,112.637
7472,2011-08-02 00:00:00,2011-02-01 00:00:00,112.747
7473,2012-07-31 00:00:00,2011-02-01 00:00:00,112.613
7474,2013-08-02 00:00:00,2011-02-01 00:00:00,102.961
7475,2014-08-01 00:00:00,2011-02-01 00:00:00,102.966
7476,2018-07-31 00:00:00,2011-02-01 00:00:00,97.054
7477,2021-07-30 00:00:00,2011-02-01 00:00:00,97.105
7478,2023-09-29 00:00:00,2011-02-01 00:00:00,91.797
7479,2011-04-29 00:00:00,2011-03-01 00:00:00,113.081
7480,2011-05-27 00:00:00,2011-03-01 00:00:00,113.054
7481,2011-06-27 00:00:00,2011-03-01 00:00:00,113.112
7482,2011-08-02 00:00:00,2011-03-01 00:00:00,113.194
7483,2012-07-31 00:00:00,2011-03-01 00:00:00,113.063
7484,2013-08-02 00:00:00,2011-03-01 00:00:00,103.353
7485,2014-08-01 00:00:00,2011-03-01 00:00:00,103.356
7486,2018-07-31 00:00:00,2011-03-01 00:00:00,97.446
7487,2021-07-30 00:00:00,2011-03-01 00:00:00,97.496
7488,2023-09-29 00:00:00,2011-03-01 00:00:00,92.166
7489,2011-05-27 00:00:00,2011-04-01 00:00:00,113.432
7490,2011-06-27 00:00:00,2011-04-01 00:00:00,113.486
7491,2011-08-02 00:00:00,2011-04-01 00:00:00,113.562
7492,2011-08-29 00:00:00,2011-04-01 00:00:00,113.56
7493,2011-09-30 00:00:00,2011-04-01 00:00:00,113.58
7494,2012-07-31 00:00:00,2011-04-01 00:00:00,113.425
7495,2013-08-02 00:00:00,2011-04-01 00:00:00,103.68
7496,2014-08-01 00:00:00,2011-04-01 00:00:00,103.808
7497,2018-07-31 00:00:00,2011-04-01 00:00:00,97.854
7498,2021-07-30 00:00:00,2011-04-01 00:00:00,97.908
7499,2023-09-29 00:00:00,2011-04-01 00:00:00,92.557
7500,2011-06-27 00:00:00,2011-05-01 00:00:00,113.68
7501,2011-08-02 00:00:00,2011-05-01 00:00:00,113.749
7502,2011-08-29 00:00:00,2011-05-01 00:00:00,113.755
7503,2011-09-30 00:00:00,2011-05-01 00:00:00,113.78
7504,2012-07-31 00:00:00,2011-05-01 00:00:00,113.686
7505,2013-08-02 00:00:00,2011-05-01 00:00:00,104.009
7506,2014-08-01 00:00:00,2011-05-01 00:00:00,104.144
7507,2018-07-31 00:00:00,2011-05-01 00:00:00,98.153
7508,2021-07-30 00:00:00,2011-05-01 00:00:00,98.206
7509,2023-09-29 00:00:00,2011-05-01 00:00:00,92.838
7510,2011-08-02 00:00:00,2011-06-01 00:00:00,113.554
7511,2011-08-29 00:00:00,2011-06-01 00:00:00,113.61
7512,2011-09-30 00:00:00,2011-06-01 00:00:00,113.637
7513,2012-07-31 00:00:00,2011-06-01 00:00:00,113.788
7514,2013-08-02 00:00:00,2011-06-01 00:00:00,104.126
7515,2014-08-01 00:00:00,2011-06-01 00:00:00,104.179
7516,2018-07-31 00:00:00,2011-06-01 00:00:00,98.136
7517,2021-07-30 00:00:00,2011-06-01 00:00:00,98.186
7518,2023-09-29 00:00:00,2011-06-01 00:00:00,92.819
7519,2011-08-29 00:00:00,2011-07-01 00:00:00,114.031
7520,2011-09-30 00:00:00,2011-07-01 00:00:00,114.054
7521,2011-10-28 00:00:00,2011-07-01 00:00:00,114.066
7522,2011-11-23 00:00:00,2011-07-01 00:00:00,114.052
7523,2011-12-23 00:00:00,2011-07-01 00:00:00,114.054
7524,2012-07-31 00:00:00,2011-07-01 00:00:00,114.052
7525,2013-08-02 00:00:00,2011-07-01 00:00:00,104.308
7526,2014-08-01 00:00:00,2011-07-01 00:00:00,104.38
7527,2018-07-31 00:00:00,2011-07-01 00:00:00,98.316
7528,2021-07-30 00:00:00,2011-07-01 00:00:00,98.353
7529,2023-09-29 00:00:00,2011-07-01 00:00:00,92.977
7530,2011-09-30 00:00:00,2011-08-01 00:00:00,114.332
7531,2011-10-28 00:00:00,2011-08-01 00:00:00,114.368
7532,2011-11-23 00:00:00,2011-08-01 00:00:00,114.349
7533,2011-12-23 00:00:00,2011-08-01 00:00:00,114.364
7534,2012-07-31 00:00:00,2011-08-01 00:00:00,114.323
7535,2013-08-02 00:00:00,2011-08-01 00:00:00,104.548
7536,2014-08-01 00:00:00,2011-08-01 00:00:00,104.618
7537,2018-07-31 00:00:00,2011-08-01 00:00:00,98.555
7538,2021-07-30 00:00:00,2011-08-01 00:00:00,98.584
7539,2023-09-29 00:00:00,2011-08-01 00:00:00,93.196
7540,2011-10-28 00:00:00,2011-09-01 00:00:00,114.559
7541,2011-11-23 00:00:00,2011-09-01 00:00:00,114.551
7542,2011-12-23 00:00:00,2011-09-01 00:00:00,114.554
7543,2012-07-31 00:00:00,2011-09-01 00:00:00,114.504
7544,2013-08-02 00:00:00,2011-09-01 00:00:00,104.731
7545,2014-08-01 00:00:00,2011-09-01 00:00:00,104.787
7546,2018-07-31 00:00:00,2011-09-01 00:00:00,98.699
7547,2021-07-30 00:00:00,2011-09-01 00:00:00,98.723
7548,2023-09-29 00:00:00,2011-09-01 00:00:00,93.327
7549,2011-11-23 00:00:00,2011-10-01 00:00:00,114.492
7550,2011-12-23 00:00:00,2011-10-01 00:00:00,114.491
7551,2012-01-30 00:00:00,2011-10-01 00:00:00,114.501
7552,2012-03-01 00:00:00,2011-10-01 00:00:00,114.566
7553,2012-03-30 00:00:00,2011-10-01 00:00:00,114.563
7554,2012-07-31 00:00:00,2011-10-01 00:00:00,114.505
7555,2013-08-02 00:00:00,2011-10-01 00:00:00,104.768
7556,2014-08-01 00:00:00,2011-10-01 00:00:00,104.851
7557,2018-07-31 00:00:00,2011-10-01 00:00:00,98.705
7558,2021-07-30 00:00:00,2011-10-01 00:00:00,98.725
7559,2023-09-29 00:00:00,2011-10-01 00:00:00,93.329
7560,2011-12-23 00:00:00,2011-11-01 00:00:00,114.447
7561,2012-01-30 00:00:00,2011-11-01 00:00:00,114.496
7562,2012-03-01 00:00:00,2011-11-01 00:00:00,114.667
7563,2012-03-30 00:00:00,2011-11-01 00:00:00,114.664
7564,2012-07-31 00:00:00,2011-11-01 00:00:00,114.597
7565,2013-08-02 00:00:00,2011-11-01 00:00:00,104.904
7566,2014-08-01 00:00:00,2011-11-01 00:00:00,104.999
7567,2018-07-31 00:00:00,2011-11-01 00:00:00,98.908
7568,2021-07-30 00:00:00,2011-11-01 00:00:00,98.928
7569,2023-09-29 00:00:00,2011-11-01 00:00:00,93.52
7570,2012-01-30 00:00:00,2011-12-01 00:00:00,114.573
7571,2012-03-01 00:00:00,2011-12-01 00:00:00,114.742
7572,2012-07-31 00:00:00,2011-12-01 00:00:00,114.676
7573,2013-08-02 00:00:00,2011-12-01 00:00:00,104.967
7574,2014-08-01 00:00:00,2011-12-01 00:00:00,105.018
7575,2018-07-31 00:00:00,2011-12-01 00:00:00,98.965
7576,2021-07-30 00:00:00,2011-12-01 00:00:00,98.984
7577,2023-09-29 00:00:00,2011-12-01 00:00:00,93.574
7578,2012-03-01 00:00:00,2012-01-01 00:00:00,114.954
7579,2012-03-30 00:00:00,2012-01-01 00:00:00,115.001
7580,2012-04-30 00:00:00,2012-01-01 00:00:00,115.008
7581,2012-06-01 00:00:00,2012-01-01 00:00:00,115.013
7582,2012-06-29 00:00:00,2012-01-01 00:00:00,115.033
7583,2012-07-31 00:00:00,2012-01-01 00:00:00,114.964
7584,2013-08-02 00:00:00,2012-01-01 00:00:00,105.219
7585,2014-08-01 00:00:00,2012-01-01 00:00:00,105.294
7586,2015-08-03 00:00:00,2012-01-01 00:00:00,105.325
7587,2018-07-31 00:00:00,2012-01-01 00:00:00,99.32
7588,2021-07-30 00:00:00,2012-01-01 00:00:00,99.323
7589,2023-09-29 00:00:00,2012-01-01 00:00:00,93.894
7590,2012-03-30 00:00:00,2012-02-01 00:00:00,115.359
7591,2012-04-30 00:00:00,2012-02-01 00:00:00,115.38
7592,2012-06-01 00:00:00,2012-02-01 00:00:00,115.386
7593,2012-06-29 00:00:00,2012-02-01 00:00:00,115.419
7594,2012-07-31 00:00:00,2012-02-01 00:00:00,115.335
7595,2013-08-02 00:00:00,2012-02-01 00:00:00,105.472
7596,2014-08-01 00:00:00,2012-02-01 00:00:00,105.495
7597,2015-08-03 00:00:00,2012-02-01 00:00:00,105.56
7598,2018-07-31 00:00:00,2012-02-01 00:00:00,99.556
7599,2021-07-30 00:00:00,2012-02-01 00:00:00,99.545
7600,2023-09-29 00:00:00,2012-02-01 00:00:00,94.104
7601,2012-04-30 00:00:00,2012-03-01 00:00:00,115.62
7602,2012-06-01 00:00:00,2012-03-01 00:00:00,115.619
7603,2012-06-29 00:00:00,2012-03-01 00:00:00,115.693
7604,2012-07-31 00:00:00,2012-03-01 00:00:00,115.602
7605,2013-08-02 00:00:00,2012-03-01 00:00:00,105.721
7606,2014-08-01 00:00:00,2012-03-01 00:00:00,105.739
7607,2015-08-03 00:00:00,2012-03-01 00:00:00,105.804
7608,2018-07-31 00:00:00,2012-03-01 00:00:00,99.737
7609,2021-07-30 00:00:00,2012-03-01 00:00:00,99.735
7610,2023-09-29 00:00:00,2012-03-01 00:00:00,94.284
7611,2012-06-01 00:00:00,2012-04-01 00:00:00,115.637
7612,2012-06-29 00:00:00,2012-04-01 00:00:00,115.72
7613,2012-07-31 00:00:00,2012-04-01 00:00:00,115.608
7614,2012-08-30 00:00:00,2012-04-01 00:00:00,115.621
7615,2012-09-28 00:00:00,2012-04-01 00:00:00,115.618
7616,2013-08-02 00:00:00,2012-04-01 00:00:00,105.729
7617,2014-08-01 00:00:00,2012-04-01 00:00:00,105.883
7618,2015-08-03 00:00:00,2012-04-01 00:00:00,105.943
7619,2018-07-31 00:00:00,2012-04-01 00:00:00,99.873
7620,2021-07-30 00:00:00,2012-04-01 00:00:00,99.866
7621,2023-09-29 00:00:00,2012-04-01 00:00:00,94.408
7622,2012-06-29 00:00:00,2012-05-01 00:00:00,115.505
7623,2012-07-31 00:00:00,2012-05-01 00:00:00,115.391
7624,2012-08-30 00:00:00,2012-05-01 00:00:00,115.396
7625,2012-09-28 00:00:00,2012-05-01 00:00:00,115.386
7626,2013-08-02 00:00:00,2012-05-01 00:00:00,105.677
7627,2014-08-01 00:00:00,2012-05-01 00:00:00,105.831
7628,2015-08-03 00:00:00,2012-05-01 00:00:00,105.868
7629,2018-07-31 00:00:00,2012-05-01 00:00:00,99.755
7630,2021-07-30 00:00:00,2012-05-01 00:00:00,99.754
7631,2023-09-29 00:00:00,2012-05-01 00:00:00,94.302
7632,2012-07-31 00:00:00,2012-06-01 00:00:00,115.518
7633,2012-09-28 00:00:00,2012-06-01 00:00:00,115.483
7634,2013-08-02 00:00:00,2012-06-01 00:00:00,105.844
7635,2014-08-01 00:00:00,2012-06-01 00:00:00,105.865
7636,2015-08-03 00:00:00,2012-06-01 00:00:00,105.844
7637,2018-07-31 00:00:00,2012-06-01 00:00:00,99.701
7638,2021-07-30 00:00:00,2012-06-01 00:00:00,99.704
7639,2023-09-29 00:00:00,2012-06-01 00:00:00,94.254
7640,2012-08-30 00:00:00,2012-07-01 00:00:00,115.529
7641,2012-09-28 00:00:00,2012-07-01 00:00:00,115.525
7642,2012-10-29 00:00:00,2012-07-01 00:00:00,115.551
7643,2012-11-30 00:00:00,2012-07-01 00:00:00,115.552
7644,2012-12-21 00:00:00,2012-07-01 00:00:00,115.556
7645,2013-08-02 00:00:00,2012-07-01 00:00:00,105.87
7646,2014-08-01 00:00:00,2012-07-01 00:00:00,105.895
7647,2015-08-03 00:00:00,2012-07-01 00:00:00,105.88
7648,2018-07-31 00:00:00,2012-07-01 00:00:00,99.738
7649,2021-07-30 00:00:00,2012-07-01 00:00:00,99.74
7650,2023-09-29 00:00:00,2012-07-01 00:00:00,94.288
7651,2012-09-28 00:00:00,2012-08-01 00:00:00,116.026
7652,2012-10-29 00:00:00,2012-08-01 00:00:00,116.02
7653,2012-11-30 00:00:00,2012-08-01 00:00:00,115.962
7654,2012-12-21 00:00:00,2012-08-01 00:00:00,115.964
7655,2013-08-02 00:00:00,2012-08-01 00:00:00,106.199
7656,2014-08-01 00:00:00,2012-08-01 00:00:00,106.211
7657,2015-08-03 00:00:00,2012-08-01 00:00:00,106.238
7658,2018-07-31 00:00:00,2012-08-01 00:00:00,100.07
7659,2021-07-30 00:00:00,2012-08-01 00:00:00,100.075
7660,2023-09-29 00:00:00,2012-08-01 00:00:00,94.605
7661,2012-10-29 00:00:00,2012-09-01 00:00:00,116.463
7662,2012-11-30 00:00:00,2012-09-01 00:00:00,116.346
7663,2012-12-21 00:00:00,2012-09-01 00:00:00,116.335
7664,2013-08-02 00:00:00,2012-09-01 00:00:00,106.512
7665,2014-08-01 00:00:00,2012-09-01 00:00:00,106.506
7666,2015-08-03 00:00:00,2012-09-01 00:00:00,106.576
7667,2018-07-31 00:00:00,2012-09-01 00:00:00,100.378
7668,2021-07-30 00:00:00,2012-09-01 00:00:00,100.379
7669,2023-09-29 00:00:00,2012-09-01 00:00:00,94.893
7670,2012-11-30 00:00:00,2012-10-01 00:00:00,116.492
7671,2012-12-21 00:00:00,2012-10-01 00:00:00,116.478
7672,2013-01-31 00:00:00,2012-10-01 00:00:00,116.492
7673,2013-03-01 00:00:00,2012-10-01 00:00:00,116.513
7674,2013-03-29 00:00:00,2012-10-01 00:00:00,116.518
7675,2013-08-02 00:00:00,2012-10-01 00:00:00,106.703
7676,2014-08-01 00:00:00,2012-10-01 00:00:00,106.758
7677,2015-08-03 00:00:00,2012-10-01 00:00:00,106.886
7678,2018-07-31 00:00:00,2012-10-01 00:00:00,100.672
7679,2021-07-30 00:00:00,2012-10-01 00:00:00,100.677
7680,2023-09-29 00:00:00,2012-10-01 00:00:00,95.174
7681,2012-12-21 00:00:00,2012-11-01 00:00:00,116.227
7682,2013-01-31 00:00:00,2012-11-01 00:00:00,116.245
7683,2013-03-01 00:00:00,2012-11-01 00:00:00,116.337
7684,2013-03-29 00:00:00,2012-11-01 00:00:00,116.358
7685,2013-08-02 00:00:00,2012-11-01 00:00:00,106.575
7686,2014-08-01 00:00:00,2012-11-01 00:00:00,106.646
7687,2015-08-03 00:00:00,2012-11-01 00:00:00,106.768
7688,2018-07-31 00:00:00,2012-11-01 00:00:00,100.605
7689,2021-07-30 00:00:00,2012-11-01 00:00:00,100.609
7690,2023-09-29 00:00:00,2012-11-01 00:00:00,95.109
7691,2013-01-31 00:00:00,2012-12-01 00:00:00,116.192
7692,2013-03-01 00:00:00,2012-12-01 00:00:00,116.318
7693,2013-03-29 00:00:00,2012-12-01 00:00:00,116.36
7694,2013-08-02 00:00:00,2012-12-01 00:00:00,106.587
7695,2014-08-01 00:00:00,2012-12-01 00:00:00,106.621
7696,2015-08-03 00:00:00,2012-12-01 00:00:00,106.758
7697,2018-07-31 00:00:00,2012-12-01 00:00:00,100.595
7698,2021-07-30 00:00:00,2012-12-01 00:00:00,100.593
7699,2023-09-29 00:00:00,2012-12-01 00:00:00,95.094
7700,2013-03-01 00:00:00,2013-01-01 00:00:00,116.342
7701,2013-03-29 00:00:00,2013-01-01 00:00:00,116.402
7702,2013-04-29 00:00:00,2013-01-01 00:00:00,116.42
7703,2013-05-31 00:00:00,2013-01-01 00:00:00,116.432
7704,2013-06-27 00:00:00,2013-01-01 00:00:00,116.434
7705,2013-08-02 00:00:00,2013-01-01 00:00:00,106.663
7706,2014-08-01 00:00:00,2013-01-01 00:00:00,106.738
7707,2015-08-03 00:00:00,2013-01-01 00:00:00,106.922
7708,2016-08-02 00:00:00,2013-01-01 00:00:00,106.956
7709,2018-07-31 00:00:00,2013-01-01 00:00:00,100.782
7710,2021-07-30 00:00:00,2013-01-01 00:00:00,100.787
7711,2023-09-29 00:00:00,2013-01-01 00:00:00,95.275
7712,2013-03-29 00:00:00,2013-02-01 00:00:00,116.855
7713,2013-04-29 00:00:00,2013-02-01 00:00:00,116.88
7714,2013-05-31 00:00:00,2013-02-01 00:00:00,116.902
7715,2013-06-27 00:00:00,2013-02-01 00:00:00,116.905
7716,2013-08-02 00:00:00,2013-02-01 00:00:00,107.083
7717,2014-08-01 00:00:00,2013-02-01 00:00:00,107.101
7718,2015-08-03 00:00:00,2013-02-01 00:00:00,107.333
7719,2016-08-02 00:00:00,2013-02-01 00:00:00,107.365
7720,2018-07-31 00:00:00,2013-02-01 00:00:00,101.149
7721,2021-07-30 00:00:00,2013-02-01 00:00:00,101.156
7722,2023-09-29 00:00:00,2013-02-01 00:00:00,95.614
7723,2013-04-29 00:00:00,2013-03-01 00:00:00,116.726
7724,2013-05-31 00:00:00,2013-03-01 00:00:00,116.768
7725,2013-06-27 00:00:00,2013-03-01 00:00:00,116.764
7726,2013-08-02 00:00:00,2013-03-01 00:00:00,106.98
7727,2014-08-01 00:00:00,2013-03-01 00:00:00,107.012
7728,2015-08-03 00:00:00,2013-03-01 00:00:00,107.244
7729,2016-08-02 00:00:00,2013-03-01 00:00:00,107.232
7730,2018-07-31 00:00:00,2013-03-01 00:00:00,101.015
7731,2021-07-30 00:00:00,2013-03-01 00:00:00,101.023
7732,2023-09-29 00:00:00,2013-03-01 00:00:00,95.488
7733,2013-05-31 00:00:00,2013-04-01 00:00:00,116.476
7734,2013-06-27 00:00:00,2013-04-01 00:00:00,116.467
7735,2013-08-02 00:00:00,2013-04-01 00:00:00,106.707
7736,2013-08-30 00:00:00,2013-04-01 00:00:00,106.701
7737,2013-09-27 00:00:00,2013-04-01 00:00:00,106.685
7738,2014-08-01 00:00:00,2013-04-01 00:00:00,106.891
7739,2015-08-03 00:00:00,2013-04-01 00:00:00,107.128
7740,2016-08-02 00:00:00,2013-04-01 00:00:00,107.138
7741,2018-07-31 00:00:00,2013-04-01 00:00:00,100.94
7742,2021-07-30 00:00:00,2013-04-01 00:00:00,100.944
7743,2023-09-29 00:00:00,2013-04-01 00:00:00,95.391
7744,2013-06-27 00:00:00,2013-05-01 00:00:00,116.563
7745,2013-08-02 00:00:00,2013-05-01 00:00:00,106.811
7746,2013-08-30 00:00:00,2013-05-01 00:00:00,106.806
7747,2013-09-27 00:00:00,2013-05-01 00:00:00,106.772
7748,2014-08-01 00:00:00,2013-05-01 00:00:00,107.02
7749,2015-08-03 00:00:00,2013-05-01 00:00:00,107.244
7750,2016-08-02 00:00:00,2013-05-01 00:00:00,107.185
7751,2018-07-31 00:00:00,2013-05-01 00:00:00,101.006
7752,2021-07-30 00:00:00,2013-05-01 00:00:00,101.01
7753,2023-09-29 00:00:00,2013-05-01 00:00:00,95.461
7754,2013-08-02 00:00:00,2013-06-01 00:00:00,107.235
7755,2013-08-30 00:00:00,2013-06-01 00:00:00,107.244
7756,2013-09-27 00:00:00,2013-06-01 00:00:00,107.177
7757,2014-08-01 00:00:00,2013-06-01 00:00:00,107.311
7758,2015-08-03 00:00:00,2013-06-01 00:00:00,107.479
7759,2016-08-02 00:00:00,2013-06-01 00:00:00,107.366
7760,2018-07-31 00:00:00,2013-06-01 00:00:00,101.226
7761,2021-07-30 00:00:00,2013-06-01 00:00:00,101.228
7762,2023-09-29 00:00:00,2013-06-01 00:00:00,95.673
7763,2013-08-30 00:00:00,2013-07-01 00:00:00,107.343
7764,2013-09-27 00:00:00,2013-07-01 00:00:00,107.276
7765,2013-11-08 00:00:00,2013-07-01 00:00:00,107.273
7766,2013-12-06 00:00:00,2013-07-01 00:00:00,107.287
7767,2013-12-23 00:00:00,2013-07-01 00:00:00,107.277
7768,2014-08-01 00:00:00,2013-07-01 00:00:00,107.434
7769,2015-08-03 00:00:00,2013-07-01 00:00:00,107.587
7770,2016-08-02 00:00:00,2013-07-01 00:00:00,107.48
7771,2018-07-31 00:00:00,2013-07-01 00:00:00,101.351
7772,2021-07-30 00:00:00,2013-07-01 00:00:00,101.354
7773,2023-09-29 00:00:00,2013-07-01 00:00:00,95.792
7774,2013-09-27 00:00:00,2013-08-01 00:00:00,107.423
7775,2013-11-08 00:00:00,2013-08-01 00:00:00,107.404
7776,2013-12-06 00:00:00,2013-08-01 00:00:00,107.401
7777,2013-12-23 00:00:00,2013-08-01 00:00:00,107.382
7778,2014-08-01 00:00:00,2013-08-01 00:00:00,107.513
7779,2015-08-03 00:00:00,2013-08-01 00:00:00,107.739
7780,2016-08-02 00:00:00,2013-08-01 00:00:00,107.633
7781,2018-07-31 00:00:00,2013-08-01 00:00:00,101.503
7782,2021-07-30 00:00:00,2013-08-01 00:00:00,101.51
7783,2023-09-29 00:00:00,2013-08-01 00:00:00,95.934
7784,2013-11-08 00:00:00,2013-09-01 00:00:00,107.497
7785,2013-12-06 00:00:00,2013-09-01 00:00:00,107.521
7786,2013-12-23 00:00:00,2013-09-01 00:00:00,107.502
7787,2014-08-01 00:00:00,2013-09-01 00:00:00,107.612
7788,2015-08-03 00:00:00,2013-09-01 00:00:00,107.858
7789,2016-08-02 00:00:00,2013-09-01 00:00:00,107.762
7790,2018-07-31 00:00:00,2013-09-01 00:00:00,101.545
7791,2021-07-30 00:00:00,2013-09-01 00:00:00,101.55
7792,2023-09-29 00:00:00,2013-09-01 00:00:00,95.976
7793,2013-12-06 00:00:00,2013-10-01 00:00:00,107.489
7794,2013-12-23 00:00:00,2013-10-01 00:00:00,107.476
7795,2014-01-31 00:00:00,2013-10-01 00:00:00,107.488
7796,2014-03-03 00:00:00,2013-10-01 00:00:00,107.556
7797,2014-03-28 00:00:00,2013-10-01 00:00:00,107.56
7798,2014-08-01 00:00:00,2013-10-01 00:00:00,107.671
7799,2015-08-03 00:00:00,2013-10-01 00:00:00,108.0
7800,2016-08-02 00:00:00,2013-10-01 00:00:00,107.914
7801,2018-07-31 00:00:00,2013-10-01 00:00:00,101.711
7802,2021-07-30 00:00:00,2013-10-01 00:00:00,101.722
7803,2023-09-29 00:00:00,2013-10-01 00:00:00,96.103
7804,2013-12-23 00:00:00,2013-11-01 00:00:00,107.499
7805,2014-01-31 00:00:00,2013-11-01 00:00:00,107.505
7806,2014-03-03 00:00:00,2013-11-01 00:00:00,107.631
7807,2014-03-28 00:00:00,2013-11-01 00:00:00,107.636
7808,2014-08-01 00:00:00,2013-11-01 00:00:00,107.759
7809,2015-08-03 00:00:00,2013-11-01 00:00:00,108.071
7810,2016-08-02 00:00:00,2013-11-01 00:00:00,108.078
7811,2018-07-31 00:00:00,2013-11-01 00:00:00,101.865
7812,2021-07-30 00:00:00,2013-11-01 00:00:00,101.881
7813,2023-09-29 00:00:00,2013-11-01 00:00:00,96.246
7814,2014-01-31 00:00:00,2013-12-01 00:00:00,107.726
7815,2014-03-03 00:00:00,2013-12-01 00:00:00,107.811
7816,2014-03-28 00:00:00,2013-12-01 00:00:00,107.818
7817,2014-08-01 00:00:00,2013-12-01 00:00:00,107.938
7818,2015-08-03 00:00:00,2013-12-01 00:00:00,108.254
7819,2016-08-02 00:00:00,2013-12-01 00:00:00,108.275
7820,2018-07-31 00:00:00,2013-12-01 00:00:00,102.065
7821,2021-07-30 00:00:00,2013-12-01 00:00:00,102.084
7822,2023-09-29 00:00:00,2013-12-01 00:00:00,96.414
7823,2014-03-03 00:00:00,2014-01-01 00:00:00,107.922
7824,2014-03-28 00:00:00,2014-01-01 00:00:00,107.936
7825,2014-05-01 00:00:00,2014-01-01 00:00:00,107.937
7826,2014-05-30 00:00:00,2014-01-01 00:00:00,107.929
7827,2014-06-26 00:00:00,2014-01-01 00:00:00,107.923
7828,2014-08-01 00:00:00,2014-01-01 00:00:00,108.046
7829,2015-08-03 00:00:00,2014-01-01 00:00:00,108.421
7830,2016-08-02 00:00:00,2014-01-01 00:00:00,108.518
7831,2017-08-01 00:00:00,2014-01-01 00:00:00,108.537
7832,2018-07-31 00:00:00,2014-01-01 00:00:00,102.267
7833,2019-07-30 00:00:00,2014-01-01 00:00:00,102.254
7834,2021-07-30 00:00:00,2014-01-01 00:00:00,102.278
7835,2023-09-29 00:00:00,2014-01-01 00:00:00,96.614
7836,2014-03-28 00:00:00,2014-02-01 00:00:00,108.017
7837,2014-05-01 00:00:00,2014-02-01 00:00:00,108.009
7838,2014-05-30 00:00:00,2014-02-01 00:00:00,108.0
7839,2014-06-26 00:00:00,2014-02-01 00:00:00,107.991
7840,2014-08-01 00:00:00,2014-02-01 00:00:00,108.129
7841,2015-08-03 00:00:00,2014-02-01 00:00:00,108.492
7842,2016-08-02 00:00:00,2014-02-01 00:00:00,108.582
7843,2017-08-01 00:00:00,2014-02-01 00:00:00,108.622
7844,2018-07-31 00:00:00,2014-02-01 00:00:00,102.303
7845,2019-07-30 00:00:00,2014-02-01 00:00:00,102.308
7846,2021-07-30 00:00:00,2014-02-01 00:00:00,102.338
7847,2023-09-29 00:00:00,2014-02-01 00:00:00,96.66
7848,2014-05-01 00:00:00,2014-03-01 00:00:00,108.21
7849,2014-05-30 00:00:00,2014-03-01 00:00:00,108.202
7850,2014-06-26 00:00:00,2014-03-01 00:00:00,108.192
7851,2014-08-01 00:00:00,2014-03-01 00:00:00,108.292
7852,2015-08-03 00:00:00,2014-03-01 00:00:00,108.708
7853,2016-08-02 00:00:00,2014-03-01 00:00:00,108.764
7854,2017-08-01 00:00:00,2014-03-01 00:00:00,108.802
7855,2018-07-31 00:00:00,2014-03-01 00:00:00,102.513
7856,2019-07-30 00:00:00,2014-03-01 00:00:00,102.509
7857,2021-07-30 00:00:00,2014-03-01 00:00:00,102.543
7858,2023-09-29 00:00:00,2014-03-01 00:00:00,96.815
7859,2014-05-30 00:00:00,2014-04-01 00:00:00,108.413
7860,2014-06-26 00:00:00,2014-04-01 00:00:00,108.407
7861,2014-08-01 00:00:00,2014-04-01 00:00:00,108.511
7862,2014-08-29 00:00:00,2014-04-01 00:00:00,108.524
7863,2014-09-29 00:00:00,2014-04-01 00:00:00,108.523
7864,2015-08-03 00:00:00,2014-04-01 00:00:00,108.907
7865,2016-08-02 00:00:00,2014-04-01 00:00:00,109.005
7866,2017-08-01 00:00:00,2014-04-01 00:00:00,109.0
7867,2018-07-31 00:00:00,2014-04-01 00:00:00,102.725
7868,2019-07-30 00:00:00,2014-04-01 00:00:00,102.698
7869,2021-07-30 00:00:00,2014-04-01 00:00:00,102.742
7870,2023-09-29 00:00:00,2014-04-01 00:00:00,96.987
7871,2014-06-26 00:00:00,2014-05-01 00:00:00,108.66
7872,2014-08-01 00:00:00,2014-05-01 00:00:00,108.793
7873,2014-08-29 00:00:00,2014-05-01 00:00:00,108.786
7874,2014-09-29 00:00:00,2014-05-01 00:00:00,108.79
7875,2015-08-03 00:00:00,2014-05-01 00:00:00,109.145
7876,2016-08-02 00:00:00,2014-05-01 00:00:00,109.151
7877,2017-08-01 00:00:00,2014-05-01 00:00:00,109.152
7878,2018-07-31 00:00:00,2014-05-01 00:00:00,102.874
7879,2019-07-30 00:00:00,2014-05-01 00:00:00,102.866
7880,2021-07-30 00:00:00,2014-05-01 00:00:00,102.919
7881,2023-09-29 00:00:00,2014-05-01 00:00:00,97.147
7882,2014-08-01 00:00:00,2014-06-01 00:00:00,109.029
7883,2014-08-29 00:00:00,2014-06-01 00:00:00,109.023
7884,2014-09-29 00:00:00,2014-06-01 00:00:00,109.034
7885,2015-08-03 00:00:00,2014-06-01 00:00:00,109.297
7886,2016-08-02 00:00:00,2014-06-01 00:00:00,109.243
7887,2017-08-01 00:00:00,2014-06-01 00:00:00,109.256
7888,2018-07-31 00:00:00,2014-06-01 00:00:00,103.003
7889,2019-07-30 00:00:00,2014-06-01 00:00:00,102.976
7890,2021-07-30 00:00:00,2014-06-01 00:00:00,103.035
7891,2023-09-29 00:00:00,2014-06-01 00:00:00,97.253
7892,2014-08-29 00:00:00,2014-07-01 00:00:00,109.114
7893,2014-09-29 00:00:00,2014-07-01 00:00:00,109.13
7894,2014-10-31 00:00:00,2014-07-01 00:00:00,109.125
7895,2014-11-26 00:00:00,2014-07-01 00:00:00,109.13
7896,2014-12-23 00:00:00,2014-07-01 00:00:00,109.125
7897,2015-08-03 00:00:00,2014-07-01 00:00:00,109.428
7898,2016-08-02 00:00:00,2014-07-01 00:00:00,109.39
7899,2017-08-01 00:00:00,2014-07-01 00:00:00,109.44
7900,2018-07-31 00:00:00,2014-07-01 00:00:00,103.171
7901,2019-07-30 00:00:00,2014-07-01 00:00:00,103.128
7902,2021-07-30 00:00:00,2014-07-01 00:00:00,103.19
7903,2023-09-29 00:00:00,2014-07-01 00:00:00,97.391
7904,2014-09-29 00:00:00,2014-08-01 00:00:00,109.079
7905,2014-10-31 00:00:00,2014-08-01 00:00:00,109.07
7906,2014-11-26 00:00:00,2014-08-01 00:00:00,109.078
7907,2014-12-23 00:00:00,2014-08-01 00:00:00,109.072
7908,2015-08-03 00:00:00,2014-08-01 00:00:00,109.404
7909,2016-08-02 00:00:00,2014-08-01 00:00:00,109.378
7910,2017-08-01 00:00:00,2014-08-01 00:00:00,109.413
7911,2018-07-31 00:00:00,2014-08-01 00:00:00,103.161
7912,2019-07-30 00:00:00,2014-08-01 00:00:00,103.11
7913,2021-07-30 00:00:00,2014-08-01 00:00:00,103.177
7914,2023-09-29 00:00:00,2014-08-01 00:00:00,97.379
7915,2014-10-31 00:00:00,2014-09-01 00:00:00,109.152
7916,2014-11-26 00:00:00,2014-09-01 00:00:00,109.165
7917,2014-12-23 00:00:00,2014-09-01 00:00:00,109.15
7918,2015-08-03 00:00:00,2014-09-01 00:00:00,109.49
7919,2016-08-02 00:00:00,2014-09-01 00:00:00,109.506
7920,2017-08-01 00:00:00,2014-09-01 00:00:00,109.514
7921,2018-07-31 00:00:00,2014-09-01 00:00:00,103.195
7922,2019-07-30 00:00:00,2014-09-01 00:00:00,103.132
7923,2021-07-30 00:00:00,2014-09-01 00:00:00,103.203
7924,2023-09-29 00:00:00,2014-09-01 00:00:00,97.413
7925,2014-11-26 00:00:00,2014-10-01 00:00:00,109.225
7926,2014-12-23 00:00:00,2014-10-01 00:00:00,109.203
7927,2015-02-02 00:00:00,2014-10-01 00:00:00,109.18
7928,2015-03-02 00:00:00,2014-10-01 00:00:00,109.198
7929,2015-03-30 00:00:00,2014-10-01 00:00:00,109.201
7930,2015-08-03 00:00:00,2014-10-01 00:00:00,109.51
7931,2016-08-02 00:00:00,2014-10-01 00:00:00,109.541
7932,2017-08-01 00:00:00,2014-10-01 00:00:00,109.508
7933,2018-07-31 00:00:00,2014-10-01 00:00:00,103.17
7934,2019-07-30 00:00:00,2014-10-01 00:00:00,103.103
7935,2021-07-30 00:00:00,2014-10-01 00:00:00,103.177
7936,2023-09-29 00:00:00,2014-10-01 00:00:00,97.384
7937,2014-12-23 00:00:00,2014-11-01 00:00:00,109.015
7938,2015-02-02 00:00:00,2014-11-01 00:00:00,109.0
7939,2015-03-02 00:00:00,2014-11-01 00:00:00,109.021
7940,2015-03-30 00:00:00,2014-11-01 00:00:00,109.028
7941,2015-08-03 00:00:00,2014-11-01 00:00:00,109.352
7942,2016-08-02 00:00:00,2014-11-01 00:00:00,109.468
7943,2017-08-01 00:00:00,2014-11-01 00:00:00,109.435
7944,2018-07-31 00:00:00,2014-11-01 00:00:00,103.115
7945,2019-07-30 00:00:00,2014-11-01 00:00:00,103.021
7946,2021-07-30 00:00:00,2014-11-01 00:00:00,103.098
7947,2023-09-29 00:00:00,2014-11-01 00:00:00,97.291
7948,2015-02-02 00:00:00,2014-12-01 00:00:00,108.746
7949,2015-03-02 00:00:00,2014-12-01 00:00:00,108.771
7950,2015-03-30 00:00:00,2014-12-01 00:00:00,108.773
7951,2015-08-03 00:00:00,2014-12-01 00:00:00,109.103
7952,2016-08-02 00:00:00,2014-12-01 00:00:00,109.255
7953,2017-08-01 00:00:00,2014-12-01 00:00:00,109.21
7954,2018-07-31 00:00:00,2014-12-01 00:00:00,102.923
7955,2019-07-30 00:00:00,2014-12-01 00:00:00,102.852
7956,2021-07-30 00:00:00,2014-12-01 00:00:00,102.94
7957,2023-09-29 00:00:00,2014-12-01 00:00:00,97.12
7958,2015-03-02 00:00:00,2015-01-01 00:00:00,108.281
7959,2015-03-30 00:00:00,2015-01-01 00:00:00,108.301
7960,2015-04-30 00:00:00,2015-01-01 00:00:00,108.272
7961,2015-06-01 00:00:00,2015-01-01 00:00:00,108.267
7962,2015-06-25 00:00:00,2015-01-01 00:00:00,108.265
7963,2015-08-03 00:00:00,2015-01-01 00:00:00,108.594
7964,2016-08-02 00:00:00,2015-01-01 00:00:00,108.802
7965,2017-08-01 00:00:00,2015-01-01 00:00:00,108.762
7966,2018-07-31 00:00:00,2015-01-01 00:00:00,102.443
7967,2019-07-30 00:00:00,2015-01-01 00:00:00,102.357
7968,2020-07-31 00:00:00,2015-01-01 00:00:00,102.374
7969,2021-07-30 00:00:00,2015-01-01 00:00:00,102.465
7970,2023-09-29 00:00:00,2015-01-01 00:00:00,96.654
7971,2015-03-30 00:00:00,2015-02-01 00:00:00,108.486
7972,2015-04-30 00:00:00,2015-02-01 00:00:00,108.46
7973,2015-06-01 00:00:00,2015-02-01 00:00:00,108.45
7974,2015-06-25 00:00:00,2015-02-01 00:00:00,108.448
7975,2015-08-03 00:00:00,2015-02-01 00:00:00,108.776
7976,2016-08-02 00:00:00,2015-02-01 00:00:00,108.972
7977,2017-08-01 00:00:00,2015-02-01 00:00:00,108.944
7978,2018-07-31 00:00:00,2015-02-01 00:00:00,102.58
7979,2019-07-30 00:00:00,2015-02-01 00:00:00,102.518
7980,2020-07-31 00:00:00,2015-02-01 00:00:00,102.542
7981,2021-07-30 00:00:00,2015-02-01 00:00:00,102.634
7982,2023-09-29 00:00:00,2015-02-01 00:00:00,96.825
7983,2015-04-30 00:00:00,2015-03-01 00:00:00,108.646
7984,2015-06-01 00:00:00,2015-03-01 00:00:00,108.622
7985,2015-06-25 00:00:00,2015-03-01 00:00:00,108.65
7986,2015-08-03 00:00:00,2015-03-01 00:00:00,109.015
7987,2016-08-02 00:00:00,2015-03-01 00:00:00,109.162
7988,2017-08-01 00:00:00,2015-03-01 00:00:00,109.134
7989,2018-07-31 00:00:00,2015-03-01 00:00:00,102.801
7990,2019-07-30 00:00:00,2015-03-01 00:00:00,102.751
7991,2020-07-31 00:00:00,2015-03-01 00:00:00,102.739
7992,2021-07-30 00:00:00,2015-03-01 00:00:00,102.831
7993,2023-09-29 00:00:00,2015-03-01 00:00:00,97.008
7994,2015-06-01 00:00:00,2015-04-01 00:00:00,108.649
7995,2015-06-25 00:00:00,2015-04-01 00:00:00,108.693
7996,2015-08-03 00:00:00,2015-04-01 00:00:00,109.063
7997,2015-08-28 00:00:00,2015-04-01 00:00:00,109.075
7998,2015-09-28 00:00:00,2015-04-01 00:00:00,109.085
7999,2016-08-02 00:00:00,2015-04-01 00:00:00,109.252
8000,2017-08-01 00:00:00,2015-04-01 00:00:00,109.177
8001,2018-07-31 00:00:00,2015-04-01 00:00:00,102.865
8002,2019-07-30 00:00:00,2015-04-01 00:00:00,102.803
8003,2020-07-31 00:00:00,2015-04-01 00:00:00,102.822
8004,2021-07-30 00:00:00,2015-04-01 00:00:00,102.91
8005,2023-09-29 00:00:00,2015-04-01 00:00:00,97.094
8006,2015-06-25 00:00:00,2015-05-01 00:00:00,109.032
8007,2015-08-03 00:00:00,2015-05-01 00:00:00,109.405
8008,2015-08-28 00:00:00,2015-05-01 00:00:00,109.412
8009,2015-09-28 00:00:00,2015-05-01 00:00:00,109.418
8010,2016-08-02 00:00:00,2015-05-01 00:00:00,109.494
8011,2017-08-01 00:00:00,2015-05-01 00:00:00,109.429
8012,2018-07-31 00:00:00,2015-05-01 00:00:00,103.12
8013,2019-07-30 00:00:00,2015-05-01 00:00:00,103.064
8014,2020-07-31 00:00:00,2015-05-01 00:00:00,103.072
8015,2021-07-30 00:00:00,2015-05-01 00:00:00,103.156
8016,2023-09-29 00:00:00,2015-05-01 00:00:00,97.327
8017,2015-08-03 00:00:00,2015-06-01 00:00:00,109.658
8018,2015-08-28 00:00:00,2015-06-01 00:00:00,109.664
8019,2015-09-28 00:00:00,2015-06-01 00:00:00,109.67
8020,2017-08-01 00:00:00,2015-06-01 00:00:00,109.623
8021,2018-07-31 00:00:00,2015-06-01 00:00:00,103.34
8022,2019-07-30 00:00:00,2015-06-01 00:00:00,103.277
8023,2020-07-31 00:00:00,2015-06-01 00:00:00,103.276
8024,2021-07-30 00:00:00,2015-06-01 00:00:00,103.356
8025,2023-09-29 00:00:00,2015-06-01 00:00:00,97.516
8026,2015-08-28 00:00:00,2015-07-01 00:00:00,109.756
8027,2015-09-28 00:00:00,2015-07-01 00:00:00,109.765
8028,2015-11-25 00:00:00,2015-07-01 00:00:00,109.77
8029,2015-12-23 00:00:00,2015-07-01 00:00:00,109.775
8030,2016-08-02 00:00:00,2015-07-01 00:00:00,109.789
8031,2017-08-01 00:00:00,2015-07-01 00:00:00,109.779
8032,2018-07-31 00:00:00,2015-07-01 00:00:00,103.451
8033,2019-07-30 00:00:00,2015-07-01 00:00:00,103.389
8034,2020-07-31 00:00:00,2015-07-01 00:00:00,103.366
8035,2021-07-30 00:00:00,2015-07-01 00:00:00,103.441
8036,2023-09-29 00:00:00,2015-07-01 00:00:00,97.605
8037,2015-09-28 00:00:00,2015-08-01 00:00:00,109.769
8038,2015-10-30 00:00:00,2015-08-01 00:00:00,109.749
8039,2015-11-25 00:00:00,2015-08-01 00:00:00,109.748
8040,2015-12-23 00:00:00,2015-08-01 00:00:00,109.753
8041,2016-08-02 00:00:00,2015-08-01 00:00:00,109.799
8042,2017-08-01 00:00:00,2015-08-01 00:00:00,109.779
8043,2018-07-31 00:00:00,2015-08-01 00:00:00,103.47
8044,2019-07-30 00:00:00,2015-08-01 00:00:00,103.392
8045,2020-07-31 00:00:00,2015-08-01 00:00:00,103.373
8046,2021-07-30 00:00:00,2015-08-01 00:00:00,103.442
8047,2023-09-29 00:00:00,2015-08-01 00:00:00,97.612
8048,2015-10-30 00:00:00,2015-09-01 00:00:00,109.661
8049,2015-11-25 00:00:00,2015-09-01 00:00:00,109.68
8050,2015-12-23 00:00:00,2015-09-01 00:00:00,109.691
8051,2016-08-02 00:00:00,2015-09-01 00:00:00,109.764
8052,2017-08-01 00:00:00,2015-09-01 00:00:00,109.727
8053,2018-07-31 00:00:00,2015-09-01 00:00:00,103.329
8054,2019-07-30 00:00:00,2015-09-01 00:00:00,103.235
8055,2020-07-31 00:00:00,2015-09-01 00:00:00,103.229
8056,2021-07-30 00:00:00,2015-09-01 00:00:00,103.289
8057,2023-09-29 00:00:00,2015-09-01 00:00:00,97.477
8058,2015-11-25 00:00:00,2015-10-01 00:00:00,109.749
8059,2015-12-23 00:00:00,2015-10-01 00:00:00,109.751
8060,2016-02-01 00:00:00,2015-10-01 00:00:00,109.759
8061,2016-02-26 00:00:00,2015-10-01 00:00:00,109.777
8062,2016-03-28 00:00:00,2015-10-01 00:00:00,109.774
8063,2016-08-02 00:00:00,2015-10-01 00:00:00,109.845
8064,2017-08-01 00:00:00,2015-10-01 00:00:00,109.757
8065,2018-07-31 00:00:00,2015-10-01 00:00:00,103.329
8066,2019-07-30 00:00:00,2015-10-01 00:00:00,103.236
8067,2020-07-31 00:00:00,2015-10-01 00:00:00,103.221
8068,2021-07-30 00:00:00,2015-10-01 00:00:00,103.274
8069,2023-09-29 00:00:00,2015-10-01 00:00:00,97.477
8070,2015-12-23 00:00:00,2015-11-01 00:00:00,109.782
8071,2016-02-01 00:00:00,2015-11-01 00:00:00,109.835
8072,2016-02-26 00:00:00,2015-11-01 00:00:00,109.917
8073,2016-03-28 00:00:00,2015-11-01 00:00:00,109.911
8074,2016-08-02 00:00:00,2015-11-01 00:00:00,109.961
8075,2017-08-01 00:00:00,2015-11-01 00:00:00,109.87
8076,2018-07-31 00:00:00,2015-11-01 00:00:00,103.431
8077,2019-07-30 00:00:00,2015-11-01 00:00:00,103.294
8078,2020-07-31 00:00:00,2015-11-01 00:00:00,103.292
8079,2021-07-30 00:00:00,2015-11-01 00:00:00,103.337
8080,2023-09-29 00:00:00,2015-11-01 00:00:00,97.538
8081,2016-02-01 00:00:00,2015-12-01 00:00:00,109.731
8082,2016-02-26 00:00:00,2015-12-01 00:00:00,109.843
8083,2016-03-28 00:00:00,2015-12-01 00:00:00,109.819
8084,2016-08-02 00:00:00,2015-12-01 00:00:00,109.871
8085,2017-08-01 00:00:00,2015-12-01 00:00:00,109.794
8086,2018-07-31 00:00:00,2015-12-01 00:00:00,103.35
8087,2019-07-30 00:00:00,2015-12-01 00:00:00,103.23
8088,2020-07-31 00:00:00,2015-12-01 00:00:00,103.216
8089,2021-07-30 00:00:00,2015-12-01 00:00:00,103.253
8090,2023-09-29 00:00:00,2015-12-01 00:00:00,97.456
8091,2016-02-26 00:00:00,2016-01-01 00:00:00,109.956
8092,2016-03-28 00:00:00,2016-01-01 00:00:00,109.942
8093,2016-04-29 00:00:00,2016-01-01 00:00:00,109.963
8094,2016-05-31 00:00:00,2016-01-01 00:00:00,109.965
8095,2016-06-29 00:00:00,2016-01-01 00:00:00,109.94
8096,2016-08-02 00:00:00,2016-01-01 00:00:00,109.999
8097,2017-08-01 00:00:00,2016-01-01 00:00:00,109.976
8098,2018-07-31 00:00:00,2016-01-01 00:00:00,103.439
8099,2019-07-30 00:00:00,2016-01-01 00:00:00,103.287
8100,2020-07-31 00:00:00,2016-01-01 00:00:00,103.313
8101,2021-07-30 00:00:00,2016-01-01 00:00:00,103.306
8102,2023-09-29 00:00:00,2016-01-01 00:00:00,97.496
8103,2016-03-28 00:00:00,2016-02-01 00:00:00,109.825
8104,2016-04-29 00:00:00,2016-02-01 00:00:00,109.855
8105,2016-05-31 00:00:00,2016-02-01 00:00:00,109.872
8106,2016-06-29 00:00:00,2016-02-01 00:00:00,109.84
8107,2016-08-02 00:00:00,2016-02-01 00:00:00,109.917
8108,2017-08-01 00:00:00,2016-02-01 00:00:00,109.936
8109,2018-07-31 00:00:00,2016-02-01 00:00:00,103.348
8110,2019-07-30 00:00:00,2016-02-01 00:00:00,103.218
8111,2020-07-31 00:00:00,2016-02-01 00:00:00,103.247
8112,2021-07-30 00:00:00,2016-02-01 00:00:00,103.242
8113,2023-09-29 00:00:00,2016-02-01 00:00:00,97.445
8114,2016-04-29 00:00:00,2016-03-01 00:00:00,109.914
8115,2016-05-31 00:00:00,2016-03-01 00:00:00,109.939
8116,2016-06-29 00:00:00,2016-03-01 00:00:00,109.91
8117,2016-08-02 00:00:00,2016-03-01 00:00:00,109.991
8118,2017-08-01 00:00:00,2016-03-01 00:00:00,110.044
8119,2018-07-31 00:00:00,2016-03-01 00:00:00,103.497
8120,2019-07-30 00:00:00,2016-03-01 00:00:00,103.385
8121,2020-07-31 00:00:00,2016-03-01 00:00:00,103.415
8122,2021-07-30 00:00:00,2016-03-01 00:00:00,103.481
8123,2023-09-29 00:00:00,2016-03-01 00:00:00,97.673
8124,2016-05-31 00:00:00,2016-04-01 00:00:00,110.276
8125,2016-06-29 00:00:00,2016-04-01 00:00:00,110.247
8126,2016-08-02 00:00:00,2016-04-01 00:00:00,110.333
8127,2016-08-29 00:00:00,2016-04-01 00:00:00,110.349
8128,2016-09-30 00:00:00,2016-04-01 00:00:00,110.351
8129,2017-08-01 00:00:00,2016-04-01 00:00:00,110.39
8130,2018-07-31 00:00:00,2016-04-01 00:00:00,103.849
8131,2019-07-30 00:00:00,2016-04-01 00:00:00,103.722
8132,2020-07-31 00:00:00,2016-04-01 00:00:00,103.763
8133,2021-07-30 00:00:00,2016-04-01 00:00:00,103.823
8134,2023-09-29 00:00:00,2016-04-01 00:00:00,97.993
8135,2016-06-29 00:00:00,2016-05-01 00:00:00,110.431
8136,2016-08-02 00:00:00,2016-05-01 00:00:00,110.525
8137,2016-08-29 00:00:00,2016-05-01 00:00:00,110.537
8138,2016-09-30 00:00:00,2016-05-01 00:00:00,110.54
8139,2017-08-01 00:00:00,2016-05-01 00:00:00,110.562
8140,2018-07-31 00:00:00,2016-05-01 00:00:00,104.033
8141,2019-07-30 00:00:00,2016-05-01 00:00:00,103.904
8142,2020-07-31 00:00:00,2016-05-01 00:00:00,103.93
8143,2021-07-30 00:00:00,2016-05-01 00:00:00,103.977
8144,2023-09-29 00:00:00,2016-05-01 00:00:00,98.153
8145,2016-08-02 00:00:00,2016-06-01 00:00:00,110.637
8146,2016-08-29 00:00:00,2016-06-01 00:00:00,110.659
8147,2016-09-30 00:00:00,2016-06-01 00:00:00,110.666
8148,2017-08-01 00:00:00,2016-06-01 00:00:00,110.714
8149,2018-07-31 00:00:00,2016-06-01 00:00:00,104.226
8150,2019-07-30 00:00:00,2016-06-01 00:00:00,104.104
8151,2020-07-31 00:00:00,2016-06-01 00:00:00,104.139
8152,2021-07-30 00:00:00,2016-06-01 00:00:00,104.175
8153,2023-09-29 00:00:00,2016-06-01 00:00:00,98.325
8154,2016-08-29 00:00:00,2016-07-01 00:00:00,110.659
8155,2016-09-30 00:00:00,2016-07-01 00:00:00,110.699
8156,2016-10-31 00:00:00,2016-07-01 00:00:00,110.718
8157,2016-11-30 00:00:00,2016-07-01 00:00:00,110.722
8158,2016-12-22 00:00:00,2016-07-01 00:00:00,110.725
8159,2017-08-01 00:00:00,2016-07-01 00:00:00,110.833
8160,2018-07-31 00:00:00,2016-07-01 00:00:00,104.328
8161,2019-07-30 00:00:00,2016-07-01 00:00:00,104.199
8162,2020-07-31 00:00:00,2016-07-01 00:00:00,104.202
8163,2021-07-30 00:00:00,2016-07-01 00:00:00,104.218
8164,2023-09-29 00:00:00,2016-07-01 00:00:00,98.342
8165,2016-09-30 00:00:00,2016-08-01 00:00:00,110.858
8166,2016-10-31 00:00:00,2016-08-01 00:00:00,110.898
8167,2016-11-30 00:00:00,2016-08-01 00:00:00,110.897
8168,2016-12-22 00:00:00,2016-08-01 00:00:00,110.902
8169,2017-08-01 00:00:00,2016-08-01 00:00:00,111.035
8170,2018-07-31 00:00:00,2016-08-01 00:00:00,104.504
8171,2019-07-30 00:00:00,2016-08-01 00:00:00,104.363
8172,2020-07-31 00:00:00,2016-08-01 00:00:00,104.38
8173,2021-07-30 00:00:00,2016-08-01 00:00:00,104.374
8174,2023-09-29 00:00:00,2016-08-01 00:00:00,98.479
8175,2016-10-31 00:00:00,2016-09-01 00:00:00,111.135
8176,2016-11-30 00:00:00,2016-09-01 00:00:00,111.124
8177,2016-12-22 00:00:00,2016-09-01 00:00:00,111.135
8178,2017-08-01 00:00:00,2016-09-01 00:00:00,111.235
8179,2018-07-31 00:00:00,2016-09-01 00:00:00,104.624
8180,2019-07-30 00:00:00,2016-09-01 00:00:00,104.47
8181,2020-07-31 00:00:00,2016-09-01 00:00:00,104.516
8182,2021-07-30 00:00:00,2016-09-01 00:00:00,104.555
8183,2023-09-29 00:00:00,2016-09-01 00:00:00,98.666
8184,2016-11-30 00:00:00,2016-10-01 00:00:00,111.394
8185,2016-12-22 00:00:00,2016-10-01 00:00:00,111.424
8186,2017-01-30 00:00:00,2016-10-01 00:00:00,111.417
8187,2017-03-01 00:00:00,2016-10-01 00:00:00,111.348
8188,2017-03-31 00:00:00,2016-10-01 00:00:00,111.365
8189,2017-08-01 00:00:00,2016-10-01 00:00:00,111.471
8190,2018-07-31 00:00:00,2016-10-01 00:00:00,104.872
8191,2019-07-30 00:00:00,2016-10-01 00:00:00,104.708
8192,2020-07-31 00:00:00,2016-10-01 00:00:00,104.744
8193,2021-07-30 00:00:00,2016-10-01 00:00:00,104.786
8194,2023-09-29 00:00:00,2016-10-01 00:00:00,98.868
8195,2016-12-22 00:00:00,2016-11-01 00:00:00,111.47
8196,2017-01-30 00:00:00,2016-11-01 00:00:00,111.475
8197,2017-03-01 00:00:00,2016-11-01 00:00:00,111.411
8198,2017-03-31 00:00:00,2016-11-01 00:00:00,111.434
8199,2017-08-01 00:00:00,2016-11-01 00:00:00,111.537
8200,2018-07-31 00:00:00,2016-11-01 00:00:00,104.942
8201,2019-07-30 00:00:00,2016-11-01 00:00:00,104.752
8202,2020-07-31 00:00:00,2016-11-01 00:00:00,104.792
8203,2021-07-30 00:00:00,2016-11-01 00:00:00,104.826
8204,2023-09-29 00:00:00,2016-11-01 00:00:00,98.901
8205,2017-01-30 00:00:00,2016-12-01 00:00:00,111.651
8206,2017-03-01 00:00:00,2016-12-01 00:00:00,111.598
8207,2017-03-31 00:00:00,2016-12-01 00:00:00,111.632
8208,2017-08-01 00:00:00,2016-12-01 00:00:00,111.74
8209,2018-07-31 00:00:00,2016-12-01 00:00:00,105.153
8210,2019-07-30 00:00:00,2016-12-01 00:00:00,104.976
8211,2020-07-31 00:00:00,2016-12-01 00:00:00,105.005
8212,2021-07-30 00:00:00,2016-12-01 00:00:00,105.017
8213,2023-09-29 00:00:00,2016-12-01 00:00:00,99.071
8214,2017-03-01 00:00:00,2017-01-01 00:00:00,112.082
8215,2017-03-31 00:00:00,2017-01-01 00:00:00,112.102
8216,2017-05-01 00:00:00,2017-01-01 00:00:00,112.132
8217,2017-05-30 00:00:00,2017-01-01 00:00:00,112.142
8218,2017-06-30 00:00:00,2017-01-01 00:00:00,112.128
8219,2017-08-01 00:00:00,2017-01-01 00:00:00,112.212
8220,2018-07-31 00:00:00,2017-01-01 00:00:00,105.557
8221,2019-07-30 00:00:00,2017-01-01 00:00:00,105.336
8222,2020-07-31 00:00:00,2017-01-01 00:00:00,105.392
8223,2021-07-30 00:00:00,2017-01-01 00:00:00,105.41
8224,2022-09-30 00:00:00,2017-01-01 00:00:00,105.408
8225,2023-09-29 00:00:00,2017-01-01 00:00:00,99.451
8226,2017-03-31 00:00:00,2017-02-01 00:00:00,112.248
8227,2017-05-01 00:00:00,2017-02-01 00:00:00,112.264
8228,2017-05-30 00:00:00,2017-02-01 00:00:00,112.28
8229,2017-06-30 00:00:00,2017-02-01 00:00:00,112.256
8230,2017-08-01 00:00:00,2017-02-01 00:00:00,112.329
8231,2018-07-31 00:00:00,2017-02-01 00:00:00,105.6
8232,2019-07-30 00:00:00,2017-02-01 00:00:00,105.42
8233,2020-07-31 00:00:00,2017-02-01 00:00:00,105.499
8234,2021-07-30 00:00:00,2017-02-01 00:00:00,105.502
8235,2022-09-30 00:00:00,2017-02-01 00:00:00,105.57
8236,2023-09-29 00:00:00,2017-02-01 00:00:00,99.586
8237,2017-05-01 00:00:00,2017-03-01 00:00:00,112.005
8238,2017-05-30 00:00:00,2017-03-01 00:00:00,112.028
8239,2017-06-30 00:00:00,2017-03-01 00:00:00,112.006
8240,2017-08-01 00:00:00,2017-03-01 00:00:00,112.053
8241,2018-07-31 00:00:00,2017-03-01 00:00:00,105.427
8242,2019-07-30 00:00:00,2017-03-01 00:00:00,105.309
8243,2020-07-31 00:00:00,2017-03-01 00:00:00,105.373
8244,2021-07-30 00:00:00,2017-03-01 00:00:00,105.448
8245,2022-09-30 00:00:00,2017-03-01 00:00:00,105.512
8246,2023-09-29 00:00:00,2017-03-01 00:00:00,99.535
8247,2017-05-30 00:00:00,2017-04-01 00:00:00,112.24
8248,2017-06-30 00:00:00,2017-04-01 00:00:00,112.198
8249,2017-08-01 00:00:00,2017-04-01 00:00:00,112.291
8250,2017-08-31 00:00:00,2017-04-01 00:00:00,112.296
8251,2017-09-29 00:00:00,2017-04-01 00:00:00,112.302
8252,2018-07-31 00:00:00,2017-04-01 00:00:00,105.701
8253,2019-07-30 00:00:00,2017-04-01 00:00:00,105.546
8254,2020-07-31 00:00:00,2017-04-01 00:00:00,105.617
8255,2021-07-30 00:00:00,2017-04-01 00:00:00,105.732
8256,2022-09-30 00:00:00,2017-04-01 00:00:00,105.744
8257,2023-09-29 00:00:00,2017-04-01 00:00:00,99.725
8258,2017-06-30 00:00:00,2017-05-01 00:00:00,112.127
8259,2017-08-01 00:00:00,2017-05-01 00:00:00,112.257
8260,2017-08-31 00:00:00,2017-05-01 00:00:00,112.238
8261,2017-09-29 00:00:00,2017-05-01 00:00:00,112.236
8262,2018-07-31 00:00:00,2017-05-01 00:00:00,105.705
8263,2019-07-30 00:00:00,2017-05-01 00:00:00,105.56
8264,2020-07-31 00:00:00,2017-05-01 00:00:00,105.607
8265,2021-07-30 00:00:00,2017-05-01 00:00:00,105.703
8266,2022-09-30 00:00:00,2017-05-01 00:00:00,105.714
8267,2023-09-29 00:00:00,2017-05-01 00:00:00,99.682
8268,2017-08-01 00:00:00,2017-06-01 00:00:00,112.283
8269,2017-08-31 00:00:00,2017-06-01 00:00:00,112.285
8270,2017-09-29 00:00:00,2017-06-01 00:00:00,112.282
8271,2018-07-31 00:00:00,2017-06-01 00:00:00,105.8
8272,2019-07-30 00:00:00,2017-06-01 00:00:00,105.68
8273,2020-07-31 00:00:00,2017-06-01 00:00:00,105.739
8274,2021-07-30 00:00:00,2017-06-01 00:00:00,105.818
8275,2022-09-30 00:00:00,2017-06-01 00:00:00,105.815
8276,2023-09-29 00:00:00,2017-06-01 00:00:00,99.766
8277,2017-08-31 00:00:00,2017-07-01 00:00:00,112.384
8278,2017-09-29 00:00:00,2017-07-01 00:00:00,112.392
8279,2017-10-30 00:00:00,2017-07-01 00:00:00,112.399
8280,2017-11-30 00:00:00,2017-07-01 00:00:00,112.398
8281,2017-12-22 00:00:00,2017-07-01 00:00:00,112.39
8282,2018-07-31 00:00:00,2017-07-01 00:00:00,105.871
8283,2019-07-30 00:00:00,2017-07-01 00:00:00,105.758
8284,2020-07-31 00:00:00,2017-07-01 00:00:00,105.784
8285,2021-07-30 00:00:00,2017-07-01 00:00:00,105.844
8286,2022-09-30 00:00:00,2017-07-01 00:00:00,105.842
8287,2023-09-29 00:00:00,2017-07-01 00:00:00,99.803
8288,2017-09-29 00:00:00,2017-08-01 00:00:00,112.623
8289,2017-10-30 00:00:00,2017-08-01 00:00:00,112.629
8290,2017-11-30 00:00:00,2017-08-01 00:00:00,112.636
8291,2017-12-22 00:00:00,2017-08-01 00:00:00,112.629
8292,2018-07-31 00:00:00,2017-08-01 00:00:00,106.117
8293,2019-07-30 00:00:00,2017-08-01 00:00:00,105.995
8294,2020-07-31 00:00:00,2017-08-01 00:00:00,106.04
8295,2021-07-30 00:00:00,2017-08-01 00:00:00,106.074
8296,2022-09-30 00:00:00,2017-08-01 00:00:00,106.093
8297,2023-09-29 00:00:00,2017-08-01 00:00:00,100.027
8298,2017-10-30 00:00:00,2017-09-01 00:00:00,113.051
8299,2017-11-30 00:00:00,2017-09-01 00:00:00,113.082
8300,2017-12-22 00:00:00,2017-09-01 00:00:00,113.077
8301,2018-07-31 00:00:00,2017-09-01 00:00:00,106.48
8302,2019-07-30 00:00:00,2017-09-01 00:00:00,106.345
8303,2020-07-31 00:00:00,2017-09-01 00:00:00,106.429
8304,2021-07-30 00:00:00,2017-09-01 00:00:00,106.52
8305,2022-09-30 00:00:00,2017-09-01 00:00:00,106.491
8306,2023-09-29 00:00:00,2017-09-01 00:00:00,100.4
8307,2017-11-30 00:00:00,2017-10-01 00:00:00,113.245
8308,2017-12-22 00:00:00,2017-10-01 00:00:00,113.242
8309,2018-01-29 00:00:00,2017-10-01 00:00:00,113.243
8310,2018-03-01 00:00:00,2017-10-01 00:00:00,113.247
8311,2018-03-29 00:00:00,2017-10-01 00:00:00,113.25
8312,2018-07-31 00:00:00,2017-10-01 00:00:00,106.664
8313,2019-07-30 00:00:00,2017-10-01 00:00:00,106.538
8314,2020-07-31 00:00:00,2017-10-01 00:00:00,106.596
8315,2021-07-30 00:00:00,2017-10-01 00:00:00,106.692
8316,2022-09-30 00:00:00,2017-10-01 00:00:00,106.648
8317,2023-09-29 00:00:00,2017-10-01 00:00:00,100.531
8318,2017-12-22 00:00:00,2017-11-01 00:00:00,113.504
8319,2018-01-29 00:00:00,2017-11-01 00:00:00,113.515
8320,2018-03-01 00:00:00,2017-11-01 00:00:00,113.481
8321,2018-03-29 00:00:00,2017-11-01 00:00:00,113.483
8322,2018-07-31 00:00:00,2017-11-01 00:00:00,106.9
8323,2019-07-30 00:00:00,2017-11-01 00:00:00,106.739
8324,2020-07-31 00:00:00,2017-11-01 00:00:00,106.788
8325,2021-07-30 00:00:00,2017-11-01 00:00:00,106.88
8326,2022-09-30 00:00:00,2017-11-01 00:00:00,106.825
8327,2023-09-29 00:00:00,2017-11-01 00:00:00,100.675
8328,2018-01-29 00:00:00,2017-12-01 00:00:00,113.64
8329,2018-03-01 00:00:00,2017-12-01 00:00:00,113.646
8330,2018-03-29 00:00:00,2017-12-01 00:00:00,113.644
8331,2018-07-31 00:00:00,2017-12-01 00:00:00,107.056
8332,2019-07-30 00:00:00,2017-12-01 00:00:00,106.922
8333,2020-07-31 00:00:00,2017-12-01 00:00:00,106.943
8334,2021-07-30 00:00:00,2017-12-01 00:00:00,106.995
8335,2022-09-30 00:00:00,2017-12-01 00:00:00,106.98
8336,2023-09-29 00:00:00,2017-12-01 00:00:00,100.821
8337,2018-03-01 00:00:00,2018-01-01 00:00:00,114.064
8338,2018-03-29 00:00:00,2018-01-01 00:00:00,114.082
8339,2018-04-30 00:00:00,2018-01-01 00:00:00,114.083
8340,2018-05-31 00:00:00,2018-01-01 00:00:00,114.058
8341,2018-06-29 00:00:00,2018-01-01 00:00:00,114.041
8342,2018-07-31 00:00:00,2018-01-01 00:00:00,107.406
8343,2019-07-30 00:00:00,2018-01-01 00:00:00,107.223
8344,2020-07-31 00:00:00,2018-01-01 00:00:00,107.29
8345,2021-07-30 00:00:00,2018-01-01 00:00:00,107.354
8346,2022-09-30 00:00:00,2018-01-01 00:00:00,107.362
8347,2023-09-29 00:00:00,2018-01-01 00:00:00,101.199
8348,2018-03-29 00:00:00,2018-02-01 00:00:00,114.299
8349,2018-04-30 00:00:00,2018-02-01 00:00:00,114.273
8350,2018-05-31 00:00:00,2018-02-01 00:00:00,114.218
8351,2018-06-29 00:00:00,2018-02-01 00:00:00,114.21
8352,2018-07-31 00:00:00,2018-02-01 00:00:00,107.556
8353,2019-07-30 00:00:00,2018-02-01 00:00:00,107.423
8354,2020-07-31 00:00:00,2018-02-01 00:00:00,107.528
8355,2021-07-30 00:00:00,2018-02-01 00:00:00,107.574
8356,2022-09-30 00:00:00,2018-02-01 00:00:00,107.625
8357,2023-09-29 00:00:00,2018-02-01 00:00:00,101.416
8358,2018-04-30 00:00:00,2018-03-01 00:00:00,114.31
8359,2018-05-31 00:00:00,2018-03-01 00:00:00,114.258
8360,2018-06-29 00:00:00,2018-03-01 00:00:00,114.251
8361,2018-07-31 00:00:00,2018-03-01 00:00:00,107.61
8362,2019-07-30 00:00:00,2018-03-01 00:00:00,107.555
8363,2020-07-31 00:00:00,2018-03-01 00:00:00,107.637
8364,2021-07-30 00:00:00,2018-03-01 00:00:00,107.744
8365,2022-09-30 00:00:00,2018-03-01 00:00:00,107.777
8366,2023-09-29 00:00:00,2018-03-01 00:00:00,101.524
8367,2018-05-31 00:00:00,2018-04-01 00:00:00,114.512
8368,2018-06-29 00:00:00,2018-04-01 00:00:00,114.521
8369,2018-07-31 00:00:00,2018-04-01 00:00:00,107.84
8370,2018-08-30 00:00:00,2018-04-01 00:00:00,107.847
8371,2018-09-28 00:00:00,2018-04-01 00:00:00,107.865
8372,2019-07-30 00:00:00,2018-04-01 00:00:00,107.765
8373,2020-07-31 00:00:00,2018-04-01 00:00:00,107.865
8374,2021-07-30 00:00:00,2018-04-01 00:00:00,108.008
8375,2022-09-30 00:00:00,2018-04-01 00:00:00,107.988
8376,2023-09-29 00:00:00,2018-04-01 00:00:00,101.766
8377,2018-06-29 00:00:00,2018-05-01 00:00:00,114.764
8378,2018-07-31 00:00:00,2018-05-01 00:00:00,108.049
8379,2018-08-30 00:00:00,2018-05-01 00:00:00,108.058
8380,2018-09-28 00:00:00,2018-05-01 00:00:00,108.085
8381,2019-07-30 00:00:00,2018-05-01 00:00:00,108.017
8382,2020-07-31 00:00:00,2018-05-01 00:00:00,108.104
8383,2021-07-30 00:00:00,2018-05-01 00:00:00,108.203
8384,2022-09-30 00:00:00,2018-05-01 00:00:00,108.193
8385,2023-09-29 00:00:00,2018-05-01 00:00:00,101.941
8386,2018-07-31 00:00:00,2018-06-01 00:00:00,108.16
8387,2018-08-30 00:00:00,2018-06-01 00:00:00,108.18
8388,2018-09-28 00:00:00,2018-06-01 00:00:00,108.207
8389,2019-07-30 00:00:00,2018-06-01 00:00:00,108.182
8390,2020-07-31 00:00:00,2018-06-01 00:00:00,108.273
8391,2021-07-30 00:00:00,2018-06-01 00:00:00,108.341
8392,2022-09-30 00:00:00,2018-06-01 00:00:00,108.317
8393,2023-09-29 00:00:00,2018-06-01 00:00:00,102.029
8394,2018-08-30 00:00:00,2018-07-01 00:00:00,108.314
8395,2018-09-28 00:00:00,2018-07-01 00:00:00,108.353
8396,2018-10-29 00:00:00,2018-07-01 00:00:00,108.356
8397,2018-11-29 00:00:00,2018-07-01 00:00:00,108.344
8398,2018-12-21 00:00:00,2018-07-01 00:00:00,108.365
8399,2019-07-30 00:00:00,2018-07-01 00:00:00,108.353
8400,2020-07-31 00:00:00,2018-07-01 00:00:00,108.379
8401,2021-07-30 00:00:00,2018-07-01 00:00:00,108.427
8402,2022-09-30 00:00:00,2018-07-01 00:00:00,108.417
8403,2023-09-29 00:00:00,2018-07-01 00:00:00,102.137
8404,2018-09-28 00:00:00,2018-08-01 00:00:00,108.47
8405,2018-10-29 00:00:00,2018-08-01 00:00:00,108.471
8406,2018-11-29 00:00:00,2018-08-01 00:00:00,108.441
8407,2018-12-21 00:00:00,2018-08-01 00:00:00,108.458
8408,2019-07-30 00:00:00,2018-08-01 00:00:00,108.39
8409,2020-07-31 00:00:00,2018-08-01 00:00:00,108.464
8410,2021-07-30 00:00:00,2018-08-01 00:00:00,108.491
8411,2022-09-30 00:00:00,2018-08-01 00:00:00,108.502
8412,2023-09-29 00:00:00,2018-08-01 00:00:00,102.208
8413,2018-10-29 00:00:00,2018-09-01 00:00:00,108.602
8414,2018-11-29 00:00:00,2018-09-01 00:00:00,108.576
8415,2018-12-21 00:00:00,2018-09-01 00:00:00,108.599
8416,2019-07-30 00:00:00,2018-09-01 00:00:00,108.496
8417,2020-07-31 00:00:00,2018-09-01 00:00:00,108.661
8418,2021-07-30 00:00:00,2018-09-01 00:00:00,108.72
8419,2022-09-30 00:00:00,2018-09-01 00:00:00,108.738
8420,2023-09-29 00:00:00,2018-09-01 00:00:00,102.418
8421,2018-11-29 00:00:00,2018-10-01 00:00:00,108.772
8422,2018-12-21 00:00:00,2018-10-01 00:00:00,108.81
8423,2019-03-01 00:00:00,2018-10-01 00:00:00,108.812
8424,2019-03-29 00:00:00,2018-10-01 00:00:00,108.816
8425,2019-07-30 00:00:00,2018-10-01 00:00:00,108.71
8426,2020-07-31 00:00:00,2018-10-01 00:00:00,108.816
8427,2021-07-30 00:00:00,2018-10-01 00:00:00,108.947
8428,2022-09-30 00:00:00,2018-10-01 00:00:00,108.924
8429,2023-09-29 00:00:00,2018-10-01 00:00:00,102.595
8430,2018-12-21 00:00:00,2018-11-01 00:00:00,108.871
8431,2019-03-01 00:00:00,2018-11-01 00:00:00,108.866
8432,2019-03-29 00:00:00,2018-11-01 00:00:00,108.871
8433,2019-07-30 00:00:00,2018-11-01 00:00:00,108.776
8434,2020-07-31 00:00:00,2018-11-01 00:00:00,108.893
8435,2021-07-30 00:00:00,2018-11-01 00:00:00,109.023
8436,2022-09-30 00:00:00,2018-11-01 00:00:00,108.969
8437,2023-09-29 00:00:00,2018-11-01 00:00:00,102.63
8438,2019-03-01 00:00:00,2018-12-01 00:00:00,108.929
8439,2019-03-29 00:00:00,2018-12-01 00:00:00,108.938
8440,2019-07-30 00:00:00,2018-12-01 00:00:00,108.83
8441,2020-07-31 00:00:00,2018-12-01 00:00:00,108.958
8442,2021-07-30 00:00:00,2018-12-01 00:00:00,108.99
8443,2022-09-30 00:00:00,2018-12-01 00:00:00,108.991
8444,2023-09-29 00:00:00,2018-12-01 00:00:00,102.701
8445,2019-03-29 00:00:00,2019-01-01 00:00:00,108.873
8446,2019-04-29 00:00:00,2019-01-01 00:00:00,108.887
8447,2019-05-31 00:00:00,2019-01-01 00:00:00,108.842
8448,2019-06-28 00:00:00,2019-01-01 00:00:00,108.874
8449,2019-07-30 00:00:00,2019-01-01 00:00:00,108.739
8450,2020-07-31 00:00:00,2019-01-01 00:00:00,108.872
8451,2021-07-30 00:00:00,2019-01-01 00:00:00,108.93
8452,2022-09-30 00:00:00,2019-01-01 00:00:00,108.977
8453,2023-09-29 00:00:00,2019-01-01 00:00:00,102.714
8454,2024-09-27 00:00:00,2019-01-01 00:00:00,102.648
8455,2019-04-29 00:00:00,2019-02-01 00:00:00,109.0
8456,2019-05-31 00:00:00,2019-02-01 00:00:00,108.934
8457,2019-06-28 00:00:00,2019-02-01 00:00:00,108.97
8458,2019-07-30 00:00:00,2019-02-01 00:00:00,108.835
8459,2020-07-31 00:00:00,2019-02-01 00:00:00,109.003
8460,2021-07-30 00:00:00,2019-02-01 00:00:00,109.036
8461,2022-09-30 00:00:00,2019-02-01 00:00:00,109.146
8462,2023-09-29 00:00:00,2019-02-01 00:00:00,102.862
8463,2024-09-27 00:00:00,2019-02-01 00:00:00,102.836
8464,2019-04-29 00:00:00,2019-03-01 00:00:00,109.215
8465,2019-05-31 00:00:00,2019-03-01 00:00:00,109.155
8466,2019-06-28 00:00:00,2019-03-01 00:00:00,109.201
8467,2019-07-30 00:00:00,2019-03-01 00:00:00,109.064
8468,2020-07-31 00:00:00,2019-03-01 00:00:00,109.252
8469,2021-07-30 00:00:00,2019-03-01 00:00:00,109.333
8470,2022-09-30 00:00:00,2019-03-01 00:00:00,109.443
8471,2023-09-29 00:00:00,2019-03-01 00:00:00,103.056
8472,2024-09-27 00:00:00,2019-03-01 00:00:00,103.069
8473,2019-05-31 00:00:00,2019-04-01 00:00:00,109.496
8474,2019-06-28 00:00:00,2019-04-01 00:00:00,109.546
8475,2019-07-30 00:00:00,2019-04-01 00:00:00,109.369
8476,2019-08-30 00:00:00,2019-04-01 00:00:00,109.381
8477,2019-09-27 00:00:00,2019-04-01 00:00:00,109.403
8478,2020-07-31 00:00:00,2019-04-01 00:00:00,109.609
8479,2021-07-30 00:00:00,2019-04-01 00:00:00,109.759
8480,2022-09-30 00:00:00,2019-04-01 00:00:00,109.78
8481,2023-09-29 00:00:00,2019-04-01 00:00:00,103.371
8482,2024-09-27 00:00:00,2019-04-01 00:00:00,103.36
8483,2019-06-28 00:00:00,2019-05-01 00:00:00,109.726
8484,2019-07-30 00:00:00,2019-05-01 00:00:00,109.514
8485,2019-08-30 00:00:00,2019-05-01 00:00:00,109.488
8486,2019-09-27 00:00:00,2019-05-01 00:00:00,109.511
8487,2020-07-31 00:00:00,2019-05-01 00:00:00,109.72
8488,2021-07-30 00:00:00,2019-05-01 00:00:00,109.827
8489,2022-09-30 00:00:00,2019-05-01 00:00:00,109.856
8490,2023-09-29 00:00:00,2019-05-01 00:00:00,103.426
8491,2024-09-27 00:00:00,2019-05-01 00:00:00,103.435
8492,2019-07-30 00:00:00,2019-06-01 00:00:00,109.646
8493,2019-08-30 00:00:00,2019-06-01 00:00:00,109.618
8494,2019-09-27 00:00:00,2019-06-01 00:00:00,109.653
8495,2020-07-31 00:00:00,2019-06-01 00:00:00,109.849
8496,2021-07-30 00:00:00,2019-06-01 00:00:00,109.92
8497,2022-09-30 00:00:00,2019-06-01 00:00:00,109.935
8498,2023-09-29 00:00:00,2019-06-01 00:00:00,103.469
8499,2024-09-27 00:00:00,2019-06-01 00:00:00,103.484
8500,2019-08-30 00:00:00,2019-07-01 00:00:00,109.848
8501,2019-09-27 00:00:00,2019-07-01 00:00:00,109.914
8502,2019-10-31 00:00:00,2019-07-01 00:00:00,109.923
8503,2019-11-27 00:00:00,2019-07-01 00:00:00,109.912
8504,2019-12-20 00:00:00,2019-07-01 00:00:00,109.909
8505,2020-07-31 00:00:00,2019-07-01 00:00:00,110.042
8506,2021-07-30 00:00:00,2019-07-01 00:00:00,110.074
8507,2022-09-30 00:00:00,2019-07-01 00:00:00,110.094
8508,2023-09-29 00:00:00,2019-07-01 00:00:00,103.608
8509,2024-09-27 00:00:00,2019-07-01 00:00:00,103.622
8510,2019-09-27 00:00:00,2019-08-01 00:00:00,109.95
8511,2019-10-31 00:00:00,2019-08-01 00:00:00,109.949
8512,2019-11-27 00:00:00,2019-08-01 00:00:00,109.936
8513,2019-12-20 00:00:00,2019-08-01 00:00:00,109.938
8514,2020-07-31 00:00:00,2019-08-01 00:00:00,110.115
8515,2021-07-30 00:00:00,2019-08-01 00:00:00,110.133
8516,2022-09-30 00:00:00,2019-08-01 00:00:00,110.132
8517,2023-09-29 00:00:00,2019-08-01 00:00:00,103.661
8518,2024-09-27 00:00:00,2019-08-01 00:00:00,103.67
8519,2019-10-31 00:00:00,2019-09-01 00:00:00,109.943
8520,2019-11-27 00:00:00,2019-09-01 00:00:00,109.928
8521,2019-12-20 00:00:00,2019-09-01 00:00:00,109.935
8522,2020-07-31 00:00:00,2019-09-01 00:00:00,110.167
8523,2021-07-30 00:00:00,2019-09-01 00:00:00,110.215
8524,2022-09-30 00:00:00,2019-09-01 00:00:00,110.207
8525,2023-09-29 00:00:00,2019-09-01 00:00:00,103.754
8526,2024-09-27 00:00:00,2019-09-01 00:00:00,103.733
8527,2019-11-27 00:00:00,2019-10-01 00:00:00,110.133
8528,2019-12-20 00:00:00,2019-10-01 00:00:00,110.2
8529,2020-01-31 00:00:00,2019-10-01 00:00:00,110.179
8530,2020-02-28 00:00:00,2019-10-01 00:00:00,110.133
8531,2020-03-27 00:00:00,2019-10-01 00:00:00,110.141
8532,2020-07-31 00:00:00,2019-10-01 00:00:00,110.377
8533,2021-07-30 00:00:00,2019-10-01 00:00:00,110.479
8534,2022-09-30 00:00:00,2019-10-01 00:00:00,110.423
8535,2023-09-29 00:00:00,2019-10-01 00:00:00,103.961
8536,2024-09-27 00:00:00,2019-10-01 00:00:00,103.917
8537,2019-12-20 00:00:00,2019-11-01 00:00:00,110.373
8538,2020-01-31 00:00:00,2019-11-01 00:00:00,110.294
8539,2020-02-28 00:00:00,2019-11-01 00:00:00,110.225
8540,2020-03-27 00:00:00,2019-11-01 00:00:00,110.232
8541,2020-07-31 00:00:00,2019-11-01 00:00:00,110.461
8542,2021-07-30 00:00:00,2019-11-01 00:00:00,110.568
8543,2022-09-30 00:00:00,2019-11-01 00:00:00,110.469
8544,2023-09-29 00:00:00,2019-11-01 00:00:00,103.997
8545,2024-09-27 00:00:00,2019-11-01 00:00:00,104.024
8546,2020-01-31 00:00:00,2019-12-01 00:00:00,110.585
8547,2020-02-28 00:00:00,2019-12-01 00:00:00,110.501
8548,2020-03-27 00:00:00,2019-12-01 00:00:00,110.53
8549,2020-07-31 00:00:00,2019-12-01 00:00:00,110.75
8550,2021-07-30 00:00:00,2019-12-01 00:00:00,110.789
8551,2022-09-30 00:00:00,2019-12-01 00:00:00,110.736
8552,2023-09-29 00:00:00,2019-12-01 00:00:00,104.282
8553,2024-09-27 00:00:00,2019-12-01 00:00:00,104.307
8554,2020-02-28 00:00:00,2020-01-01 00:00:00,110.615
8555,2020-03-27 00:00:00,2020-01-01 00:00:00,110.685
8556,2020-04-30 00:00:00,2020-01-01 00:00:00,110.705
8557,2020-05-29 00:00:00,2020-01-01 00:00:00,110.678
8558,2020-06-26 00:00:00,2020-01-01 00:00:00,110.683
8559,2020-07-31 00:00:00,2020-01-01 00:00:00,110.917
8560,2021-07-30 00:00:00,2020-01-01 00:00:00,111.002
8561,2022-09-30 00:00:00,2020-01-01 00:00:00,110.944
8562,2023-09-29 00:00:00,2020-01-01 00:00:00,104.458
8563,2024-09-27 00:00:00,2020-01-01 00:00:00,104.419
8564,2025-09-26 00:00:00,2020-01-01 00:00:00,104.49
8565,2020-03-27 00:00:00,2020-02-01 00:00:00,110.784
8566,2020-04-30 00:00:00,2020-02-01 00:00:00,110.8
8567,2020-05-29 00:00:00,2020-02-01 00:00:00,110.763
8568,2020-06-26 00:00:00,2020-02-01 00:00:00,110.786
8569,2020-07-31 00:00:00,2020-02-01 00:00:00,111.014
8570,2021-07-30 00:00:00,2020-02-01 00:00:00,111.071
8571,2022-09-30 00:00:00,2020-02-01 00:00:00,111.07
8572,2023-09-29 00:00:00,2020-02-01 00:00:00,104.551
8573,2024-09-27 00:00:00,2020-02-01 00:00:00,104.541
8574,2025-09-26 00:00:00,2020-02-01 00:00:00,104.573
8575,2020-04-30 00:00:00,2020-03-01 00:00:00,110.503
8576,2020-05-29 00:00:00,2020-03-01 00:00:00,110.51
8577,2020-06-26 00:00:00,2020-03-01 00:00:00,110.513
8578,2020-07-31 00:00:00,2020-03-01 00:00:00,110.717
8579,2021-07-30 00:00:00,2020-03-01 00:00:00,110.802
8580,2022-09-30 00:00:00,2020-03-01 00:00:00,110.824
8581,2023-09-29 00:00:00,2020-03-01 00:00:00,104.238
8582,2024-09-27 00:00:00,2020-03-01 00:00:00,104.252
8583,2025-09-26 00:00:00,2020-03-01 00:00:00,104.271
8584,2020-05-29 00:00:00,2020-04-01 00:00:00,109.99
8585,2020-06-26 00:00:00,2020-04-01 00:00:00,110.006
8586,2020-07-31 00:00:00,2020-04-01 00:00:00,110.132
8587,2020-08-28 00:00:00,2020-04-01 00:00:00,110.111
8588,2020-10-01 00:00:00,2020-04-01 00:00:00,110.131
8589,2021-07-30 00:00:00,2020-04-01 00:00:00,110.213
8590,2022-09-30 00:00:00,2020-04-01 00:00:00,110.237
8591,2023-09-29 00:00:00,2020-04-01 00:00:00,103.796
8592,2024-09-27 00:00:00,2020-04-01 00:00:00,103.817
8593,2025-09-26 00:00:00,2020-04-01 00:00:00,103.838
8594,2020-06-26 00:00:00,2020-05-01 00:00:00,110.112
8595,2020-07-31 00:00:00,2020-05-01 00:00:00,110.264
8596,2020-08-28 00:00:00,2020-05-01 00:00:00,110.258
8597,2020-10-01 00:00:00,2020-05-01 00:00:00,110.314
8598,2021-07-30 00:00:00,2020-05-01 00:00:00,110.385
8599,2022-09-30 00:00:00,2020-05-01 00:00:00,110.353
8600,2023-09-29 00:00:00,2020-05-01 00:00:00,103.89
8601,2024-09-27 00:00:00,2020-05-01 00:00:00,103.914
8602,2025-09-26 00:00:00,2020-05-01 00:00:00,103.942
8603,2020-07-31 00:00:00,2020-06-01 00:00:00,110.673
8604,2020-08-28 00:00:00,2020-06-01 00:00:00,110.791
8605,2020-10-01 00:00:00,2020-06-01 00:00:00,110.859
8606,2021-07-30 00:00:00,2020-06-01 00:00:00,110.918
8607,2022-09-30 00:00:00,2020-06-01 00:00:00,110.746
8608,2023-09-29 00:00:00,2020-06-01 00:00:00,104.199
8609,2024-09-27 00:00:00,2020-06-01 00:00:00,104.233
8610,2025-09-26 00:00:00,2020-06-01 00:00:00,104.27
8611,2020-08-28 00:00:00,2020-07-01 00:00:00,111.146
8612,2020-10-01 00:00:00,2020-07-01 00:00:00,111.287
8613,2020-10-30 00:00:00,2020-07-01 00:00:00,111.148
8614,2020-11-25 00:00:00,2020-07-01 00:00:00,111.16
8615,2020-12-23 00:00:00,2020-07-01 00:00:00,111.152
8616,2021-07-30 00:00:00,2020-07-01 00:00:00,111.221
8617,2022-09-30 00:00:00,2020-07-01 00:00:00,111.072
8618,2023-09-29 00:00:00,2020-07-01 00:00:00,104.541
8619,2024-09-27 00:00:00,2020-07-01 00:00:00,104.564
8620,2025-09-26 00:00:00,2020-07-01 00:00:00,104.578
8621,2020-10-01 00:00:00,2020-08-01 00:00:00,111.639
8622,2020-10-30 00:00:00,2020-08-01 00:00:00,111.499
8623,2020-11-25 00:00:00,2020-08-01 00:00:00,111.506
8624,2020-12-23 00:00:00,2020-08-01 00:00:00,111.482
8625,2021-07-30 00:00:00,2020-08-01 00:00:00,111.563
8626,2022-09-30 00:00:00,2020-08-01 00:00:00,111.411
8627,2023-09-29 00:00:00,2020-08-01 00:00:00,104.869
8628,2024-09-27 00:00:00,2020-08-01 00:00:00,104.887
8629,2025-09-26 00:00:00,2020-08-01 00:00:00,104.87
8630,2020-10-30 00:00:00,2020-09-01 00:00:00,111.679
8631,2020-11-25 00:00:00,2020-09-01 00:00:00,111.684
8632,2020-12-23 00:00:00,2020-09-01 00:00:00,111.658
8633,2021-07-30 00:00:00,2020-09-01 00:00:00,111.736
8634,2022-09-30 00:00:00,2020-09-01 00:00:00,111.613
8635,2023-09-29 00:00:00,2020-09-01 00:00:00,105.048
8636,2024-09-27 00:00:00,2020-09-01 00:00:00,105.046
8637,2025-09-26 00:00:00,2020-09-01 00:00:00,105.057
8638,2020-11-25 00:00:00,2020-10-01 00:00:00,111.684
8639,2020-12-23 00:00:00,2020-10-01 00:00:00,111.688
8640,2021-01-29 00:00:00,2020-10-01 00:00:00,111.689
8641,2021-02-26 00:00:00,2020-10-01 00:00:00,111.716
8642,2021-03-26 00:00:00,2020-10-01 00:00:00,111.697
8643,2021-07-30 00:00:00,2020-10-01 00:00:00,111.775
8644,2022-09-30 00:00:00,2020-10-01 00:00:00,111.648
8645,2023-09-29 00:00:00,2020-10-01 00:00:00,105.124
8646,2024-09-27 00:00:00,2020-10-01 00:00:00,105.106
8647,2025-09-26 00:00:00,2020-10-01 00:00:00,105.151
8648,2020-12-23 00:00:00,2020-11-01 00:00:00,111.704
8649,2021-01-29 00:00:00,2020-11-01 00:00:00,111.694
8650,2021-02-26 00:00:00,2020-11-01 00:00:00,111.734
8651,2021-03-26 00:00:00,2020-11-01 00:00:00,111.7
8652,2021-07-30 00:00:00,2020-11-01 00:00:00,111.79
8653,2022-09-30 00:00:00,2020-11-01 00:00:00,111.666
8654,2023-09-29 00:00:00,2020-11-01 00:00:00,105.197
8655,2024-09-27 00:00:00,2020-11-01 00:00:00,105.225
8656,2025-09-26 00:00:00,2020-11-01 00:00:00,105.258
8657,2021-01-29 00:00:00,2020-12-01 00:00:00,112.169
8658,2021-02-26 00:00:00,2020-12-01 00:00:00,112.149
8659,2021-03-26 00:00:00,2020-12-01 00:00:00,112.109
8660,2021-07-30 00:00:00,2020-12-01 00:00:00,112.22
8661,2022-09-30 00:00:00,2020-12-01 00:00:00,112.15
8662,2023-09-29 00:00:00,2020-12-01 00:00:00,105.707
8663,2024-09-27 00:00:00,2020-12-01 00:00:00,105.69
8664,2025-09-26 00:00:00,2020-12-01 00:00:00,105.699
8665,2021-02-26 00:00:00,2021-01-01 00:00:00,112.53
8666,2021-03-26 00:00:00,2021-01-01 00:00:00,112.481
8667,2021-04-30 00:00:00,2021-01-01 00:00:00,112.437
8668,2021-05-28 00:00:00,2021-01-01 00:00:00,112.448
8669,2021-06-25 00:00:00,2021-01-01 00:00:00,112.433
8670,2021-07-30 00:00:00,2021-01-01 00:00:00,112.57
8671,2022-09-30 00:00:00,2021-01-01 00:00:00,112.583
8672,2023-09-29 00:00:00,2021-01-01 00:00:00,106.145
8673,2024-09-27 00:00:00,2021-01-01 00:00:00,106.083
8674,2025-09-26 00:00:00,2021-01-01 00:00:00,106.147
8675,2021-03-26 00:00:00,2021-02-01 00:00:00,112.74
8676,2021-04-30 00:00:00,2021-02-01 00:00:00,112.704
8677,2021-05-28 00:00:00,2021-02-01 00:00:00,112.757
8678,2021-07-30 00:00:00,2021-02-01 00:00:00,112.878
8679,2022-09-30 00:00:00,2021-02-01 00:00:00,112.961
8680,2023-09-29 00:00:00,2021-02-01 00:00:00,106.522
8681,2024-09-27 00:00:00,2021-02-01 00:00:00,106.471
8682,2025-09-26 00:00:00,2021-02-01 00:00:00,106.5
8683,2021-04-30 00:00:00,2021-03-01 00:00:00,113.285
8684,2021-05-28 00:00:00,2021-03-01 00:00:00,113.387
8685,2021-06-25 00:00:00,2021-03-01 00:00:00,113.393
8686,2021-07-30 00:00:00,2021-03-01 00:00:00,113.518
8687,2022-09-30 00:00:00,2021-03-01 00:00:00,113.632
8688,2023-09-29 00:00:00,2021-03-01 00:00:00,107.066
8689,2024-09-27 00:00:00,2021-03-01 00:00:00,107.032
8690,2025-09-26 00:00:00,2021-03-01 00:00:00,107.054
8691,2021-05-28 00:00:00,2021-04-01 00:00:00,114.075
8692,2021-06-25 00:00:00,2021-04-01 00:00:00,114.119
8693,2021-07-30 00:00:00,2021-04-01 00:00:00,114.18
8694,2021-08-27 00:00:00,2021-04-01 00:00:00,114.166
8695,2021-10-01 00:00:00,2021-04-01 00:00:00,114.161
8696,2022-09-30 00:00:00,2021-04-01 00:00:00,114.238
8697,2023-09-29 00:00:00,2021-04-01 00:00:00,107.662
8698,2024-09-27 00:00:00,2021-04-01 00:00:00,107.632
8699,2025-09-26 00:00:00,2021-04-01 00:00:00,107.618
8700,2021-06-25 00:00:00,2021-05-01 00:00:00,114.631
8701,2021-07-30 00:00:00,2021-05-01 00:00:00,114.753
8702,2021-08-27 00:00:00,2021-05-01 00:00:00,114.774
8703,2021-10-01 00:00:00,2021-05-01 00:00:00,114.767
8704,2022-09-30 00:00:00,2021-05-01 00:00:00,114.819
8705,2023-09-29 00:00:00,2021-05-01 00:00:00,108.207
8706,2024-09-27 00:00:00,2021-05-01 00:00:00,108.184
8707,2025-09-26 00:00:00,2021-05-01 00:00:00,108.175
8708,2021-07-30 00:00:00,2021-06-01 00:00:00,115.342
8709,2021-08-27 00:00:00,2021-06-01 00:00:00,115.385
8710,2021-10-01 00:00:00,2021-06-01 00:00:00,115.388
8711,2022-09-30 00:00:00,2021-06-01 00:00:00,115.458
8712,2023-09-29 00:00:00,2021-06-01 00:00:00,108.755
8713,2024-09-27 00:00:00,2021-06-01 00:00:00,108.748
8714,2025-09-26 00:00:00,2021-06-01 00:00:00,108.76
8715,2021-08-27 00:00:00,2021-07-01 00:00:00,115.86
8716,2021-10-01 00:00:00,2021-07-01 00:00:00,115.849
8717,2021-10-29 00:00:00,2021-07-01 00:00:00,115.865
8718,2021-11-24 00:00:00,2021-07-01 00:00:00,115.827
8719,2021-12-23 00:00:00,2021-07-01 00:00:00,115.847
8720,2022-09-30 00:00:00,2021-07-01 00:00:00,115.986
8721,2023-09-29 00:00:00,2021-07-01 00:00:00,109.28
8722,2024-09-27 00:00:00,2021-07-01 00:00:00,109.275
8723,2025-09-26 00:00:00,2021-07-01 00:00:00,109.256
8724,2021-10-01 00:00:00,2021-08-01 00:00:00,116.314
8725,2021-10-29 00:00:00,2021-08-01 00:00:00,116.259
8726,2021-11-24 00:00:00,2021-08-01 00:00:00,116.269
8727,2021-12-23 00:00:00,2021-08-01 00:00:00,116.29
8728,2022-09-30 00:00:00,2021-08-01 00:00:00,116.444
8729,2023-09-29 00:00:00,2021-08-01 00:00:00,109.74
8730,2024-09-27 00:00:00,2021-08-01 00:00:00,109.72
8731,2025-09-26 00:00:00,2021-08-01 00:00:00,109.674
8732,2021-10-29 00:00:00,2021-09-01 00:00:00,116.631
8733,2021-11-24 00:00:00,2021-09-01 00:00:00,116.679
8734,2021-12-23 00:00:00,2021-09-01 00:00:00,116.693
8735,2022-09-30 00:00:00,2021-09-01 00:00:00,116.808
8736,2023-09-29 00:00:00,2021-09-01 00:00:00,110.096
8737,2024-09-27 00:00:00,2021-09-01 00:00:00,110.047
8738,2025-09-26 00:00:00,2021-09-01 00:00:00,110.034
8739,2021-11-24 00:00:00,2021-10-01 00:00:00,117.416
8740,2021-12-23 00:00:00,2021-10-01 00:00:00,117.485
8741,2022-01-28 00:00:00,2021-10-01 00:00:00,117.45
8742,2022-02-25 00:00:00,2021-10-01 00:00:00,117.423
8743,2022-03-31 00:00:00,2021-10-01 00:00:00,117.429
8744,2022-09-30 00:00:00,2021-10-01 00:00:00,117.479
8745,2023-09-29 00:00:00,2021-10-01 00:00:00,110.808
8746,2024-09-27 00:00:00,2021-10-01 00:00:00,110.741
8747,2025-09-26 00:00:00,2021-10-01 00:00:00,110.762
8748,2021-12-23 00:00:00,2021-11-01 00:00:00,118.201
8749,2022-01-28 00:00:00,2021-11-01 00:00:00,118.186
8750,2022-02-25 00:00:00,2021-11-01 00:00:00,118.094
8751,2022-03-31 00:00:00,2021-11-01 00:00:00,118.106
8752,2022-09-30 00:00:00,2021-11-01 00:00:00,118.2
8753,2023-09-29 00:00:00,2021-11-01 00:00:00,111.494
8754,2024-09-27 00:00:00,2021-11-01 00:00:00,111.51
8755,2025-09-26 00:00:00,2021-11-01 00:00:00,111.5
8756,2022-01-28 00:00:00,2021-12-01 00:00:00,118.715
8757,2022-02-25 00:00:00,2021-12-01 00:00:00,118.717
8758,2022-03-31 00:00:00,2021-12-01 00:00:00,118.709
8759,2022-09-30 00:00:00,2021-12-01 00:00:00,118.841
8760,2023-09-29 00:00:00,2021-12-01 00:00:00,112.24
8761,2024-09-27 00:00:00,2021-12-01 00:00:00,112.221
8762,2025-09-26 00:00:00,2021-12-01 00:00:00,112.191
8763,2022-02-25 00:00:00,2022-01-01 00:00:00,119.393
8764,2022-03-31 00:00:00,2022-01-01 00:00:00,119.356
8765,2022-04-29 00:00:00,2022-01-01 00:00:00,119.341
8766,2022-05-27 00:00:00,2022-01-01 00:00:00,119.307
8767,2022-06-30 00:00:00,2022-01-01 00:00:00,119.321
8768,2022-09-30 00:00:00,2022-01-01 00:00:00,119.469
8769,2023-09-29 00:00:00,2022-01-01 00:00:00,112.829
8770,2024-09-27 00:00:00,2022-01-01 00:00:00,112.776
8771,2025-09-26 00:00:00,2022-01-01 00:00:00,112.805
8772,2022-03-31 00:00:00,2022-02-01 00:00:00,120.047
8773,2022-04-29 00:00:00,2022-02-01 00:00:00,119.961
8774,2022-05-27 00:00:00,2022-02-01 00:00:00,119.945
8775,2022-06-30 00:00:00,2022-02-01 00:00:00,119.96
8776,2022-09-30 00:00:00,2022-02-01 00:00:00,120.178
8777,2023-09-29 00:00:00,2022-02-01 00:00:00,113.496
8778,2024-09-27 00:00:00,2022-02-01 00:00:00,113.489
8779,2025-09-26 00:00:00,2022-02-01 00:00:00,113.471
8780,2022-04-29 00:00:00,2022-03-01 00:00:00,121.0
8781,2022-05-27 00:00:00,2022-03-01 00:00:00,121.024
8782,2022-06-30 00:00:00,2022-03-01 00:00:00,121.054
8783,2022-09-30 00:00:00,2022-03-01 00:00:00,121.321
8784,2023-09-29 00:00:00,2022-03-01 00:00:00,114.446
8785,2024-09-27 00:00:00,2022-03-01 00:00:00,114.489
8786,2025-09-26 00:00:00,2022-03-01 00:00:00,114.469
8787,2022-05-27 00:00:00,2022-04-01 00:00:00,121.323
8788,2022-06-30 00:00:00,2022-04-01 00:00:00,121.339
8789,2022-07-29 00:00:00,2022-04-01 00:00:00,121.318
8790,2022-08-26 00:00:00,2022-04-01 00:00:00,121.316
8791,2022-09-30 00:00:00,2022-04-01 00:00:00,121.563
8792,2023-09-29 00:00:00,2022-04-01 00:00:00,114.789
8793,2024-09-27 00:00:00,2022-04-01 00:00:00,114.845
8794,2025-09-26 00:00:00,2022-04-01 00:00:00,114.812
8795,2022-06-30 00:00:00,2022-05-01 00:00:00,122.052
8796,2022-07-29 00:00:00,2022-05-01 00:00:00,122.026
8797,2022-08-26 00:00:00,2022-05-01 00:00:00,122.03
8798,2022-09-30 00:00:00,2022-05-01 00:00:00,122.3
8799,2023-09-29 00:00:00,2022-05-01 00:00:00,115.446
8800,2024-09-27 00:00:00,2022-05-01 00:00:00,115.542
8801,2025-09-26 00:00:00,2022-05-01 00:00:00,115.525
8802,2022-07-29 00:00:00,2022-06-01 00:00:00,123.187
8803,2022-08-26 00:00:00,2022-06-01 00:00:00,123.203
8804,2022-09-30 00:00:00,2022-06-01 00:00:00,123.512
8805,2023-09-29 00:00:00,2022-06-01 00:00:00,116.495
8806,2024-09-27 00:00:00,2022-06-01 00:00:00,116.631
8807,2025-09-26 00:00:00,2022-06-01 00:00:00,116.638
8808,2022-08-26 00:00:00,2022-07-01 00:00:00,123.121
8809,2022-09-30 00:00:00,2022-07-01 00:00:00,123.369
8810,2022-10-28 00:00:00,2022-07-01 00:00:00,123.366
8811,2022-12-01 00:00:00,2022-07-01 00:00:00,123.385
8812,2022-12-23 00:00:00,2022-07-01 00:00:00,123.397
8813,2023-09-29 00:00:00,2022-07-01 00:00:00,116.511
8814,2024-09-27 00:00:00,2022-07-01 00:00:00,116.662
8815,2025-09-26 00:00:00,2022-07-01 00:00:00,116.631
8816,2022-09-30 00:00:00,2022-08-01 00:00:00,123.721
8817,2022-10-28 00:00:00,2022-08-01 00:00:00,123.69
8818,2022-12-01 00:00:00,2022-08-01 00:00:00,123.71
8819,2022-12-23 00:00:00,2022-08-01 00:00:00,123.728
8820,2023-09-29 00:00:00,2022-08-01 00:00:00,116.89
8821,2024-09-27 00:00:00,2022-08-01 00:00:00,117.002
8822,2025-09-26 00:00:00,2022-08-01 00:00:00,116.956
8823,2022-10-28 00:00:00,2022-09-01 00:00:00,124.102
8824,2022-12-01 00:00:00,2022-09-01 00:00:00,124.134
8825,2022-12-23 00:00:00,2022-09-01 00:00:00,124.154
8826,2023-09-29 00:00:00,2022-09-01 00:00:00,117.314
8827,2024-09-27 00:00:00,2022-09-01 00:00:00,117.377
8828,2025-09-26 00:00:00,2022-09-01 00:00:00,117.371
8829,2022-12-01 00:00:00,2022-10-01 00:00:00,124.55
8830,2022-12-23 00:00:00,2022-10-01 00:00:00,124.617
8831,2023-01-27 00:00:00,2022-10-01 00:00:00,124.623
8832,2023-02-24 00:00:00,2022-10-01 00:00:00,124.666
8833,2023-03-31 00:00:00,2022-10-01 00:00:00,124.676
8834,2023-09-29 00:00:00,2022-10-01 00:00:00,117.842
8835,2024-09-27 00:00:00,2022-10-01 00:00:00,117.891
8836,2025-09-26 00:00:00,2022-10-01 00:00:00,117.919
8837,2022-12-23 00:00:00,2022-11-01 00:00:00,124.747
8838,2023-01-27 00:00:00,2022-11-01 00:00:00,124.744
8839,2023-02-24 00:00:00,2022-11-01 00:00:00,124.873
8840,2023-03-31 00:00:00,2022-11-01 00:00:00,124.889
8841,2023-09-29 00:00:00,2022-11-01 00:00:00,118.104
8842,2024-09-27 00:00:00,2022-11-01 00:00:00,118.221
8843,2025-09-26 00:00:00,2022-11-01 00:00:00,118.224
8844,2023-01-27 00:00:00,2022-12-01 00:00:00,124.809
8845,2023-02-24 00:00:00,2022-12-01 00:00:00,125.124
8846,2023-03-31 00:00:00,2022-12-01 00:00:00,125.141
8847,2023-09-29 00:00:00,2022-12-01 00:00:00,118.348
8848,2024-09-27 00:00:00,2022-12-01 00:00:00,118.403
8849,2025-09-26 00:00:00,2022-12-01 00:00:00,118.384
8850,2023-02-24 00:00:00,2023-01-01 00:00:00,125.899
8851,2023-03-31 00:00:00,2023-01-01 00:00:00,125.858
8852,2023-04-28 00:00:00,2023-01-01 00:00:00,125.898
8853,2023-05-26 00:00:00,2023-01-01 00:00:00,125.887
8854,2023-06-30 00:00:00,2023-01-01 00:00:00,125.874
8855,2023-09-29 00:00:00,2023-01-01 00:00:00,119.011
8856,2024-09-27 00:00:00,2023-01-01 00:00:00,119.007
8857,2025-09-26 00:00:00,2023-01-01 00:00:00,119.018
8858,2023-03-31 00:00:00,2023-02-01 00:00:00,126.189
8859,2023-04-28 00:00:00,2023-02-01 00:00:00,126.277
8860,2023-05-26 00:00:00,2023-02-01 00:00:00,126.273
8861,2023-06-30 00:00:00,2023-02-01 00:00:00,126.24
8862,2023-09-29 00:00:00,2023-02-01 00:00:00,119.386
8863,2024-09-27 00:00:00,2023-02-01 00:00:00,119.401
8864,2025-09-26 00:00:00,2023-02-01 00:00:00,119.369
8865,2023-04-28 00:00:00,2023-03-01 00:00:00,126.373
8866,2023-05-26 00:00:00,2023-03-01 00:00:00,126.402
8867,2023-06-30 00:00:00,2023-03-01 00:00:00,126.385
8868,2023-09-29 00:00:00,2023-03-01 00:00:00,119.53
8869,2024-09-27 00:00:00,2023-03-01 00:00:00,119.553
8870,2025-09-26 00:00:00,2023-03-01 00:00:00,119.538
8871,2023-05-26 00:00:00,2023-04-01 00:00:00,126.862
8872,2023-06-30 00:00:00,2023-04-01 00:00:00,126.844
8873,2023-07-28 00:00:00,2023-04-01 00:00:00,126.814
8874,2023-08-31 00:00:00,2023-04-01 00:00:00,126.772
8875,2023-09-29 00:00:00,2023-04-01 00:00:00,119.893
8876,2024-09-27 00:00:00,2023-04-01 00:00:00,119.97
8877,2025-09-26 00:00:00,2023-04-01 00:00:00,119.951
8878,2023-06-30 00:00:00,2023-05-01 00:00:00,127.007
8879,2023-07-28 00:00:00,2023-05-01 00:00:00,126.973
8880,2023-08-31 00:00:00,2023-05-01 00:00:00,126.914
8881,2023-09-29 00:00:00,2023-05-01 00:00:00,120.02
8882,2024-09-27 00:00:00,2023-05-01 00:00:00,120.14
8883,2025-09-26 00:00:00,2023-05-01 00:00:00,120.15
8884,2023-07-28 00:00:00,2023-06-01 00:00:00,127.178
8885,2023-08-31 00:00:00,2023-06-01 00:00:00,127.174
8886,2023-09-29 00:00:00,2023-06-01 00:00:00,120.221
8887,2024-09-27 00:00:00,2023-06-01 00:00:00,120.435
8888,2025-09-26 00:00:00,2023-06-01 00:00:00,120.469
8889,2023-08-31 00:00:00,2023-07-01 00:00:00,127.445
8890,2023-09-29 00:00:00,2023-07-01 00:00:00,120.478
8891,2023-10-27 00:00:00,2023-07-01 00:00:00,120.471
8892,2023-11-30 00:00:00,2023-07-01 00:00:00,120.438
8893,2023-12-22 00:00:00,2023-07-01 00:00:00,120.373
8894,2024-09-27 00:00:00,2023-07-01 00:00:00,120.598
8895,2025-09-26 00:00:00,2023-07-01 00:00:00,120.607
8896,2023-09-29 00:00:00,2023-08-01 00:00:00,120.953
8897,2023-10-27 00:00:00,2023-08-01 00:00:00,120.917
8898,2023-11-30 00:00:00,2023-08-01 00:00:00,120.877
8899,2023-12-22 00:00:00,2023-08-01 00:00:00,120.803
8900,2024-09-27 00:00:00,2023-08-01 00:00:00,120.965
8901,2025-09-26 00:00:00,2023-08-01 00:00:00,120.97
8902,2023-10-27 00:00:00,2023-09-01 00:00:00,121.348
8903,2023-11-30 00:00:00,2023-09-01 00:00:00,121.325
8904,2023-12-22 00:00:00,2023-09-01 00:00:00,121.267
8905,2024-09-27 00:00:00,2023-09-01 00:00:00,121.387
8906,2025-09-26 00:00:00,2023-09-01 00:00:00,121.419
8907,2023-11-30 00:00:00,2023-10-01 00:00:00,121.385
8908,2023-12-22 00:00:00,2023-10-01 00:00:00,121.309
8909,2024-01-26 00:00:00,2023-10-01 00:00:00,121.299
8910,2024-02-29 00:00:00,2023-10-01 00:00:00,121.319
8911,2024-03-29 00:00:00,2023-10-01 00:00:00,121.309
8912,2024-09-27 00:00:00,2023-10-01 00:00:00,121.421
8913,2025-09-26 00:00:00,2023-10-01 00:00:00,121.484
8914,2023-12-22 00:00:00,2023-11-01 00:00:00,121.222
8915,2024-01-26 00:00:00,2023-11-01 00:00:00,121.218
8916,2024-02-29 00:00:00,2023-11-01 00:00:00,121.307
8917,2024-03-29 00:00:00,2023-11-01 00:00:00,121.296
8918,2024-09-27 00:00:00,2023-11-01 00:00:00,121.415
8919,2025-09-26 00:00:00,2023-11-01 00:00:00,121.493
8920,2024-01-26 00:00:00,2023-12-01 00:00:00,121.421
8921,2024-02-29 00:00:00,2023-12-01 00:00:00,121.451
8922,2024-03-29 00:00:00,2023-12-01 00:00:00,121.448
8923,2024-09-27 00:00:00,2023-12-01 00:00:00,121.602
8924,2025-09-26 00:00:00,2023-12-01 00:00:00,121.66
8925,2024-02-29 00:00:00,2024-01-01 00:00:00,121.87
8926,2024-03-29 00:00:00,2024-01-01 00:00:00,121.906
8927,2024-04-26 00:00:00,2024-01-01 00:00:00,121.962
8928,2024-05-31 00:00:00,2024-01-01 00:00:00,121.934
8929,2024-06-28 00:00:00,2024-01-01 00:00:00,121.966
8930,2024-09-27 00:00:00,2024-01-01 00:00:00,122.115
8931,2025-09-26 00:00:00,2024-01-01 00:00:00,122.23
8932,2024-03-29 00:00:00,2024-02-01 00:00:00,122.312
8933,2024-04-26 00:00:00,2024-02-01 00:00:00,122.374
8934,2024-05-31 00:00:00,2024-02-01 00:00:00,122.347
8935,2024-06-28 00:00:00,2024-02-01 00:00:00,122.367
8936,2024-09-27 00:00:00,2024-02-01 00:00:00,122.494
8937,2025-09-26 00:00:00,2024-02-01 00:00:00,122.598
8938,2024-04-26 00:00:00,2024-03-01 00:00:00,122.769
8939,2024-05-31 00:00:00,2024-03-01 00:00:00,122.761
8940,2024-06-28 00:00:00,2024-03-01 00:00:00,122.782
8941,2024-09-27 00:00:00,2024-03-01 00:00:00,122.912
8942,2025-09-26 00:00:00,2024-03-01 00:00:00,123.038
8943,2024-05-31 00:00:00,2024-04-01 00:00:00,123.076
8944,2024-06-28 00:00:00,2024-04-01 00:00:00,123.106
8945,2024-07-26 00:00:00,2024-04-01 00:00:00,123.109
8946,2024-08-30 00:00:00,2024-04-01 00:00:00,123.103
8947,2024-09-27 00:00:00,2024-04-01 00:00:00,123.234
8948,2025-09-26 00:00:00,2024-04-01 00:00:00,123.341
8949,2024-06-28 00:00:00,2024-05-01 00:00:00,123.096
8950,2024-07-26 00:00:00,2024-05-01 00:00:00,123.146
8951,2024-08-30 00:00:00,2024-05-01 00:00:00,123.112
8952,2024-09-27 00:00:00,2024-05-01 00:00:00,123.224
8953,2025-09-26 00:00:00,2024-05-01 00:00:00,123.348
8954,2024-07-26 00:00:00,2024-06-01 00:00:00,123.243
8955,2024-08-30 00:00:00,2024-06-01 00:00:00,123.187
8956,2024-09-27 00:00:00,2024-06-01 00:00:00,123.369
8957,2025-09-26 00:00:00,2024-06-01 00:00:00,123.539
8958,2024-08-30 00:00:00,2024-07-01 00:00:00,123.378
8959,2024-09-27 00:00:00,2024-07-01 00:00:00,123.558
8960,2024-10-31 00:00:00,2024-07-01 00:00:00,123.571
8961,2024-11-27 00:00:00,2024-07-01 00:00:00,123.564
8962,2024-12-20 00:00:00,2024-07-01 00:00:00,123.575
8963,2025-09-26 00:00:00,2024-07-01 00:00:00,123.736
8964,2024-09-27 00:00:00,2024-08-01 00:00:00,123.67
8965,2024-10-31 00:00:00,2024-08-01 00:00:00,123.713
8966,2024-11-27 00:00:00,2024-08-01 00:00:00,123.708
8967,2024-12-20 00:00:00,2024-08-01 00:00:00,123.727
8968,2025-09-26 00:00:00,2024-08-01 00:00:00,123.889
8969,2024-10-31 00:00:00,2024-09-01 00:00:00,123.93
8970,2024-11-27 00:00:00,2024-09-01 00:00:00,123.931
8971,2024-12-20 00:00:00,2024-09-01 00:00:00,123.939
8972,2025-09-26 00:00:00,2024-09-01 00:00:00,124.164
8973,2024-11-27 00:00:00,2024-10-01 00:00:00,124.226
8974,2024-12-20 00:00:00,2024-10-01 00:00:00,124.223
8975,2025-01-31 00:00:00,2024-10-01 00:00:00,124.235
8976,2025-02-28 00:00:00,2024-10-01 00:00:00,124.271
8977,2025-03-28 00:00:00,2024-10-01 00:00:00,124.265
8978,2025-09-26 00:00:00,2024-10-01 00:00:00,124.494
8979,2024-12-20 00:00:00,2024-11-01 00:00:00,124.382
8980,2025-01-31 00:00:00,2024-11-01 00:00:00,124.387
8981,2025-02-28 00:00:00,2024-11-01 00:00:00,124.406
8982,2025-03-28 00:00:00,2024-11-01 00:00:00,124.399
8983,2025-09-26 00:00:00,2024-11-01 00:00:00,124.637
8984,2025-01-31 00:00:00,2024-12-01 00:00:00,124.705
8985,2025-02-28 00:00:00,2024-12-01 00:00:00,124.769
8986,2025-09-26 00:00:00,2024-12-01 00:00:00,124.979
8987,2025-02-28 00:00:00,2025-01-01 00:00:00,125.175
8988,2025-03-28 00:00:00,2025-01-01 00:00:00,125.189
8989,2025-04-30 00:00:00,2025-01-01 00:00:00,125.231
8990,2025-05-30 00:00:00,2025-01-01 00:00:00,125.218
8991,2025-06-27 00:00:00,2025-01-01 00:00:00,125.239
8992,2025-09-26 00:00:00,2025-01-01 00:00:00,125.417
8993,2025-03-28 00:00:00,2025-02-01 00:00:00,125.6
8994,2025-04-30 00:00:00,2025-02-01 00:00:00,125.788
8995,2025-05-30 00:00:00,2025-02-01 00:00:00,125.739
8996,2025-06-27 00:00:00,2025-02-01 00:00:00,125.772
8997,2025-09-26 00:00:00,2025-02-01 00:00:00,125.921
8998,2025-04-30 00:00:00,2025-03-01 00:00:00,125.732
8999,2025-05-30 00:00:00,2025-03-01 00:00:00,125.754
9000,2025-06-27 00:00:00,2025-03-01 00:00:00,125.791
9001,2025-09-26 00:00:00,2025-03-01 00:00:00,125.941
9002,2025-05-30 00:00:00,2025-04-01 00:00:00,125.88
9003,2025-06-27 00:00:00,2025-04-01 00:00:00,125.939
9004,2025-07-31 00:00:00,2025-04-01 00:00:00,125.99
9005,2025-08-29 00:00:00,2025-04-01 00:00:00,125.977
9006,2025-09-26 00:00:00,2025-04-01 00:00:00,126.15
9007,2025-06-27 00:00:00,2025-05-01 00:00:00,126.11
9008,2025-07-31 00:00:00,2025-05-01 00:00:00,126.201
9009,2025-08-29 00:00:00,2025-05-01 00:00:00,126.172
9010,2025-09-26 00:00:00,2025-05-01 00:00:00,126.38
9011,2025-07-31 00:00:00,2025-06-01 00:00:00,126.555
9012,2025-08-29 00:00:00,2025-06-01 00:00:00,126.533
9013,2025-09-26 00:00:00,2025-06-01 00:00:00,126.743
9014,2025-08-29 00:00:00,2025-07-01 00:00:00,126.783
9015,2025-09-26 00:00:00,2025-07-01 00:00:00,126.949
9016,2025-12-05 00:00:00,2025-07-01 00:00:00,126.955
9017,2025-12-23 00:00:00,2025-07-01 00:00:00,126.957
9018,2025-09-26 00:00:00,2025-08-01 00:00:00,127.285
9019,2025-12-05 00:00:00,2025-08-01 00:00:00,127.283
9020,2025-12-23 00:00:00,2025-08-01 00:00:00,127.287
9021,2025-12-05 00:00:00,2025-09-01 00:00:00,127.625
9022,2025-12-23 00:00:00,2025-09-01 00:00:00,127.626
